# Blender 5.0.1
# www.blender.org
mtllib Gap-Yenev.mtl
o Cube
v 1.203910 -0.113266 -0.030312
v 1.203910 0.113266 -0.030312
v 1.578132 -0.113266 -0.120103
v 1.578132 0.113266 -0.120103
v 1.220429 -0.113266 0.038393
v 1.220429 0.113266 0.038393
v 1.596255 -0.113266 -0.044426
v 1.596255 0.113266 -0.044426
v 1.220429 -0.113266 0.038393
v 1.220429 0.113266 0.038393
v 1.596255 -0.113266 -0.044426
v 1.596255 0.113266 -0.044426
v 1.236342 -0.113266 0.103570
v 1.236342 0.113266 0.103570
v 1.614986 -0.113266 0.034778
v 1.614986 0.113266 0.034778
v 1.236342 -0.113266 0.103570
v 1.236342 0.113266 0.103570
v 1.614986 -0.113266 0.034778
v 1.614986 0.113266 0.034778
v 1.252516 -0.113266 0.168700
v 1.252516 0.113266 0.168700
v 1.633456 -0.113266 0.114030
v 1.633456 0.113266 0.114030
v 1.252516 -0.113266 0.168700
v 1.252516 0.113266 0.168700
v 1.633456 -0.113266 0.114030
v 1.633456 0.113266 0.114030
v 1.256258 -0.113122 0.229363
v 1.256258 0.113122 0.229363
v 1.639576 -0.113122 0.201174
v 1.639576 0.113122 0.201174
v 1.256258 -0.113122 0.229363
v 1.256258 0.113122 0.229363
v 1.639576 -0.113122 0.201174
v 1.639576 0.113122 0.201174
v 1.258930 -0.113043 0.289269
v 1.258930 0.112885 0.289269
v 1.642713 -0.112955 0.289635
v 1.642713 0.112955 0.289635
v 1.258930 -0.113043 0.289269
v 1.258930 0.112885 0.289269
v 1.642713 -0.112955 0.289635
v 1.642713 0.112955 0.289635
v 1.259902 -0.113102 0.349062
v 1.259902 0.112028 0.349062
v 1.641191 -0.112539 0.377832
v 1.641191 0.112539 0.377832
v 1.259902 -0.113102 0.349062
v 1.259902 0.112028 0.349062
v 1.641191 -0.112539 0.377832
v 1.641191 0.112539 0.377832
v 1.252057 -0.112800 0.408592
v 1.252057 0.109766 0.408592
v 1.625790 -0.111240 0.464951
v 1.625790 0.111240 0.464951
v 1.252057 -0.112800 0.408592
v 1.252057 0.109766 0.408592
v 1.625790 -0.111240 0.464951
v 1.625790 0.111240 0.464951
v 1.245195 -0.112898 0.468602
v 1.245195 0.107103 0.468602
v 1.609405 -0.109941 0.551590
v 1.609405 0.109941 0.551590
v 1.245195 -0.112898 0.468602
v 1.245195 0.107103 0.468602
v 1.609405 -0.109941 0.551590
v 1.609405 0.109941 0.551590
v 1.232426 -0.112709 0.527436
v 1.232426 0.103120 0.527436
v 1.582639 -0.107840 0.635152
v 1.582639 0.107840 0.635152
v 1.232426 -0.112709 0.527436
v 1.232426 0.103120 0.527436
v 1.582639 -0.107840 0.635152
v 1.582639 0.107840 0.635152
v 1.215457 -0.112455 0.585886
v 1.215457 0.098032 0.585886
v 1.548198 -0.105244 0.715998
v 1.548198 0.105079 0.715998
v 1.215457 -0.112455 0.585886
v 1.215457 0.098032 0.585886
v 1.548198 -0.105244 0.715998
v 1.548198 0.105079 0.715998
v 1.199161 -0.112534 0.645328
v 1.199161 0.092609 0.645328
v 1.513084 -0.103475 0.795853
v 1.513084 0.101519 0.795853
v 1.199161 -0.112534 0.645328
v 1.199161 0.092609 0.645328
v 1.513084 -0.103475 0.795853
v 1.513084 0.101519 0.795853
v 1.173032 -0.112033 0.700915
v 1.173032 0.085222 0.700915
v 1.463245 -0.101662 0.867646
v 1.463245 0.095464 0.867646
v 1.173032 -0.112033 0.700915
v 1.173032 0.085222 0.700915
v 1.463245 -0.101662 0.867646
v 1.463245 0.095464 0.867646
v 1.146512 -0.111812 0.757514
v 1.146512 0.077383 0.757514
v 1.412168 -0.100740 0.937637
v 1.412168 0.088342 0.937637
v 1.146512 -0.111812 0.757514
v 1.146512 0.077383 0.757514
v 1.412168 -0.100740 0.937637
v 1.412168 0.088342 0.937637
v 1.117150 -0.111649 0.813197
v 1.117150 0.068812 0.813197
v 1.357035 -0.100407 1.003320
v 1.357035 0.079958 1.003320
v 1.117150 -0.111649 0.813197
v 1.117150 0.068812 0.813197
v 1.357035 -0.100407 1.003320
v 1.357035 0.079958 1.003320
v 1.080601 -0.111277 0.865010
v 1.080601 0.058861 0.865010
v 1.292781 -0.100419 1.060526
v 1.292781 0.069640 1.060526
v 1.080601 -0.111277 0.865010
v 1.080601 0.058861 0.865010
v 1.292781 -0.100419 1.060526
v 1.292781 0.069640 1.060526
v 1.043755 -0.111153 0.918324
v 1.043755 0.048658 0.918324
v 1.228824 -0.100979 1.116232
v 1.228824 0.058767 1.116232
v 1.043755 -0.111153 0.918324
v 1.043755 0.048658 0.918324
v 1.228824 -0.100979 1.116232
v 1.228824 0.058767 1.116232
v 1.000611 -0.110997 0.966542
v 1.000611 0.037557 0.966542
v 1.158471 -0.101905 1.162742
v 1.158471 0.046599 1.162742
v 1.000611 -0.110997 0.966542
v 1.000611 0.037557 0.966542
v 1.158471 -0.101905 1.162742
v 1.158471 0.046599 1.162742
v 0.953710 -0.110909 1.012796
v 0.953710 0.025902 1.012796
v 1.085237 -0.103100 1.203747
v 1.085237 0.033672 1.203747
v 0.953710 -0.110909 1.012796
v 0.953710 0.025902 1.012796
v 1.085237 -0.103100 1.203747
v 1.085237 0.033672 1.203747
v 0.905834 -0.110915 1.060218
v 0.905834 0.014144 1.060218
v 1.012741 -0.104362 1.243177
v 1.012741 0.020668 1.243177
v 0.905834 -0.110915 1.060218
v 0.905834 0.014144 1.060218
v 1.012741 -0.104362 1.243177
v 1.012741 0.020668 1.243177
v 0.849807 -0.111112 1.096687
v 0.849807 0.001999 1.096687
v 0.933919 -0.106045 1.268853
v 0.933919 0.007044 1.268853
v 0.849807 -0.111112 1.096687
v 0.849807 0.001999 1.096687
v 0.933919 -0.106045 1.268853
v 0.933919 0.007044 1.268853
v 0.792657 -0.111262 1.134295
v 0.792657 -0.010106 1.134295
v 0.856219 -0.107481 1.293391
v 0.856219 -0.006339 1.293391
v 0.792657 -0.111262 1.134295
v 0.792657 -0.010106 1.134295
v 0.856219 -0.107481 1.293391
v 0.856219 -0.006339 1.293391
v 0.732368 -0.111527 1.167338
v 0.732368 -0.021839 1.167338
v 0.778078 -0.108891 1.312162
v 0.778078 -0.019212 1.312162
v 0.732368 -0.111527 1.167338
v 0.732368 -0.021839 1.167338
v 0.778078 -0.108891 1.312162
v 0.778078 -0.019212 1.312162
v 0.667692 -0.111996 1.191959
v 0.667692 -0.032964 1.191959
v 0.698372 -0.110405 1.322184
v 0.698372 -0.031378 1.322184
v 0.667692 -0.111996 1.191959
v 0.667692 -0.032964 1.191959
v 0.698372 -0.110405 1.322184
v 0.698372 -0.031378 1.322184
v 0.601794 -0.112062 1.217247
v 0.601794 -0.043690 1.217247
v 0.619888 -0.111197 1.331540
v 0.619888 -0.042828 1.331540
v 0.601794 -0.112062 1.217247
v 0.601794 -0.043690 1.217247
v 0.619888 -0.111197 1.331540
v 0.619888 -0.042828 1.331540
v 0.533001 -0.112614 1.230604
v 0.533001 -0.052702 1.230604
v 0.541370 -0.112374 1.331631
v 0.541370 -0.052464 1.331631
v 0.533001 -0.112614 1.230604
v 0.533001 -0.052702 1.230604
v 0.541370 -0.112374 1.331631
v 0.541370 -0.052464 1.331631
v 0.462636 -0.112841 1.239837
v 0.462636 -0.060599 1.239837
v 0.463369 -0.113010 1.328208
v 0.463369 -0.060768 1.328208
v 0.462636 -0.112841 1.239837
v 0.462636 -0.060599 1.239837
v 0.463369 -0.113010 1.328208
v 0.463369 -0.060768 1.328208
v 0.391414 -0.112407 1.247570
v 0.391414 -0.067389 1.247570
v 0.386388 -0.112747 1.323538
v 0.386388 -0.067728 1.323538
v 0.391414 -0.112407 1.247570
v 0.391414 -0.067389 1.247570
v 0.386388 -0.112747 1.323538
v 0.386388 -0.067728 1.323538
v 0.320556 -0.112864 1.238699
v 0.320556 -0.070777 1.238699
v 0.310596 -0.113417 1.309162
v 0.310596 -0.071327 1.309162
v 0.320556 -0.112864 1.238699
v 0.320556 -0.070777 1.238699
v 0.310596 -0.113417 1.309162
v 0.310596 -0.071327 1.309162
v 0.249306 -0.112142 1.229971
v 0.249306 -0.072990 1.229971
v 0.235197 -0.112697 1.294644
v 0.235197 -0.073538 1.294644
v 0.249306 -0.112142 1.229971
v 0.249306 -0.072990 1.229971
v 0.235197 -0.112697 1.294644
v 0.235197 -0.073538 1.294644
v 0.179968 -0.112015 1.212788
v 0.179968 -0.073135 1.212788
v 0.161224 -0.112562 1.275795
v 0.161224 -0.073676 1.275795
vn -0.2333 -0.0000 -0.9724
vn 0.9725 -0.0000 -0.2329
vn 0.2152 -0.0000 0.9766
vn -0.9723 -0.0000 0.2338
vn -0.0000 -1.0000 -0.0000
vn -0.2152 -0.0000 -0.9766
vn 0.9732 -0.0000 -0.2301
vn 0.1788 -0.0000 0.9839
vn -0.9715 -0.0000 0.2372
vn -0.1788 -0.0000 -0.9839
vn 0.9739 -0.0000 -0.2270
vn 0.1421 -0.0000 0.9899
vn -0.9705 -0.0000 0.2410
vn -0.1421 -0.0000 -0.9899
vn 0.9975 -0.0000 -0.0701
vn 0.0733 -0.0000 0.9973
vn -0.9981 -0.0000 0.0616
vn 0.0002 -1.0000 0.0019
vn -0.0733 -0.0000 -0.9973
vn 0.9994 -0.0000 -0.0354
vn -0.0010 -0.0000 1.0000
vn -0.9990 -0.0000 0.0446
vn 0.0002 -1.0000 0.0017
vn 0.0010 -0.0000 -1.0000
vn 0.9999 -0.0000 0.0173
vn -0.0752 -0.0000 0.9972
vn -0.9999 -0.0000 0.0163
vn 0.0008 -1.0000 0.0024
vn 0.0752 -0.0000 -0.9972
vn 0.9847 -0.0000 0.1741
vn -0.1491 -0.0000 0.9888
vn -0.9914 -0.0000 -0.1307
vn 0.0016 -0.9999 0.0112
vn 0.1491 -0.0000 -0.9888
vn 0.9826 -0.0000 0.1858
vn -0.2222 -0.0000 0.9750
vn -0.9935 -0.0000 -0.1136
vn 0.0044 -1.0000 0.0089
vn 0.2222 -0.0000 -0.9750
vn 0.9523 -0.0000 0.3050
vn -0.2940 -0.0000 0.9558
vn -0.9772 -0.0000 -0.2121
vn 0.0062 -0.9998 0.0178
vn 0.2940 -0.0000 -0.9558
vn 0.9200 -0.0000 0.3919
vn -0.3642 -0.0000 0.9313
vn -0.9603 -0.0000 -0.2788
vn 0.0094 -0.9997 0.0239
vn 0.3642 -0.0000 -0.9313
vn 0.9154 -0.0000 0.4025
vn -0.4324 -0.0000 0.9017
vn -0.9644 -0.0000 -0.2644
vn 0.0171 -0.9997 0.0185
vn 0.4324 -0.0000 -0.9017
vn 0.8215 -0.0000 0.5703
vn -0.4982 -0.0000 0.8671
vn -0.9050 -0.0000 -0.4254
vn 0.0172 -0.9994 0.0284
vn 0.4982 -0.0000 -0.8671
vn 0.8078 -0.0000 0.5895
vn -0.5612 -0.0000 0.8277
vn -0.9055 -0.0000 -0.4243
vn 0.0238 -0.9994 0.0236
vn 0.5612 -0.0000 -0.8277
vn 0.7659 -0.0000 0.6429
vn -0.6211 -0.0000 0.7837
vn -0.8846 -0.0000 -0.4664
vn 0.0272 -0.9994 0.0230
vn 0.6211 -0.0000 -0.7837
vn 0.6650 -0.0000 0.7469
vn -0.6776 -0.0000 0.7354
vn -0.8172 -0.0000 -0.5764
vn 0.0257 -0.9993 0.0271
vn 0.6776 -0.0000 -0.7354
vn 0.6568 -0.0000 0.7541
vn -0.7304 -0.0000 0.6830
vn -0.8227 -0.0000 -0.5685
vn 0.0297 -0.9993 0.0234
vn 0.7304 -0.0000 -0.6830
vn 0.5515 -0.0000 0.8342
vn -0.7791 -0.0000 0.6269
vn -0.7452 -0.0000 -0.6668
vn 0.0275 -0.9993 0.0249
vn 0.7791 -0.0000 -0.6269
vn 0.4885 -0.0000 0.8725
vn -0.8235 -0.0000 0.5673
vn -0.7022 -0.0000 -0.7120
vn 0.0265 -0.9994 0.0238
vn 0.8235 -0.0000 -0.5673
vn 0.4778 -0.0000 0.8785
vn -0.8634 -0.0000 0.5045
vn -0.7037 -0.0000 -0.7105
vn 0.0262 -0.9994 0.0217
vn 0.8634 -0.0000 -0.5045
vn 0.3097 -0.0000 0.9508
vn -0.8985 -0.0000 0.4390
vn -0.5455 -0.0000 -0.8381
vn 0.0232 -0.9995 0.0202
vn 0.8985 -0.0000 -0.4390
vn 0.3011 -0.0000 0.9536
vn -0.9286 -0.0000 0.3710
vn -0.5497 -0.0000 -0.8354
vn 0.0200 -0.9996 0.0178
vn 0.9286 -0.0000 -0.3710
vn 0.2336 -0.0000 0.9723
vn -0.9536 -0.0000 0.3010
vn -0.4806 -0.0000 -0.8769
vn 0.0176 -0.9997 0.0148
vn 0.9536 -0.0000 -0.3010
vn 0.1248 -0.0000 0.9922
vn -0.9734 -0.0000 0.2293
vn -0.3558 -0.0000 -0.9346
vn 0.0163 -0.9998 0.0108
vn 0.9734 -0.0000 -0.2293
vn 0.1184 -0.0000 0.9930
vn -0.9877 -0.0000 0.1564
vn -0.3583 -0.0000 -0.9336
vn 0.0080 -0.9999 0.0085
vn 0.9877 -0.0000 -0.1564
vn 0.0012 -0.0000 1.0000
vn -0.9966 -0.0000 0.0826
vn -0.1906 -0.0000 -0.9817
vn 0.0121 -0.9999 0.0036
vn 0.9966 -0.0000 -0.0826
vn -0.0438 -0.0000 0.9990
vn -1.0000 -0.0000 0.0083
vn -0.1301 -0.0000 -0.9915
vn 0.0058 -1.0000 0.0001
vn 1.0000 -0.0000 -0.0083
vn -0.0606 -0.0000 0.9982
vn -0.9978 -0.0000 -0.0660
vn -0.1079 -0.0000 -0.9942
vn -0.0048 -1.0000 -0.0032
vn 0.9978 -0.0000 0.0660
vn -0.1864 -0.0000 0.9825
vn -0.9902 -0.0000 -0.1400
vn 0.1242 -0.0000 -0.9923
vn 0.0085 -1.0000 -0.0052
vn 0.9902 -0.0000 0.1400
vn -0.1891 -0.0000 0.9820
vn -0.9770 -0.0000 -0.2131
vn 0.1216 -0.0000 -0.9926
vn -0.0083 -0.9999 -0.0097
vn 0.9770 -0.0000 0.2131
vn -0.2469 -0.0000 0.9690
vn -0.9585 -0.0000 -0.2851
vn 0.2405 -0.0000 -0.9706
vn 0.0003 -1.0000 -0.0085
vt 0.375000 0.000000
vt 0.625000 0.000000
vt 0.625000 0.250000
vt 0.375000 0.250000
vt 0.625000 0.500000
vt 0.375000 0.500000
vt 0.625000 0.750000
vt 0.375000 0.750000
vt 0.625000 1.000000
vt 0.375000 1.000000
vt 0.125000 0.500000
vt 0.125000 0.750000
s 1
usemtl Material.001
f 1/1/1 2/2/1 4/3/1 3/4/1
f 3/4/2 4/3/2 8/5/2 7/6/2
f 7/6/3 8/5/3 6/7/3 5/8/3
f 5/8/4 6/7/4 2/9/4 1/10/4
f 3/11/5 7/6/5 5/8/5 1/12/5
f 9/1/6 10/2/6 12/3/6 11/4/6
f 11/4/7 12/3/7 16/5/7 15/6/7
f 15/6/8 16/5/8 14/7/8 13/8/8
f 13/8/9 14/7/9 10/9/9 9/10/9
f 11/11/5 15/6/5 13/8/5 9/12/5
f 17/1/10 18/2/10 20/3/10 19/4/10
f 19/4/11 20/3/11 24/5/11 23/6/11
f 23/6/12 24/5/12 22/7/12 21/8/12
f 21/8/13 22/7/13 18/9/13 17/10/13
f 19/11/5 23/6/5 21/8/5 17/12/5
f 25/1/14 26/2/14 28/3/14 27/4/14
f 27/4/15 28/3/15 32/5/15 31/6/15
f 31/6/16 32/5/16 30/7/16 29/8/16
f 29/8/17 30/7/17 26/9/17 25/10/17
f 27/11/18 31/6/18 29/8/18 25/12/18
f 33/1/19 34/2/19 36/3/19 35/4/19
f 35/4/20 36/3/20 40/5/20 39/6/20
f 39/6/21 40/5/21 38/7/21 37/8/21
f 37/8/22 38/7/22 34/9/22 33/10/22
f 35/11/23 39/6/23 37/8/23 33/12/23
f 41/1/24 42/2/24 44/3/24 43/4/24
f 43/4/25 44/3/25 48/5/25 47/6/25
f 47/6/26 48/5/26 46/7/26 45/8/26
f 45/8/27 46/7/27 42/9/27 41/10/27
f 43/11/28 47/6/28 45/8/28 41/12/28
f 49/1/29 50/2/29 52/3/29 51/4/29
f 51/4/30 52/3/30 56/5/30 55/6/30
f 55/6/31 56/5/31 54/7/31 53/8/31
f 53/8/32 54/7/32 50/9/32 49/10/32
f 51/11/33 55/6/33 53/8/33 49/12/33
f 57/1/34 58/2/34 60/3/34 59/4/34
f 59/4/35 60/3/35 64/5/35 63/6/35
f 63/6/36 64/5/36 62/7/36 61/8/36
f 61/8/37 62/7/37 58/9/37 57/10/37
f 59/11/38 63/6/38 61/8/38 57/12/38
f 65/1/39 66/2/39 68/3/39 67/4/39
f 67/4/40 68/3/40 72/5/40 71/6/40
f 71/6/41 72/5/41 70/7/41 69/8/41
f 69/8/42 70/7/42 66/9/42 65/10/42
f 67/11/43 71/6/43 69/8/43 65/12/43
f 73/1/44 74/2/44 76/3/44 75/4/44
f 75/4/45 76/3/45 80/5/45 79/6/45
f 79/6/46 80/5/46 78/7/46 77/8/46
f 77/8/47 78/7/47 74/9/47 73/10/47
f 75/11/48 79/6/48 77/8/48 73/12/48
f 81/1/49 82/2/49 84/3/49 83/4/49
f 83/4/50 84/3/50 88/5/50 87/6/50
f 87/6/51 88/5/51 86/7/51 85/8/51
f 85/8/52 86/7/52 82/9/52 81/10/52
f 83/11/53 87/6/53 85/8/53 81/12/53
f 89/1/54 90/2/54 92/3/54 91/4/54
f 91/4/55 92/3/55 96/5/55 95/6/55
f 95/6/56 96/5/56 94/7/56 93/8/56
f 93/8/57 94/7/57 90/9/57 89/10/57
f 91/11/58 95/6/58 93/8/58 89/12/58
f 97/1/59 98/2/59 100/3/59 99/4/59
f 99/4/60 100/3/60 104/5/60 103/6/60
f 103/6/61 104/5/61 102/7/61 101/8/61
f 101/8/62 102/7/62 98/9/62 97/10/62
f 99/11/63 103/6/63 101/8/63 97/12/63
f 105/1/64 106/2/64 108/3/64 107/4/64
f 107/4/65 108/3/65 112/5/65 111/6/65
f 111/6/66 112/5/66 110/7/66 109/8/66
f 109/8/67 110/7/67 106/9/67 105/10/67
f 107/11/68 111/6/68 109/8/68 105/12/68
f 113/1/69 114/2/69 116/3/69 115/4/69
f 115/4/70 116/3/70 120/5/70 119/6/70
f 119/6/71 120/5/71 118/7/71 117/8/71
f 117/8/72 118/7/72 114/9/72 113/10/72
f 115/11/73 119/6/73 117/8/73 113/12/73
f 121/1/74 122/2/74 124/3/74 123/4/74
f 123/4/75 124/3/75 128/5/75 127/6/75
f 127/6/76 128/5/76 126/7/76 125/8/76
f 125/8/77 126/7/77 122/9/77 121/10/77
f 123/11/78 127/6/78 125/8/78 121/12/78
f 129/1/79 130/2/79 132/3/79 131/4/79
f 131/4/80 132/3/80 136/5/80 135/6/80
f 135/6/81 136/5/81 134/7/81 133/8/81
f 133/8/82 134/7/82 130/9/82 129/10/82
f 131/11/83 135/6/83 133/8/83 129/12/83
f 137/1/84 138/2/84 140/3/84 139/4/84
f 139/4/85 140/3/85 144/5/85 143/6/85
f 143/6/86 144/5/86 142/7/86 141/8/86
f 141/8/87 142/7/87 138/9/87 137/10/87
f 139/11/88 143/6/88 141/8/88 137/12/88
f 145/1/89 146/2/89 148/3/89 147/4/89
f 147/4/90 148/3/90 152/5/90 151/6/90
f 151/6/91 152/5/91 150/7/91 149/8/91
f 149/8/92 150/7/92 146/9/92 145/10/92
f 147/11/93 151/6/93 149/8/93 145/12/93
f 153/1/94 154/2/94 156/3/94 155/4/94
f 155/4/95 156/3/95 160/5/95 159/6/95
f 159/6/96 160/5/96 158/7/96 157/8/96
f 157/8/97 158/7/97 154/9/97 153/10/97
f 155/11/98 159/6/98 157/8/98 153/12/98
f 161/1/99 162/2/99 164/3/99 163/4/99
f 163/4/100 164/3/100 168/5/100 167/6/100
f 167/6/101 168/5/101 166/7/101 165/8/101
f 165/8/102 166/7/102 162/9/102 161/10/102
f 163/11/103 167/6/103 165/8/103 161/12/103
f 169/1/104 170/2/104 172/3/104 171/4/104
f 171/4/105 172/3/105 176/5/105 175/6/105
f 175/6/106 176/5/106 174/7/106 173/8/106
f 173/8/107 174/7/107 170/9/107 169/10/107
f 171/11/108 175/6/108 173/8/108 169/12/108
f 177/1/109 178/2/109 180/3/109 179/4/109
f 179/4/110 180/3/110 184/5/110 183/6/110
f 183/6/111 184/5/111 182/7/111 181/8/111
f 181/8/112 182/7/112 178/9/112 177/10/112
f 179/11/113 183/6/113 181/8/113 177/12/113
f 185/1/114 186/2/114 188/3/114 187/4/114
f 187/4/115 188/3/115 192/5/115 191/6/115
f 191/6/116 192/5/116 190/7/116 189/8/116
f 189/8/117 190/7/117 186/9/117 185/10/117
f 187/11/118 191/6/118 189/8/118 185/12/118
f 193/1/119 194/2/119 196/3/119 195/4/119
f 195/4/120 196/3/120 200/5/120 199/6/120
f 199/6/121 200/5/121 198/7/121 197/8/121
f 197/8/122 198/7/122 194/9/122 193/10/122
f 195/11/123 199/6/123 197/8/123 193/12/123
f 201/1/124 202/2/124 204/3/124 203/4/124
f 203/4/125 204/3/125 208/5/125 207/6/125
f 207/6/126 208/5/126 206/7/126 205/8/126
f 205/8/127 206/7/127 202/9/127 201/10/127
f 203/11/128 207/6/128 205/8/128 201/12/128
f 209/1/129 210/2/129 212/3/129 211/4/129
f 211/4/130 212/3/130 216/5/130 215/6/130
f 215/6/131 216/5/131 214/7/131 213/8/131
f 213/8/132 214/7/132 210/9/132 209/10/132
f 211/11/133 215/6/133 213/8/133 209/12/133
f 217/1/134 218/2/134 220/3/134 219/4/134
f 219/4/135 220/3/135 224/5/135 223/6/135
f 223/6/136 224/5/136 222/7/136 221/8/136
f 221/8/137 222/7/137 218/9/137 217/10/137
f 219/11/138 223/6/138 221/8/138 217/12/138
f 225/1/139 226/2/139 228/3/139 227/4/139
f 227/4/140 228/3/140 232/5/140 231/6/140
f 231/6/141 232/5/141 230/7/141 229/8/141
f 229/8/142 230/7/142 226/9/142 225/10/142
f 227/11/143 231/6/143 229/8/143 225/12/143
f 233/1/144 234/2/144 236/3/144 235/4/144
f 235/4/145 236/3/145 240/5/145 239/6/145
f 239/6/146 240/5/146 238/7/146 237/8/146
f 237/8/147 238/7/147 234/9/147 233/10/147
f 235/11/148 239/6/148 237/8/148 233/12/148
o Cube.001
v 1.149781 0.116770 -0.166989
v 1.682413 0.116770 -0.116352
v 1.167858 0.116770 -0.092414
v 1.702248 0.116770 -0.034210
v 1.167858 0.116770 -0.092414
v 1.702248 0.116770 -0.034210
v 1.185264 0.116770 -0.021667
v 1.722753 0.116770 0.051758
v 1.185264 0.116770 -0.021667
v 1.722753 0.116770 0.051758
v 1.202949 0.116770 0.049030
v 1.742980 0.116770 0.137777
v 1.202949 0.116770 0.049030
v 1.742980 0.116770 0.137777
v 1.207333 0.116621 0.114805
v 1.750072 0.116621 0.232271
v 1.207333 0.116621 0.114805
v 1.750072 0.116621 0.232271
v 1.210571 0.116448 0.179753
v 1.753988 0.116448 0.328172
v 1.210571 0.116448 0.179753
v 1.753988 0.116448 0.328172
v 1.211992 0.116020 0.244568
v 1.752923 0.116020 0.423760
v 1.211992 0.116020 0.244568
v 1.752923 0.116020 0.423760
v 1.203998 0.114593 0.309042
v 1.737023 0.114681 0.518094
v 1.203998 0.114593 0.309042
v 1.737023 0.114681 0.518094
v 1.197058 0.112785 0.374042
v 1.720069 0.113342 0.611901
v 1.197058 0.112785 0.374042
v 1.720069 0.113342 0.611901
v 1.183803 0.109702 0.437729
v 1.692001 0.111175 0.702312
v 1.183803 0.109702 0.437729
v 1.692001 0.111175 0.702312
v 1.166063 0.105548 0.500973
v 1.655703 0.108405 0.789735
v 1.166063 0.105548 0.500973
v 1.655703 0.108405 0.789735
v 1.149046 0.101058 0.565297
v 1.618701 0.105635 0.876072
v 1.149046 0.101058 0.565297
v 1.618701 0.105635 0.876072
v 1.121508 0.094645 0.625379
v 1.565896 0.101551 0.953588
v 1.121508 0.094645 0.625379
v 1.565896 0.101551 0.953588
v 1.093557 0.087787 0.686555
v 1.511756 0.096733 1.029143
v 1.093557 0.087787 0.686555
v 1.511756 0.096733 1.029143
v 1.062568 0.080199 0.746721
v 1.453268 0.090504 1.099999
v 1.062568 0.080199 0.746721
v 1.453268 0.090504 1.099999
v 1.023881 0.071227 0.802647
v 1.384961 0.082276 1.161618
v 1.023881 0.071227 0.802647
v 1.384961 0.082276 1.161618
v 0.984886 0.061440 0.860196
v 1.316986 0.073235 1.221604
v 0.984886 0.061440 0.860196
v 1.316986 0.073235 1.221604
v 0.939135 0.050709 0.912182
v 1.242109 0.062737 1.271588
v 0.939135 0.050709 0.912182
v 1.242109 0.062737 1.271588
v 0.889361 0.039353 0.962015
v 1.164115 0.051249 1.315588
v 0.889361 0.039353 0.962015
v 1.164115 0.051249 1.315588
v 0.838552 0.027760 1.013108
v 1.086920 0.039415 1.357878
v 0.838552 0.027760 1.013108
v 1.086920 0.039415 1.357878
v 0.778972 0.015903 1.052277
v 1.002877 0.026734 1.385222
v 0.778972 0.015903 1.052277
v 1.002877 0.026734 1.385222
v 0.718200 0.003984 1.092672
v 0.920030 0.014011 1.411338
v 0.718200 0.003984 1.092672
v 0.920030 0.014011 1.411338
v 0.654048 -0.007542 1.128101
v 0.836682 0.001531 1.431198
v 0.654048 -0.007542 1.128101
v 0.836682 0.001531 1.431198
v 0.585158 -0.018320 1.154372
v 0.751615 -0.010514 1.441563
v 0.585158 -0.018320 1.154372
v 0.751615 -0.010514 1.441563
v 0.514967 -0.028759 1.181359
v 0.667852 -0.022106 1.451211
v 0.514967 -0.028759 1.181359
v 0.667852 -0.022106 1.451211
v 0.441610 -0.037214 1.195395
v 0.584003 -0.032138 1.450814
v 0.441610 -0.037214 1.195395
v 0.584003 -0.032138 1.450814
v 0.366548 -0.044447 1.204951
v 0.500689 -0.041089 1.446610
v 0.366548 -0.044447 1.204951
v 0.500689 -0.041089 1.446610
v 0.290560 -0.050535 1.212875
v 0.418458 -0.048931 1.441060
v 0.290560 -0.050535 1.212875
v 0.418458 -0.048931 1.441060
v 0.214856 -0.053952 1.202806
v 0.337445 -0.053616 1.424994
v 0.214856 -0.053952 1.202806
v 0.337445 -0.053616 1.424994
v 0.138733 -0.057225 1.192889
v 0.256851 -0.057139 1.408775
v 0.138733 -0.057225 1.192889
v 0.256851 -0.057139 1.408775
v 0.064598 -0.057979 1.173819
v 0.177756 -0.057979 1.387871
v 1.149781 0.091080 -0.166989
v 1.682413 0.091080 -0.116352
v 1.167858 0.091080 -0.092414
v 1.702248 0.091080 -0.034210
v 1.167858 0.091080 -0.092414
v 1.702248 0.091080 -0.034210
v 1.185264 0.091080 -0.021667
v 1.722753 0.091080 0.051758
v 1.185264 0.091080 -0.021668
v 1.722753 0.091080 0.051758
v 1.202949 0.091080 0.049030
v 1.742980 0.091080 0.137777
v 1.202907 0.091081 0.048900
v 1.742938 0.091081 0.137647
v 1.207291 0.090932 0.114675
v 1.750030 0.090932 0.232141
v 1.207286 0.090932 0.114658
v 1.750025 0.090932 0.232123
v 1.210524 0.090759 0.179606
v 1.753941 0.090759 0.328025
v 1.210458 0.090760 0.179399
v 1.753875 0.090760 0.327817
v 1.211880 0.090332 0.244214
v 1.752811 0.090332 0.423405
v 1.211666 0.090338 0.243530
v 1.752597 0.090338 0.422722
v 1.203672 0.088901 0.308004
v 1.736696 0.088999 0.517056
v 1.203686 0.088900 0.308037
v 1.736711 0.088999 0.517089
v 1.196745 0.087078 0.373037
v 1.719757 0.087659 0.610896
v 1.196586 0.087090 0.372505
v 1.719597 0.087669 0.610365
v 1.183332 0.083992 0.436192
v 1.691529 0.085502 0.700776
v 1.183245 0.084002 0.435885
v 1.691443 0.085509 0.700469
v 1.165505 0.079833 0.499130
v 1.655145 0.082739 0.787891
v 1.165541 0.079830 0.499220
v 1.655181 0.082737 0.787981
v 1.148524 0.075325 0.563543
v 1.618179 0.079967 0.874318
v 1.148351 0.075350 0.562916
v 1.618005 0.079985 0.873691
v 1.120812 0.068921 0.622998
v 1.565200 0.075899 0.951207
v 1.120858 0.068917 0.623110
v 1.565247 0.075896 0.951318
v 1.092908 0.062044 0.684286
v 1.511107 0.071052 1.026874
v 1.092921 0.062046 0.684274
v 1.511119 0.071053 1.026861
v 1.061931 0.054444 0.744440
v 1.452631 0.064798 1.097718
v 1.061902 0.054453 0.744266
v 1.452602 0.064805 1.097544
v 1.023216 0.045467 0.800191
v 1.384295 0.056550 1.159162
v 1.023293 0.045460 0.800400
v 1.384372 0.056545 1.159372
v 0.984298 0.035699 0.857950
v 1.316398 0.047481 1.219358
v 0.984326 0.035700 0.857967
v 1.316426 0.047483 1.219376
v 0.938575 0.024962 0.909953
v 1.241549 0.036963 1.269359
v 0.938634 0.024957 0.910091
v 1.241609 0.036963 1.269497
v 0.888860 0.013596 0.959924
v 1.163614 0.025457 1.313497
v 0.888937 0.013587 0.960138
v 1.163691 0.025456 1.313710
v 0.838129 0.001992 1.011230
v 1.086496 0.013607 1.356001
v 0.838187 0.001988 1.011369
v 1.086554 0.013609 1.356139
v 0.778606 -0.009868 1.050538
v 1.002512 0.000919 1.383483
v 0.778670 -0.009874 1.050722
v 1.002576 0.000920 1.383667
v 0.717899 -0.021789 1.091117
v 0.919729 -0.011806 1.409783
v 0.717959 -0.021796 1.091304
v 0.919788 -0.011805 1.409970
v 0.653806 -0.033315 1.126733
v 0.836440 -0.024284 1.429829
v 0.653857 -0.033322 1.126910
v 0.836491 -0.024283 1.430007
v 0.584967 -0.044091 1.153181
v 0.751423 -0.036323 1.440372
v 0.584994 -0.044094 1.153260
v 0.751451 -0.036322 1.440451
v 0.514803 -0.054520 1.180247
v 0.667688 -0.047906 1.450099
v 0.514844 -0.054530 1.180465
v 0.667728 -0.047906 1.450318
v 0.441486 -0.062972 1.194502
v 0.583880 -0.057930 1.449921
v 0.441502 -0.062976 1.194589
v 0.583896 -0.057929 1.450008
v 0.366440 -0.070196 1.204144
v 0.500581 -0.066869 1.445804
v 0.366444 -0.070198 1.204178
v 0.500585 -0.066870 1.445838
v 0.290456 -0.076271 1.212103
v 0.418354 -0.074699 1.440288
v 0.290514 -0.076289 1.212525
v 0.418411 -0.074699 1.440711
v 0.214810 -0.079716 1.202456
v 0.337398 -0.079380 1.424644
v 0.214813 -0.079716 1.202467
v 0.337402 -0.079379 1.424655
v 0.138690 -0.082984 1.192550
v 0.256808 -0.082898 1.408437
v 0.138729 -0.082984 1.192857
v 0.256847 -0.082898 1.408743
v 0.064594 -0.083740 1.173787
v 0.177752 -0.083740 1.387839
vn -0.0000 1.0000 -0.0000
vn -0.0004 1.0000 0.0019
vn -0.0005 1.0000 0.0022
vn -0.0016 1.0000 0.0053
vn -0.0060 0.9998 0.0165
vn -0.0085 0.9998 0.0185
vn -0.0164 0.9994 0.0296
vn -0.0249 0.9990 0.0370
vn -0.0309 0.9988 0.0371
vn -0.0467 0.9977 0.0489
vn -0.0576 0.9971 0.0505
vn -0.0718 0.9958 0.0560
vn -0.0891 0.9939 0.0643
vn -0.1017 0.9926 0.0664
vn -0.1158 0.9909 0.0693
vn -0.1262 0.9896 0.0691
vn -0.1328 0.9889 0.0661
vn -0.1391 0.9882 0.0642
vn -0.1414 0.9881 0.0608
vn -0.1399 0.9886 0.0561
vn -0.1345 0.9896 0.0512
vn -0.1301 0.9903 0.0489
vn -0.1131 0.9927 0.0414
vn -0.1003 0.9942 0.0389
vn -0.0871 0.9955 0.0380
vn -0.0561 0.9981 0.0269
vn -0.0475 0.9986 0.0251
vn -0.0120 0.9999 0.0063
vn -0.0000 -1.0000 -0.0000
vn 0.0004 -1.0000 -0.0019
vn 0.0005 -1.0000 -0.0022
vn 0.0016 -1.0000 -0.0053
vn 0.0061 -0.9998 -0.0166
vn 0.0085 -0.9998 -0.0186
vn 0.0165 -0.9994 -0.0297
vn 0.0250 -0.9990 -0.0371
vn 0.0310 -0.9988 -0.0371
vn 0.0469 -0.9977 -0.0489
vn 0.0579 -0.9970 -0.0507
vn 0.0721 -0.9958 -0.0561
vn 0.0894 -0.9939 -0.0644
vn 0.1017 -0.9926 -0.0664
vn 0.1159 -0.9908 -0.0694
vn 0.1263 -0.9896 -0.0692
vn 0.1328 -0.9889 -0.0662
vn 0.1391 -0.9882 -0.0643
vn 0.1414 -0.9881 -0.0608
vn 0.1398 -0.9886 -0.0562
vn 0.1344 -0.9896 -0.0513
vn 0.1299 -0.9903 -0.0489
vn 0.1130 -0.9927 -0.0415
vn 0.1001 -0.9942 -0.0390
vn 0.0869 -0.9955 -0.0381
vn 0.0561 -0.9981 -0.0270
vn 0.0474 -0.9986 -0.0251
vn 0.0121 -0.9999 -0.0063
vn 0.0946 -0.0000 -0.9955
vn 0.9721 -0.0000 -0.2347
vn -0.1083 -0.0000 0.9941
vn -0.9719 -0.0000 0.2356
vn 0.1083 -0.0000 -0.9941
vn 0.9727 -0.0000 -0.2320
vn -0.1354 -0.0000 0.9908
vn -0.9710 -0.0000 0.2389
vn 0.1354 -0.0000 -0.9908
vn 0.9734 -0.0000 -0.2289
vn -0.1622 -0.0000 0.9868
vn -0.9701 -0.0000 0.2427
vn 0.1622 0.0047 -0.9868
vn 0.9972 -0.0013 -0.0748
vn -0.2115 -0.0046 0.9774
vn -0.9978 0.0013 0.0665
vn 0.2115 0.0052 -0.9774
vn 0.9992 -0.0016 -0.0408
vn -0.2635 -0.0050 0.9647
vn -0.9988 0.0015 0.0498
vn 0.2635 0.0122 -0.9646
vn 0.9999 -0.0045 0.0111
vn -0.3144 -0.0117 0.9492
vn -0.9998 0.0041 0.0220
vn 0.3143 0.0344 -0.9487
vn 0.9860 -0.0192 0.1659
vn -0.3649 -0.0330 0.9305
vn -0.9923 0.0175 -0.1226
vn 0.3649 0.0320 -0.9305
vn 0.9839 -0.0189 0.1776
vn -0.4138 -0.0306 0.9099
vn -0.9943 0.0162 -0.1057
vn 0.4135 0.0468 -0.9093
vn 0.9547 -0.0352 0.2955
vn -0.4612 -0.0445 0.8862
vn -0.9789 0.0300 -0.2023
vn 0.4610 0.0536 -0.8858
vn 0.9230 -0.0475 0.3817
vn -0.5071 -0.0507 0.8604
vn -0.9627 0.0401 -0.2674
vn 0.5072 0.0484 -0.8605
vn 0.9187 -0.0455 0.3923
vn -0.5509 -0.0457 0.8333
vn -0.9667 0.0369 -0.2532
vn 0.5503 0.0623 -0.8326
vn 0.8260 -0.0743 0.5588
vn -0.5925 -0.0584 0.8035
vn -0.9098 0.0626 -0.4103
vn 0.5926 0.0560 -0.8036
vn 0.8129 -0.0717 0.5779
vn -0.6322 -0.0523 0.7731
vn -0.9105 0.0591 -0.4093
vn 0.6321 0.0530 -0.7730
vn 0.7723 -0.0752 0.6308
vn -0.6692 -0.0492 0.7415
vn -0.8905 0.0620 -0.4508
vn 0.6690 0.0534 -0.7414
vn 0.6730 -0.0876 0.7344
vn -0.7034 -0.0495 0.7091
vn -0.8257 0.0747 -0.5592
vn 0.7036 0.0458 -0.7091
vn 0.6655 -0.0800 0.7421
vn -0.7350 -0.0422 0.6768
vn -0.8312 0.0671 -0.5518
vn 0.7350 0.0426 -0.6768
vn 0.5613 -0.0834 0.8234
vn -0.7633 -0.0392 0.6448
vn -0.7561 0.0728 -0.6504
vn 0.7634 0.0375 -0.6448
vn 0.4987 -0.0797 0.8631
vn -0.7886 -0.0345 0.6140
vn -0.7138 0.0705 -0.6968
vn 0.7887 0.0317 -0.6140
vn 0.4876 -0.0713 0.8701
vn -0.8106 -0.0293 0.5849
vn -0.7147 0.0625 -0.6966
vn 0.8106 0.0280 -0.5849
vn 0.3180 -0.0682 0.9456
vn -0.8291 -0.0259 0.5584
vn -0.5570 0.0638 -0.8280
vn 0.8292 0.0240 -0.5584
vn 0.3086 -0.0608 0.9493
vn -0.8443 -0.0224 0.5354
vn -0.5603 0.0564 -0.8263
vn 0.8443 0.0205 -0.5354
vn 0.2390 -0.0536 0.9695
vn -0.8561 -0.0194 0.5164
vn -0.4898 0.0508 -0.8704
vn 0.8562 0.0175 -0.5164
vn 0.1273 -0.0467 0.9908
vn -0.8649 -0.0167 0.5017
vn -0.3622 0.0457 -0.9310
vn 0.8649 0.0161 -0.5017
vn 0.1203 -0.0435 0.9918
vn -0.8698 -0.0157 0.4932
vn -0.3640 0.0425 -0.9304
vn 0.8699 0.0129 -0.4931
vn -0.0006 -0.0346 0.9994
vn -0.8733 -0.0127 0.4871
vn -0.1917 0.0349 -0.9808
vn 0.8733 0.0116 -0.4871
vn -0.0471 -0.0310 0.9984
vn -0.8742 -0.0115 0.4854
vn -0.1292 0.0316 -0.9911
vn 0.8742 0.0110 -0.4854
vn -0.0645 -0.0296 0.9975
vn -0.8722 -0.0111 0.4890
vn -0.1061 0.0303 -0.9939
vn 0.8723 0.0051 -0.4890
vn -0.1938 -0.0130 0.9810
vn -0.8756 -0.0050 0.4831
vn 0.1312 0.0132 -0.9913
vn 0.8756 0.0049 -0.4831
vn -0.1967 -0.0126 0.9804
vn -0.8773 -0.0048 0.4800
vn 0.1286 0.0128 -0.9916
vn 0.8773 0.0005 -0.4800
vn -0.2555 -0.0012 0.9668
vn -0.8841 -0.0004 0.4674
vn 0.2491 0.0012 -0.9685
vt 0.625000 0.500000
vt 0.875000 0.500000
vt 0.875000 0.750000
vt 0.625000 0.750000
s 1
usemtl Material.002
f 244/13/149 242/14/149 241/15/149 243/16/149
f 248/13/149 246/14/149 245/15/149 247/16/149
f 252/13/149 250/14/149 249/15/149 251/16/149
f 256/13/150 254/14/150 253/15/150 255/16/150
f 260/13/151 258/14/151 257/15/151 259/16/151
f 264/13/152 262/14/152 261/15/152 263/16/152
f 268/13/153 266/14/153 265/15/153 267/16/153
f 272/13/154 270/14/154 269/15/154 271/16/154
f 276/13/155 274/14/155 273/15/155 275/16/155
f 280/13/156 278/14/156 277/15/156 279/16/156
f 284/13/157 282/14/157 281/15/157 283/16/157
f 288/13/158 286/14/158 285/15/158 287/16/158
f 292/13/159 290/14/159 289/15/159 291/16/159
f 296/13/160 294/14/160 293/15/160 295/16/160
f 300/13/161 298/14/161 297/15/161 299/16/161
f 304/13/162 302/14/162 301/15/162 303/16/162
f 308/13/163 306/14/163 305/15/163 307/16/163
f 312/13/164 310/14/164 309/15/164 311/16/164
f 316/13/165 314/14/165 313/15/165 315/16/165
f 320/13/166 318/14/166 317/15/166 319/16/166
f 324/13/167 322/14/167 321/15/167 323/16/167
f 328/13/168 326/14/168 325/15/168 327/16/168
f 332/13/169 330/14/169 329/15/169 331/16/169
f 336/13/170 334/14/170 333/15/170 335/16/170
f 340/13/171 338/14/171 337/15/171 339/16/171
f 344/13/172 342/14/172 341/15/172 343/16/172
f 348/13/173 346/14/173 345/15/173 347/16/173
f 352/13/174 350/14/174 349/15/174 351/16/174
f 356/13/175 354/14/175 353/15/175 355/16/175
f 360/13/176 358/14/176 357/15/176 359/16/176
f 364/13/177 363/16/177 361/15/177 362/14/177
f 368/13/177 367/16/177 365/15/177 366/14/177
f 372/13/177 371/16/177 369/15/177 370/14/177
f 376/13/178 375/16/178 373/15/178 374/14/178
f 380/13/179 379/16/179 377/15/179 378/14/179
f 384/13/180 383/16/180 381/15/180 382/14/180
f 388/13/181 387/16/181 385/15/181 386/14/181
f 392/13/182 391/16/182 389/15/182 390/14/182
f 396/13/183 395/16/183 393/15/183 394/14/183
f 400/13/184 399/16/184 397/15/184 398/14/184
f 404/13/185 403/16/185 401/15/185 402/14/185
f 408/13/186 407/16/186 405/15/186 406/14/186
f 412/13/187 411/16/187 409/15/187 410/14/187
f 416/13/188 415/16/188 413/15/188 414/14/188
f 420/13/189 419/16/189 417/15/189 418/14/189
f 424/13/190 423/16/190 421/15/190 422/14/190
f 428/13/191 427/16/191 425/15/191 426/14/191
f 432/13/192 431/16/192 429/15/192 430/14/192
f 436/13/193 435/16/193 433/15/193 434/14/193
f 440/13/194 439/16/194 437/15/194 438/14/194
f 444/13/195 443/16/195 441/15/195 442/14/195
f 448/13/196 447/16/196 445/15/196 446/14/196
f 452/13/197 451/16/197 449/15/197 450/14/197
f 456/13/198 455/16/198 453/15/198 454/14/198
f 460/13/199 459/16/199 457/15/199 458/14/199
f 464/13/200 463/16/200 461/15/200 462/14/200
f 468/13/201 467/16/201 465/15/201 466/14/201
f 472/13/202 471/16/202 469/15/202 470/14/202
f 476/13/203 475/16/203 473/15/203 474/14/203
f 480/13/204 479/16/204 477/15/204 478/14/204
f 241/15/205 242/14/205 362/14/205 361/15/205
f 242/14/206 244/13/206 364/13/206 362/14/206
f 244/13/207 243/16/207 363/16/207 364/13/207
f 243/16/208 241/15/208 361/15/208 363/16/208
f 245/15/209 246/14/209 366/14/209 365/15/209
f 246/14/210 248/13/210 368/13/210 366/14/210
f 248/13/211 247/16/211 367/16/211 368/13/211
f 247/16/212 245/15/212 365/15/212 367/16/212
f 249/15/213 250/14/213 370/14/213 369/15/213
f 250/14/214 252/13/214 372/13/214 370/14/214
f 252/13/215 251/16/215 371/16/215 372/13/215
f 251/16/216 249/15/216 369/15/216 371/16/216
f 253/15/217 254/14/217 374/14/217 373/15/217
f 254/14/218 256/13/218 376/13/218 374/14/218
f 256/13/219 255/16/219 375/16/219 376/13/219
f 255/16/220 253/15/220 373/15/220 375/16/220
f 257/15/221 258/14/221 378/14/221 377/15/221
f 258/14/222 260/13/222 380/13/222 378/14/222
f 260/13/223 259/16/223 379/16/223 380/13/223
f 259/16/224 257/15/224 377/15/224 379/16/224
f 261/15/225 262/14/225 382/14/225 381/15/225
f 262/14/226 264/13/226 384/13/226 382/14/226
f 264/13/227 263/16/227 383/16/227 384/13/227
f 263/16/228 261/15/228 381/15/228 383/16/228
f 265/15/229 266/14/229 386/14/229 385/15/229
f 266/14/230 268/13/230 388/13/230 386/14/230
f 268/13/231 267/16/231 387/16/231 388/13/231
f 267/16/232 265/15/232 385/15/232 387/16/232
f 269/15/233 270/14/233 390/14/233 389/15/233
f 270/14/234 272/13/234 392/13/234 390/14/234
f 272/13/235 271/16/235 391/16/235 392/13/235
f 271/16/236 269/15/236 389/15/236 391/16/236
f 273/15/237 274/14/237 394/14/237 393/15/237
f 274/14/238 276/13/238 396/13/238 394/14/238
f 276/13/239 275/16/239 395/16/239 396/13/239
f 275/16/240 273/15/240 393/15/240 395/16/240
f 277/15/241 278/14/241 398/14/241 397/15/241
f 278/14/242 280/13/242 400/13/242 398/14/242
f 280/13/243 279/16/243 399/16/243 400/13/243
f 279/16/244 277/15/244 397/15/244 399/16/244
f 281/15/245 282/14/245 402/14/245 401/15/245
f 282/14/246 284/13/246 404/13/246 402/14/246
f 284/13/247 283/16/247 403/16/247 404/13/247
f 283/16/248 281/15/248 401/15/248 403/16/248
f 285/15/249 286/14/249 406/14/249 405/15/249
f 286/14/250 288/13/250 408/13/250 406/14/250
f 288/13/251 287/16/251 407/16/251 408/13/251
f 287/16/252 285/15/252 405/15/252 407/16/252
f 289/15/253 290/14/253 410/14/253 409/15/253
f 290/14/254 292/13/254 412/13/254 410/14/254
f 292/13/255 291/16/255 411/16/255 412/13/255
f 291/16/256 289/15/256 409/15/256 411/16/256
f 293/15/257 294/14/257 414/14/257 413/15/257
f 294/14/258 296/13/258 416/13/258 414/14/258
f 296/13/259 295/16/259 415/16/259 416/13/259
f 295/16/260 293/15/260 413/15/260 415/16/260
f 297/15/261 298/14/261 418/14/261 417/15/261
f 298/14/262 300/13/262 420/13/262 418/14/262
f 300/13/263 299/16/263 419/16/263 420/13/263
f 299/16/264 297/15/264 417/15/264 419/16/264
f 301/15/265 302/14/265 422/14/265 421/15/265
f 302/14/266 304/13/266 424/13/266 422/14/266
f 304/13/267 303/16/267 423/16/267 424/13/267
f 303/16/268 301/15/268 421/15/268 423/16/268
f 305/15/269 306/14/269 426/14/269 425/15/269
f 306/14/270 308/13/270 428/13/270 426/14/270
f 308/13/271 307/16/271 427/16/271 428/13/271
f 307/16/272 305/15/272 425/15/272 427/16/272
f 309/15/273 310/14/273 430/14/273 429/15/273
f 310/14/274 312/13/274 432/13/274 430/14/274
f 312/13/275 311/16/275 431/16/275 432/13/275
f 311/16/276 309/15/276 429/15/276 431/16/276
f 313/15/277 314/14/277 434/14/277 433/15/277
f 314/14/278 316/13/278 436/13/278 434/14/278
f 316/13/279 315/16/279 435/16/279 436/13/279
f 315/16/280 313/15/280 433/15/280 435/16/280
f 317/15/281 318/14/281 438/14/281 437/15/281
f 318/14/282 320/13/282 440/13/282 438/14/282
f 320/13/283 319/16/283 439/16/283 440/13/283
f 319/16/284 317/15/284 437/15/284 439/16/284
f 321/15/285 322/14/285 442/14/285 441/15/285
f 322/14/286 324/13/286 444/13/286 442/14/286
f 324/13/287 323/16/287 443/16/287 444/13/287
f 323/16/288 321/15/288 441/15/288 443/16/288
f 325/15/289 326/14/289 446/14/289 445/15/289
f 326/14/290 328/13/290 448/13/290 446/14/290
f 328/13/291 327/16/291 447/16/291 448/13/291
f 327/16/292 325/15/292 445/15/292 447/16/292
f 329/15/293 330/14/293 450/14/293 449/15/293
f 330/14/294 332/13/294 452/13/294 450/14/294
f 332/13/295 331/16/295 451/16/295 452/13/295
f 331/16/296 329/15/296 449/15/296 451/16/296
f 333/15/297 334/14/297 454/14/297 453/15/297
f 334/14/298 336/13/298 456/13/298 454/14/298
f 336/13/299 335/16/299 455/16/299 456/13/299
f 335/16/300 333/15/300 453/15/300 455/16/300
f 337/15/301 338/14/301 458/14/301 457/15/301
f 338/14/302 340/13/302 460/13/302 458/14/302
f 340/13/303 339/16/303 459/16/303 460/13/303
f 339/16/304 337/15/304 457/15/304 459/16/304
f 341/15/305 342/14/305 462/14/305 461/15/305
f 342/14/306 344/13/306 464/13/306 462/14/306
f 344/13/307 343/16/307 463/16/307 464/13/307
f 343/16/308 341/15/308 461/15/308 463/16/308
f 345/15/309 346/14/309 466/14/309 465/15/309
f 346/14/310 348/13/310 468/13/310 466/14/310
f 348/13/311 347/16/311 467/16/311 468/13/311
f 347/16/312 345/15/312 465/15/312 467/16/312
f 349/15/313 350/14/313 470/14/313 469/15/313
f 350/14/314 352/13/314 472/13/314 470/14/314
f 352/13/315 351/16/315 471/16/315 472/13/315
f 351/16/316 349/15/316 469/15/316 471/16/316
f 353/15/317 354/14/317 474/14/317 473/15/317
f 354/14/318 356/13/318 476/13/318 474/14/318
f 356/13/319 355/16/319 475/16/319 476/13/319
f 355/16/320 353/15/320 473/15/320 475/16/320
f 357/15/321 358/14/321 478/14/321 477/15/321
f 358/14/322 360/13/322 480/13/322 478/14/322
f 360/13/323 359/16/323 479/16/323 480/13/323
f 359/16/324 357/15/324 477/15/324 479/16/324
o Cube.002
v 1.203910 -0.113266 -0.030312
v 1.203910 0.113266 -0.030312
v 1.578132 -0.113266 -0.120103
v 1.578132 0.113266 -0.120103
v 1.220429 -0.113266 0.038393
v 1.220429 0.113266 0.038393
v 1.596255 -0.113266 -0.044426
v 1.596255 0.113266 -0.044426
v 1.220429 -0.113266 0.038393
v 1.220429 0.113266 0.038393
v 1.596255 -0.113266 -0.044426
v 1.596255 0.113266 -0.044426
v 1.236342 -0.113266 0.103570
v 1.236342 0.113266 0.103570
v 1.614986 -0.113266 0.034778
v 1.614986 0.113266 0.034778
v 1.236342 -0.113266 0.103570
v 1.236342 0.113266 0.103570
v 1.614986 -0.113266 0.034778
v 1.614986 0.113266 0.034778
v 1.252516 -0.113266 0.168700
v 1.252516 0.113266 0.168700
v 1.633456 -0.113266 0.114030
v 1.633456 0.113266 0.114030
v 1.252516 -0.113266 0.168700
v 1.252516 0.113266 0.168700
v 1.633456 -0.113266 0.114030
v 1.633456 0.113266 0.114030
v 1.256258 -0.113122 0.229363
v 1.256258 0.113122 0.229363
v 1.639576 -0.113122 0.201174
v 1.639576 0.113122 0.201174
v 1.256258 -0.113122 0.229363
v 1.256258 0.113122 0.229363
v 1.639576 -0.113122 0.201174
v 1.639576 0.113122 0.201174
v 1.258930 -0.113043 0.289269
v 1.258930 0.112885 0.289269
v 1.642713 -0.112955 0.289635
v 1.642713 0.112955 0.289635
v 1.258930 -0.113043 0.289269
v 1.258930 0.112885 0.289269
v 1.642713 -0.112955 0.289635
v 1.642713 0.112955 0.289635
v 1.259902 -0.113102 0.349062
v 1.259902 0.112028 0.349062
v 1.641191 -0.112539 0.377832
v 1.641191 0.112539 0.377832
v 1.259902 -0.113102 0.349062
v 1.259902 0.112028 0.349062
v 1.641191 -0.112539 0.377832
v 1.641191 0.112539 0.377832
v 1.252057 -0.112800 0.408592
v 1.252057 0.109766 0.408592
v 1.625790 -0.111240 0.464951
v 1.625790 0.111240 0.464951
v 1.252057 -0.112800 0.408592
v 1.252057 0.109766 0.408592
v 1.625790 -0.111240 0.464951
v 1.625790 0.111240 0.464951
v 1.245195 -0.112898 0.468602
v 1.245195 0.107103 0.468602
v 1.609405 -0.109941 0.551590
v 1.609405 0.109941 0.551590
v 1.245195 -0.112898 0.468602
v 1.245195 0.107103 0.468602
v 1.609405 -0.109941 0.551590
v 1.609405 0.109941 0.551590
v 1.232426 -0.112709 0.527436
v 1.232426 0.103120 0.527436
v 1.582639 -0.107840 0.635152
v 1.582639 0.107840 0.635152
v 1.232426 -0.112709 0.527436
v 1.232426 0.103120 0.527436
v 1.582639 -0.107840 0.635152
v 1.582639 0.107840 0.635152
v 1.215457 -0.112455 0.585886
v 1.215457 0.098032 0.585886
v 1.548198 -0.105244 0.715998
v 1.548198 0.105079 0.715998
v 1.215457 -0.112455 0.585886
v 1.215457 0.098032 0.585886
v 1.548198 -0.105244 0.715998
v 1.548198 0.105079 0.715998
v 1.199161 -0.112534 0.645328
v 1.199161 0.092609 0.645328
v 1.513084 -0.103475 0.795853
v 1.513084 0.101519 0.795853
v 1.199161 -0.112534 0.645328
v 1.199161 0.092609 0.645328
v 1.513084 -0.103475 0.795853
v 1.513084 0.101519 0.795853
v 1.173032 -0.112033 0.700915
v 1.173032 0.085222 0.700915
v 1.463245 -0.101662 0.867646
v 1.463245 0.095464 0.867646
v 1.173032 -0.112033 0.700915
v 1.173032 0.085222 0.700915
v 1.463245 -0.101662 0.867646
v 1.463245 0.095464 0.867646
v 1.146512 -0.111812 0.757514
v 1.146512 0.077383 0.757514
v 1.412168 -0.100740 0.937637
v 1.412168 0.088342 0.937637
v 1.146512 -0.111812 0.757514
v 1.146512 0.077383 0.757514
v 1.412168 -0.100740 0.937637
v 1.412168 0.088342 0.937637
v 1.117150 -0.111649 0.813197
v 1.117150 0.068812 0.813197
v 1.357035 -0.100407 1.003320
v 1.357035 0.079958 1.003320
v 1.117150 -0.111649 0.813197
v 1.117150 0.068812 0.813197
v 1.357035 -0.100407 1.003320
v 1.357035 0.079958 1.003320
v 1.080601 -0.111277 0.865010
v 1.080601 0.058861 0.865010
v 1.292781 -0.100419 1.060526
v 1.292781 0.069640 1.060526
v 1.080601 -0.111277 0.865010
v 1.080601 0.058861 0.865010
v 1.292781 -0.100419 1.060526
v 1.292781 0.069640 1.060526
v 1.043755 -0.111153 0.918324
v 1.043755 0.048658 0.918324
v 1.228824 -0.100979 1.116232
v 1.228824 0.058767 1.116232
v 1.043755 -0.111153 0.918324
v 1.043755 0.048658 0.918324
v 1.228824 -0.100979 1.116232
v 1.228824 0.058767 1.116232
v 1.000611 -0.110997 0.966542
v 1.000611 0.037557 0.966542
v 1.158471 -0.101905 1.162742
v 1.158471 0.046599 1.162742
v 1.000611 -0.110997 0.966542
v 1.000611 0.037557 0.966542
v 1.158471 -0.101905 1.162742
v 1.158471 0.046599 1.162742
v 0.953710 -0.110909 1.012796
v 0.953710 0.025902 1.012796
v 1.085237 -0.103100 1.203747
v 1.085237 0.033672 1.203747
v 0.953710 -0.110909 1.012796
v 0.953710 0.025902 1.012796
v 1.085237 -0.103100 1.203747
v 1.085237 0.033672 1.203747
v 0.905834 -0.110915 1.060218
v 0.905834 0.014144 1.060218
v 1.012741 -0.104362 1.243177
v 1.012741 0.020668 1.243177
v 0.905834 -0.110915 1.060218
v 0.905834 0.014144 1.060218
v 1.012741 -0.104362 1.243177
v 1.012741 0.020668 1.243177
v 0.849807 -0.111112 1.096687
v 0.849807 0.001999 1.096687
v 0.933919 -0.106045 1.268853
v 0.933919 0.007044 1.268853
v 0.849807 -0.111112 1.096687
v 0.849807 0.001999 1.096687
v 0.933919 -0.106045 1.268853
v 0.933919 0.007044 1.268853
v 0.792657 -0.111262 1.134295
v 0.792657 -0.010106 1.134295
v 0.856219 -0.107481 1.293391
v 0.856219 -0.006339 1.293391
v 0.792657 -0.111262 1.134295
v 0.792657 -0.010106 1.134295
v 0.856219 -0.107481 1.293391
v 0.856219 -0.006339 1.293391
v 0.732368 -0.111527 1.167338
v 0.732368 -0.021839 1.167338
v 0.778078 -0.108891 1.312162
v 0.778078 -0.019212 1.312162
v 0.732368 -0.111527 1.167338
v 0.732368 -0.021839 1.167338
v 0.778078 -0.108891 1.312162
v 0.778078 -0.019212 1.312162
v 0.667692 -0.111996 1.191959
v 0.667692 -0.032964 1.191959
v 0.698372 -0.110405 1.322184
v 0.698372 -0.031378 1.322184
v 0.667692 -0.111996 1.191959
v 0.667692 -0.032964 1.191959
v 0.698372 -0.110405 1.322184
v 0.698372 -0.031378 1.322184
v 0.601794 -0.112062 1.217247
v 0.601794 -0.043690 1.217247
v 0.619888 -0.111197 1.331540
v 0.619888 -0.042828 1.331540
v 0.601794 -0.112062 1.217247
v 0.601794 -0.043690 1.217247
v 0.619888 -0.111197 1.331540
v 0.619888 -0.042828 1.331540
v 0.533001 -0.112614 1.230604
v 0.533001 -0.052702 1.230604
v 0.541370 -0.112374 1.331631
v 0.541370 -0.052464 1.331631
v 0.533001 -0.112614 1.230604
v 0.533001 -0.052702 1.230604
v 0.541370 -0.112374 1.331631
v 0.541370 -0.052464 1.331631
v 0.462636 -0.112841 1.239837
v 0.462636 -0.060599 1.239837
v 0.463369 -0.113010 1.328208
v 0.463369 -0.060768 1.328208
v 0.462636 -0.112841 1.239837
v 0.462636 -0.060599 1.239837
v 0.463369 -0.113010 1.328208
v 0.463369 -0.060768 1.328208
v 0.391414 -0.112407 1.247570
v 0.391414 -0.067389 1.247570
v 0.386388 -0.112747 1.323538
v 0.386388 -0.067728 1.323538
v 0.391414 -0.112407 1.247570
v 0.391414 -0.067389 1.247570
v 0.386388 -0.112747 1.323538
v 0.386388 -0.067728 1.323538
v 0.320556 -0.112864 1.238699
v 0.320556 -0.070777 1.238699
v 0.310596 -0.113417 1.309162
v 0.310596 -0.071327 1.309162
v 0.320556 -0.112864 1.238699
v 0.320556 -0.070777 1.238699
v 0.310596 -0.113417 1.309162
v 0.310596 -0.071327 1.309162
v 0.249306 -0.112142 1.229971
v 0.249306 -0.072990 1.229971
v 0.235197 -0.112697 1.294644
v 0.235197 -0.073538 1.294644
v 0.249306 -0.112142 1.229971
v 0.249306 -0.072990 1.229971
v 0.235197 -0.112697 1.294644
v 0.235197 -0.073538 1.294644
v 0.179968 -0.112015 1.212788
v 0.179968 -0.073135 1.212788
v 0.161224 -0.112562 1.275795
v 0.161224 -0.073676 1.275795
vn -0.2333 -0.0000 -0.9724
vn 0.9725 -0.0000 -0.2329
vn 0.2152 -0.0000 0.9766
vn -0.9723 -0.0000 0.2338
vn -0.0000 -1.0000 -0.0000
vn -0.2152 -0.0000 -0.9766
vn 0.9732 -0.0000 -0.2301
vn 0.1788 -0.0000 0.9839
vn -0.9715 -0.0000 0.2372
vn -0.1788 -0.0000 -0.9839
vn 0.9739 -0.0000 -0.2270
vn 0.1421 -0.0000 0.9899
vn -0.9705 -0.0000 0.2410
vn -0.1421 -0.0000 -0.9899
vn 0.9975 -0.0000 -0.0701
vn 0.0733 -0.0000 0.9973
vn -0.9981 -0.0000 0.0616
vn 0.0002 -1.0000 0.0019
vn -0.0733 -0.0000 -0.9973
vn 0.9994 -0.0000 -0.0354
vn -0.0010 -0.0000 1.0000
vn -0.9990 -0.0000 0.0446
vn 0.0002 -1.0000 0.0017
vn 0.0010 -0.0000 -1.0000
vn 0.9999 -0.0000 0.0173
vn -0.0752 -0.0000 0.9972
vn -0.9999 -0.0000 0.0163
vn 0.0008 -1.0000 0.0024
vn 0.0752 -0.0000 -0.9972
vn 0.9847 -0.0000 0.1741
vn -0.1491 -0.0000 0.9888
vn -0.9914 -0.0000 -0.1307
vn 0.0016 -0.9999 0.0112
vn 0.1491 -0.0000 -0.9888
vn 0.9826 -0.0000 0.1858
vn -0.2222 -0.0000 0.9750
vn -0.9935 -0.0000 -0.1136
vn 0.0044 -1.0000 0.0089
vn 0.2222 -0.0000 -0.9750
vn 0.9523 -0.0000 0.3050
vn -0.2940 -0.0000 0.9558
vn -0.9772 -0.0000 -0.2121
vn 0.0062 -0.9998 0.0178
vn 0.2940 -0.0000 -0.9558
vn 0.9200 -0.0000 0.3919
vn -0.3642 -0.0000 0.9313
vn -0.9603 -0.0000 -0.2788
vn 0.0094 -0.9997 0.0239
vn 0.3642 -0.0000 -0.9313
vn 0.9154 -0.0000 0.4025
vn -0.4324 -0.0000 0.9017
vn -0.9644 -0.0000 -0.2644
vn 0.0171 -0.9997 0.0185
vn 0.4324 -0.0000 -0.9017
vn 0.8215 -0.0000 0.5703
vn -0.4982 -0.0000 0.8671
vn -0.9050 -0.0000 -0.4254
vn 0.0172 -0.9994 0.0284
vn 0.4982 -0.0000 -0.8671
vn 0.8078 -0.0000 0.5895
vn -0.5612 -0.0000 0.8277
vn -0.9055 -0.0000 -0.4243
vn 0.0238 -0.9994 0.0236
vn 0.5612 -0.0000 -0.8277
vn 0.7659 -0.0000 0.6429
vn -0.6211 -0.0000 0.7837
vn -0.8846 -0.0000 -0.4664
vn 0.0272 -0.9994 0.0230
vn 0.6211 -0.0000 -0.7837
vn 0.6650 -0.0000 0.7469
vn -0.6776 -0.0000 0.7354
vn -0.8172 -0.0000 -0.5764
vn 0.0257 -0.9993 0.0271
vn 0.6776 -0.0000 -0.7354
vn 0.6568 -0.0000 0.7541
vn -0.7304 -0.0000 0.6830
vn -0.8227 -0.0000 -0.5685
vn 0.0297 -0.9993 0.0234
vn 0.7304 -0.0000 -0.6830
vn 0.5515 -0.0000 0.8342
vn -0.7791 -0.0000 0.6269
vn -0.7452 -0.0000 -0.6668
vn 0.0275 -0.9993 0.0249
vn 0.7791 -0.0000 -0.6269
vn 0.4885 -0.0000 0.8725
vn -0.8235 -0.0000 0.5673
vn -0.7022 -0.0000 -0.7120
vn 0.0265 -0.9994 0.0238
vn 0.8235 -0.0000 -0.5673
vn 0.4778 -0.0000 0.8785
vn -0.8634 -0.0000 0.5045
vn -0.7037 -0.0000 -0.7105
vn 0.0262 -0.9994 0.0217
vn 0.8634 -0.0000 -0.5045
vn 0.3097 -0.0000 0.9508
vn -0.8985 -0.0000 0.4390
vn -0.5455 -0.0000 -0.8381
vn 0.0232 -0.9995 0.0202
vn 0.8985 -0.0000 -0.4390
vn 0.3011 -0.0000 0.9536
vn -0.9286 -0.0000 0.3710
vn -0.5497 -0.0000 -0.8354
vn 0.0200 -0.9996 0.0178
vn 0.9286 -0.0000 -0.3710
vn 0.2336 -0.0000 0.9723
vn -0.9536 -0.0000 0.3010
vn -0.4806 -0.0000 -0.8769
vn 0.0176 -0.9997 0.0148
vn 0.9536 -0.0000 -0.3010
vn 0.1248 -0.0000 0.9922
vn -0.9734 -0.0000 0.2293
vn -0.3558 -0.0000 -0.9346
vn 0.0163 -0.9998 0.0108
vn 0.9734 -0.0000 -0.2293
vn 0.1184 -0.0000 0.9930
vn -0.9877 -0.0000 0.1564
vn -0.3583 -0.0000 -0.9336
vn 0.0080 -0.9999 0.0085
vn 0.9877 -0.0000 -0.1564
vn 0.0012 -0.0000 1.0000
vn -0.9966 -0.0000 0.0826
vn -0.1906 -0.0000 -0.9817
vn 0.0121 -0.9999 0.0036
vn 0.9966 -0.0000 -0.0826
vn -0.0438 -0.0000 0.9990
vn -1.0000 -0.0000 0.0083
vn -0.1301 -0.0000 -0.9915
vn 0.0058 -1.0000 0.0001
vn 1.0000 -0.0000 -0.0083
vn -0.0606 -0.0000 0.9982
vn -0.9978 -0.0000 -0.0660
vn -0.1079 -0.0000 -0.9942
vn -0.0048 -1.0000 -0.0032
vn 0.9978 -0.0000 0.0660
vn -0.1864 -0.0000 0.9825
vn -0.9902 -0.0000 -0.1400
vn 0.1242 -0.0000 -0.9923
vn 0.0085 -1.0000 -0.0052
vn 0.9902 -0.0000 0.1400
vn -0.1891 -0.0000 0.9820
vn -0.9770 -0.0000 -0.2131
vn 0.1216 -0.0000 -0.9926
vn -0.0083 -0.9999 -0.0097
vn 0.9770 -0.0000 0.2131
vn -0.2469 -0.0000 0.9690
vn -0.9585 -0.0000 -0.2851
vn 0.2405 -0.0000 -0.9706
vn 0.0003 -1.0000 -0.0085
vt 0.375000 0.000000
vt 0.625000 0.000000
vt 0.625000 0.250000
vt 0.375000 0.250000
vt 0.625000 0.500000
vt 0.375000 0.500000
vt 0.625000 0.750000
vt 0.375000 0.750000
vt 0.625000 1.000000
vt 0.375000 1.000000
vt 0.125000 0.500000
vt 0.125000 0.750000
s 1
usemtl Material.001
f 481/17/325 482/18/325 484/19/325 483/20/325
f 483/20/326 484/19/326 488/21/326 487/22/326
f 487/22/327 488/21/327 486/23/327 485/24/327
f 485/24/328 486/23/328 482/25/328 481/26/328
f 483/27/329 487/22/329 485/24/329 481/28/329
f 489/17/330 490/18/330 492/19/330 491/20/330
f 491/20/331 492/19/331 496/21/331 495/22/331
f 495/22/332 496/21/332 494/23/332 493/24/332
f 493/24/333 494/23/333 490/25/333 489/26/333
f 491/27/329 495/22/329 493/24/329 489/28/329
f 497/17/334 498/18/334 500/19/334 499/20/334
f 499/20/335 500/19/335 504/21/335 503/22/335
f 503/22/336 504/21/336 502/23/336 501/24/336
f 501/24/337 502/23/337 498/25/337 497/26/337
f 499/27/329 503/22/329 501/24/329 497/28/329
f 505/17/338 506/18/338 508/19/338 507/20/338
f 507/20/339 508/19/339 512/21/339 511/22/339
f 511/22/340 512/21/340 510/23/340 509/24/340
f 509/24/341 510/23/341 506/25/341 505/26/341
f 507/27/342 511/22/342 509/24/342 505/28/342
f 513/17/343 514/18/343 516/19/343 515/20/343
f 515/20/344 516/19/344 520/21/344 519/22/344
f 519/22/345 520/21/345 518/23/345 517/24/345
f 517/24/346 518/23/346 514/25/346 513/26/346
f 515/27/347 519/22/347 517/24/347 513/28/347
f 521/17/348 522/18/348 524/19/348 523/20/348
f 523/20/349 524/19/349 528/21/349 527/22/349
f 527/22/350 528/21/350 526/23/350 525/24/350
f 525/24/351 526/23/351 522/25/351 521/26/351
f 523/27/352 527/22/352 525/24/352 521/28/352
f 529/17/353 530/18/353 532/19/353 531/20/353
f 531/20/354 532/19/354 536/21/354 535/22/354
f 535/22/355 536/21/355 534/23/355 533/24/355
f 533/24/356 534/23/356 530/25/356 529/26/356
f 531/27/357 535/22/357 533/24/357 529/28/357
f 537/17/358 538/18/358 540/19/358 539/20/358
f 539/20/359 540/19/359 544/21/359 543/22/359
f 543/22/360 544/21/360 542/23/360 541/24/360
f 541/24/361 542/23/361 538/25/361 537/26/361
f 539/27/362 543/22/362 541/24/362 537/28/362
f 545/17/363 546/18/363 548/19/363 547/20/363
f 547/20/364 548/19/364 552/21/364 551/22/364
f 551/22/365 552/21/365 550/23/365 549/24/365
f 549/24/366 550/23/366 546/25/366 545/26/366
f 547/27/367 551/22/367 549/24/367 545/28/367
f 553/17/368 554/18/368 556/19/368 555/20/368
f 555/20/369 556/19/369 560/21/369 559/22/369
f 559/22/370 560/21/370 558/23/370 557/24/370
f 557/24/371 558/23/371 554/25/371 553/26/371
f 555/27/372 559/22/372 557/24/372 553/28/372
f 561/17/373 562/18/373 564/19/373 563/20/373
f 563/20/374 564/19/374 568/21/374 567/22/374
f 567/22/375 568/21/375 566/23/375 565/24/375
f 565/24/376 566/23/376 562/25/376 561/26/376
f 563/27/377 567/22/377 565/24/377 561/28/377
f 569/17/378 570/18/378 572/19/378 571/20/378
f 571/20/379 572/19/379 576/21/379 575/22/379
f 575/22/380 576/21/380 574/23/380 573/24/380
f 573/24/381 574/23/381 570/25/381 569/26/381
f 571/27/382 575/22/382 573/24/382 569/28/382
f 577/17/383 578/18/383 580/19/383 579/20/383
f 579/20/384 580/19/384 584/21/384 583/22/384
f 583/22/385 584/21/385 582/23/385 581/24/385
f 581/24/386 582/23/386 578/25/386 577/26/386
f 579/27/387 583/22/387 581/24/387 577/28/387
f 585/17/388 586/18/388 588/19/388 587/20/388
f 587/20/389 588/19/389 592/21/389 591/22/389
f 591/22/390 592/21/390 590/23/390 589/24/390
f 589/24/391 590/23/391 586/25/391 585/26/391
f 587/27/392 591/22/392 589/24/392 585/28/392
f 593/17/393 594/18/393 596/19/393 595/20/393
f 595/20/394 596/19/394 600/21/394 599/22/394
f 599/22/395 600/21/395 598/23/395 597/24/395
f 597/24/396 598/23/396 594/25/396 593/26/396
f 595/27/397 599/22/397 597/24/397 593/28/397
f 601/17/398 602/18/398 604/19/398 603/20/398
f 603/20/399 604/19/399 608/21/399 607/22/399
f 607/22/400 608/21/400 606/23/400 605/24/400
f 605/24/401 606/23/401 602/25/401 601/26/401
f 603/27/402 607/22/402 605/24/402 601/28/402
f 609/17/403 610/18/403 612/19/403 611/20/403
f 611/20/404 612/19/404 616/21/404 615/22/404
f 615/22/405 616/21/405 614/23/405 613/24/405
f 613/24/406 614/23/406 610/25/406 609/26/406
f 611/27/407 615/22/407 613/24/407 609/28/407
f 617/17/408 618/18/408 620/19/408 619/20/408
f 619/20/409 620/19/409 624/21/409 623/22/409
f 623/22/410 624/21/410 622/23/410 621/24/410
f 621/24/411 622/23/411 618/25/411 617/26/411
f 619/27/412 623/22/412 621/24/412 617/28/412
f 625/17/413 626/18/413 628/19/413 627/20/413
f 627/20/414 628/19/414 632/21/414 631/22/414
f 631/22/415 632/21/415 630/23/415 629/24/415
f 629/24/416 630/23/416 626/25/416 625/26/416
f 627/27/417 631/22/417 629/24/417 625/28/417
f 633/17/418 634/18/418 636/19/418 635/20/418
f 635/20/419 636/19/419 640/21/419 639/22/419
f 639/22/420 640/21/420 638/23/420 637/24/420
f 637/24/421 638/23/421 634/25/421 633/26/421
f 635/27/422 639/22/422 637/24/422 633/28/422
f 641/17/423 642/18/423 644/19/423 643/20/423
f 643/20/424 644/19/424 648/21/424 647/22/424
f 647/22/425 648/21/425 646/23/425 645/24/425
f 645/24/426 646/23/426 642/25/426 641/26/426
f 643/27/427 647/22/427 645/24/427 641/28/427
f 649/17/428 650/18/428 652/19/428 651/20/428
f 651/20/429 652/19/429 656/21/429 655/22/429
f 655/22/430 656/21/430 654/23/430 653/24/430
f 653/24/431 654/23/431 650/25/431 649/26/431
f 651/27/432 655/22/432 653/24/432 649/28/432
f 657/17/433 658/18/433 660/19/433 659/20/433
f 659/20/434 660/19/434 664/21/434 663/22/434
f 663/22/435 664/21/435 662/23/435 661/24/435
f 661/24/436 662/23/436 658/25/436 657/26/436
f 659/27/437 663/22/437 661/24/437 657/28/437
f 665/17/438 666/18/438 668/19/438 667/20/438
f 667/20/439 668/19/439 672/21/439 671/22/439
f 671/22/440 672/21/440 670/23/440 669/24/440
f 669/24/441 670/23/441 666/25/441 665/26/441
f 667/27/442 671/22/442 669/24/442 665/28/442
f 673/17/443 674/18/443 676/19/443 675/20/443
f 675/20/444 676/19/444 680/21/444 679/22/444
f 679/22/445 680/21/445 678/23/445 677/24/445
f 677/24/446 678/23/446 674/25/446 673/26/446
f 675/27/447 679/22/447 677/24/447 673/28/447
f 681/17/448 682/18/448 684/19/448 683/20/448
f 683/20/449 684/19/449 688/21/449 687/22/449
f 687/22/450 688/21/450 686/23/450 685/24/450
f 685/24/451 686/23/451 682/25/451 681/26/451
f 683/27/452 687/22/452 685/24/452 681/28/452
f 689/17/453 690/18/453 692/19/453 691/20/453
f 691/20/454 692/19/454 696/21/454 695/22/454
f 695/22/455 696/21/455 694/23/455 693/24/455
f 693/24/456 694/23/456 690/25/456 689/26/456
f 691/27/457 695/22/457 693/24/457 689/28/457
f 697/17/458 698/18/458 700/19/458 699/20/458
f 699/20/459 700/19/459 704/21/459 703/22/459
f 703/22/460 704/21/460 702/23/460 701/24/460
f 701/24/461 702/23/461 698/25/461 697/26/461
f 699/27/462 703/22/462 701/24/462 697/28/462
f 705/17/463 706/18/463 708/19/463 707/20/463
f 707/20/464 708/19/464 712/21/464 711/22/464
f 711/22/465 712/21/465 710/23/465 709/24/465
f 709/24/466 710/23/466 706/25/466 705/26/466
f 707/27/467 711/22/467 709/24/467 705/28/467
f 713/17/468 714/18/468 716/19/468 715/20/468
f 715/20/469 716/19/469 720/21/469 719/22/469
f 719/22/470 720/21/470 718/23/470 717/24/470
f 717/24/471 718/23/471 714/25/471 713/26/471
f 715/27/472 719/22/472 717/24/472 713/28/472
o Cube.003
v 1.149781 0.116770 -0.166989
v 1.682413 0.116770 -0.116352
v 1.167858 0.116770 -0.092414
v 1.702248 0.116770 -0.034210
v 1.167858 0.116770 -0.092414
v 1.702248 0.116770 -0.034210
v 1.185264 0.116770 -0.021667
v 1.722753 0.116770 0.051758
v 1.185264 0.116770 -0.021667
v 1.722753 0.116770 0.051758
v 1.202949 0.116770 0.049030
v 1.742980 0.116770 0.137777
v 1.202949 0.116770 0.049030
v 1.742980 0.116770 0.137777
v 1.207333 0.116621 0.114805
v 1.750072 0.116621 0.232271
v 1.207333 0.116621 0.114805
v 1.750072 0.116621 0.232271
v 1.210571 0.116448 0.179753
v 1.753988 0.116448 0.328172
v 1.210571 0.116448 0.179753
v 1.753988 0.116448 0.328172
v 1.211992 0.116020 0.244568
v 1.752923 0.116020 0.423760
v 1.211992 0.116020 0.244568
v 1.752923 0.116020 0.423760
v 1.203998 0.114593 0.309042
v 1.737023 0.114681 0.518094
v 1.203998 0.114593 0.309042
v 1.737023 0.114681 0.518094
v 1.197058 0.112785 0.374042
v 1.720069 0.113342 0.611901
v 1.197058 0.112785 0.374042
v 1.720069 0.113342 0.611901
v 1.183803 0.109702 0.437729
v 1.692001 0.111175 0.702312
v 1.183803 0.109702 0.437729
v 1.692001 0.111175 0.702312
v 1.166063 0.105548 0.500973
v 1.655703 0.108405 0.789735
v 1.166063 0.105548 0.500973
v 1.655703 0.108405 0.789735
v 1.149046 0.101058 0.565297
v 1.618701 0.105635 0.876072
v 1.149046 0.101058 0.565297
v 1.618701 0.105635 0.876072
v 1.121508 0.094645 0.625379
v 1.565896 0.101551 0.953588
v 1.121508 0.094645 0.625379
v 1.565896 0.101551 0.953588
v 1.093557 0.087787 0.686555
v 1.511756 0.096733 1.029143
v 1.093557 0.087787 0.686555
v 1.511756 0.096733 1.029143
v 1.062568 0.080199 0.746721
v 1.453268 0.090504 1.099999
v 1.062568 0.080199 0.746721
v 1.453268 0.090504 1.099999
v 1.023881 0.071227 0.802647
v 1.384961 0.082276 1.161618
v 1.023881 0.071227 0.802647
v 1.384961 0.082276 1.161618
v 0.984886 0.061440 0.860196
v 1.316986 0.073235 1.221604
v 0.984886 0.061440 0.860196
v 1.316986 0.073235 1.221604
v 0.939135 0.050709 0.912182
v 1.242109 0.062737 1.271588
v 0.939135 0.050709 0.912182
v 1.242109 0.062737 1.271588
v 0.889361 0.039353 0.962015
v 1.164115 0.051249 1.315588
v 0.889361 0.039353 0.962015
v 1.164115 0.051249 1.315588
v 0.838552 0.027760 1.013108
v 1.086920 0.039415 1.357878
v 0.838552 0.027760 1.013108
v 1.086920 0.039415 1.357878
v 0.778972 0.015903 1.052277
v 1.002877 0.026734 1.385222
v 0.778972 0.015903 1.052277
v 1.002877 0.026734 1.385222
v 0.718200 0.003984 1.092672
v 0.920030 0.014011 1.411338
v 0.718200 0.003984 1.092672
v 0.920030 0.014011 1.411338
v 0.654048 -0.007542 1.128101
v 0.836682 0.001531 1.431198
v 0.654048 -0.007542 1.128101
v 0.836682 0.001531 1.431198
v 0.585158 -0.018320 1.154372
v 0.751615 -0.010514 1.441563
v 0.585158 -0.018320 1.154372
v 0.751615 -0.010514 1.441563
v 0.514967 -0.028759 1.181359
v 0.667852 -0.022106 1.451211
v 0.514967 -0.028759 1.181359
v 0.667852 -0.022106 1.451211
v 0.441610 -0.037214 1.195395
v 0.584003 -0.032138 1.450814
v 0.441610 -0.037214 1.195395
v 0.584003 -0.032138 1.450814
v 0.366548 -0.044447 1.204951
v 0.500689 -0.041089 1.446610
v 0.366548 -0.044447 1.204951
v 0.500689 -0.041089 1.446610
v 0.290560 -0.050535 1.212875
v 0.418458 -0.048931 1.441060
v 0.290560 -0.050535 1.212875
v 0.418458 -0.048931 1.441060
v 0.214856 -0.053952 1.202806
v 0.337445 -0.053616 1.424994
v 0.214856 -0.053952 1.202806
v 0.337445 -0.053616 1.424994
v 0.138733 -0.057225 1.192889
v 0.256851 -0.057139 1.408775
v 0.138733 -0.057225 1.192889
v 0.256851 -0.057139 1.408775
v 0.064598 -0.057979 1.173819
v 0.177756 -0.057979 1.387871
v 1.149781 0.091080 -0.166989
v 1.682413 0.091080 -0.116352
v 1.167858 0.091080 -0.092414
v 1.702248 0.091080 -0.034210
v 1.167858 0.091080 -0.092414
v 1.702248 0.091080 -0.034210
v 1.185264 0.091080 -0.021667
v 1.722753 0.091080 0.051758
v 1.185264 0.091080 -0.021668
v 1.722753 0.091080 0.051758
v 1.202949 0.091080 0.049030
v 1.742980 0.091080 0.137777
v 1.202907 0.091081 0.048900
v 1.742938 0.091081 0.137647
v 1.207291 0.090932 0.114675
v 1.750030 0.090932 0.232141
v 1.207286 0.090932 0.114658
v 1.750025 0.090932 0.232123
v 1.210524 0.090759 0.179606
v 1.753941 0.090759 0.328025
v 1.210458 0.090760 0.179399
v 1.753875 0.090760 0.327817
v 1.211880 0.090332 0.244214
v 1.752811 0.090332 0.423405
v 1.211666 0.090338 0.243530
v 1.752597 0.090338 0.422722
v 1.203672 0.088901 0.308004
v 1.736696 0.088999 0.517056
v 1.203686 0.088900 0.308037
v 1.736711 0.088999 0.517089
v 1.196745 0.087078 0.373037
v 1.719757 0.087659 0.610896
v 1.196586 0.087090 0.372505
v 1.719597 0.087669 0.610365
v 1.183332 0.083992 0.436192
v 1.691529 0.085502 0.700776
v 1.183245 0.084002 0.435885
v 1.691443 0.085509 0.700469
v 1.165505 0.079833 0.499130
v 1.655145 0.082739 0.787891
v 1.165541 0.079830 0.499220
v 1.655181 0.082737 0.787981
v 1.148524 0.075325 0.563543
v 1.618179 0.079967 0.874318
v 1.148351 0.075350 0.562916
v 1.618005 0.079985 0.873691
v 1.120812 0.068921 0.622998
v 1.565200 0.075899 0.951207
v 1.120858 0.068917 0.623110
v 1.565247 0.075896 0.951318
v 1.092908 0.062044 0.684286
v 1.511107 0.071052 1.026874
v 1.092921 0.062046 0.684274
v 1.511119 0.071053 1.026861
v 1.061931 0.054444 0.744440
v 1.452631 0.064798 1.097718
v 1.061902 0.054453 0.744266
v 1.452602 0.064805 1.097544
v 1.023216 0.045467 0.800191
v 1.384295 0.056550 1.159162
v 1.023293 0.045460 0.800400
v 1.384372 0.056545 1.159372
v 0.984298 0.035699 0.857950
v 1.316398 0.047481 1.219358
v 0.984326 0.035700 0.857967
v 1.316426 0.047483 1.219376
v 0.938575 0.024962 0.909953
v 1.241549 0.036963 1.269359
v 0.938634 0.024957 0.910091
v 1.241609 0.036963 1.269497
v 0.888860 0.013596 0.959924
v 1.163614 0.025457 1.313497
v 0.888937 0.013587 0.960138
v 1.163691 0.025456 1.313710
v 0.838129 0.001992 1.011230
v 1.086496 0.013607 1.356001
v 0.838187 0.001988 1.011369
v 1.086554 0.013609 1.356139
v 0.778606 -0.009868 1.050538
v 1.002512 0.000919 1.383483
v 0.778670 -0.009874 1.050722
v 1.002576 0.000920 1.383667
v 0.717899 -0.021789 1.091117
v 0.919729 -0.011806 1.409783
v 0.717959 -0.021796 1.091304
v 0.919788 -0.011805 1.409970
v 0.653806 -0.033315 1.126733
v 0.836440 -0.024284 1.429829
v 0.653857 -0.033322 1.126910
v 0.836491 -0.024283 1.430007
v 0.584967 -0.044091 1.153181
v 0.751423 -0.036323 1.440372
v 0.584994 -0.044094 1.153260
v 0.751451 -0.036322 1.440451
v 0.514803 -0.054520 1.180247
v 0.667688 -0.047906 1.450099
v 0.514844 -0.054530 1.180465
v 0.667728 -0.047906 1.450318
v 0.441486 -0.062972 1.194502
v 0.583880 -0.057930 1.449921
v 0.441502 -0.062976 1.194589
v 0.583896 -0.057929 1.450008
v 0.366440 -0.070196 1.204144
v 0.500581 -0.066869 1.445804
v 0.366444 -0.070198 1.204178
v 0.500585 -0.066870 1.445838
v 0.290456 -0.076271 1.212103
v 0.418354 -0.074699 1.440288
v 0.290514 -0.076289 1.212525
v 0.418411 -0.074699 1.440711
v 0.214810 -0.079716 1.202456
v 0.337398 -0.079380 1.424644
v 0.214813 -0.079716 1.202467
v 0.337402 -0.079379 1.424655
v 0.138690 -0.082984 1.192550
v 0.256808 -0.082898 1.408437
v 0.138729 -0.082984 1.192857
v 0.256847 -0.082898 1.408743
v 0.064594 -0.083740 1.173787
v 0.177752 -0.083740 1.387839
vn -0.0000 1.0000 -0.0000
vn -0.0004 1.0000 0.0019
vn -0.0005 1.0000 0.0022
vn -0.0016 1.0000 0.0053
vn -0.0060 0.9998 0.0165
vn -0.0085 0.9998 0.0185
vn -0.0164 0.9994 0.0296
vn -0.0249 0.9990 0.0370
vn -0.0309 0.9988 0.0371
vn -0.0467 0.9977 0.0489
vn -0.0576 0.9971 0.0505
vn -0.0718 0.9958 0.0560
vn -0.0891 0.9939 0.0643
vn -0.1017 0.9926 0.0664
vn -0.1158 0.9909 0.0693
vn -0.1262 0.9896 0.0691
vn -0.1328 0.9889 0.0661
vn -0.1391 0.9882 0.0642
vn -0.1414 0.9881 0.0608
vn -0.1399 0.9886 0.0561
vn -0.1345 0.9896 0.0512
vn -0.1301 0.9903 0.0489
vn -0.1131 0.9927 0.0414
vn -0.1003 0.9942 0.0389
vn -0.0871 0.9955 0.0380
vn -0.0561 0.9981 0.0269
vn -0.0475 0.9986 0.0251
vn -0.0120 0.9999 0.0063
vn -0.0000 -1.0000 -0.0000
vn 0.0004 -1.0000 -0.0019
vn 0.0005 -1.0000 -0.0022
vn 0.0016 -1.0000 -0.0053
vn 0.0061 -0.9998 -0.0166
vn 0.0085 -0.9998 -0.0186
vn 0.0165 -0.9994 -0.0297
vn 0.0250 -0.9990 -0.0371
vn 0.0310 -0.9988 -0.0371
vn 0.0469 -0.9977 -0.0489
vn 0.0579 -0.9970 -0.0507
vn 0.0721 -0.9958 -0.0561
vn 0.0894 -0.9939 -0.0644
vn 0.1017 -0.9926 -0.0664
vn 0.1159 -0.9908 -0.0694
vn 0.1263 -0.9896 -0.0692
vn 0.1328 -0.9889 -0.0662
vn 0.1391 -0.9882 -0.0643
vn 0.1414 -0.9881 -0.0608
vn 0.1398 -0.9886 -0.0562
vn 0.1344 -0.9896 -0.0513
vn 0.1299 -0.9903 -0.0489
vn 0.1130 -0.9927 -0.0415
vn 0.1001 -0.9942 -0.0390
vn 0.0869 -0.9955 -0.0381
vn 0.0561 -0.9981 -0.0270
vn 0.0474 -0.9986 -0.0251
vn 0.0121 -0.9999 -0.0063
vn 0.0946 -0.0000 -0.9955
vn 0.9721 -0.0000 -0.2347
vn -0.1083 -0.0000 0.9941
vn -0.9719 -0.0000 0.2356
vn 0.1083 -0.0000 -0.9941
vn 0.9727 -0.0000 -0.2320
vn -0.1354 -0.0000 0.9908
vn -0.9710 -0.0000 0.2389
vn 0.1354 -0.0000 -0.9908
vn 0.9734 -0.0000 -0.2289
vn -0.1622 -0.0000 0.9868
vn -0.9701 -0.0000 0.2427
vn 0.1622 0.0047 -0.9868
vn 0.9972 -0.0013 -0.0748
vn -0.2115 -0.0046 0.9774
vn -0.9978 0.0013 0.0665
vn 0.2115 0.0052 -0.9774
vn 0.9992 -0.0016 -0.0408
vn -0.2635 -0.0050 0.9647
vn -0.9988 0.0015 0.0498
vn 0.2635 0.0122 -0.9646
vn 0.9999 -0.0045 0.0111
vn -0.3144 -0.0117 0.9492
vn -0.9998 0.0041 0.0220
vn 0.3143 0.0344 -0.9487
vn 0.9860 -0.0192 0.1659
vn -0.3649 -0.0330 0.9305
vn -0.9923 0.0175 -0.1226
vn 0.3649 0.0320 -0.9305
vn 0.9839 -0.0189 0.1776
vn -0.4138 -0.0306 0.9099
vn -0.9943 0.0162 -0.1057
vn 0.4135 0.0468 -0.9093
vn 0.9547 -0.0352 0.2955
vn -0.4612 -0.0445 0.8862
vn -0.9789 0.0300 -0.2023
vn 0.4610 0.0536 -0.8858
vn 0.9230 -0.0475 0.3817
vn -0.5071 -0.0507 0.8604
vn -0.9627 0.0401 -0.2674
vn 0.5072 0.0484 -0.8605
vn 0.9187 -0.0455 0.3923
vn -0.5509 -0.0457 0.8333
vn -0.9667 0.0369 -0.2532
vn 0.5503 0.0623 -0.8326
vn 0.8260 -0.0743 0.5588
vn -0.5925 -0.0584 0.8035
vn -0.9098 0.0626 -0.4103
vn 0.5926 0.0560 -0.8036
vn 0.8129 -0.0717 0.5779
vn -0.6322 -0.0523 0.7731
vn -0.9105 0.0591 -0.4093
vn 0.6321 0.0530 -0.7730
vn 0.7723 -0.0752 0.6308
vn -0.6692 -0.0492 0.7415
vn -0.8905 0.0620 -0.4508
vn 0.6690 0.0534 -0.7414
vn 0.6730 -0.0876 0.7344
vn -0.7034 -0.0495 0.7091
vn -0.8257 0.0747 -0.5592
vn 0.7036 0.0458 -0.7091
vn 0.6655 -0.0800 0.7421
vn -0.7350 -0.0422 0.6768
vn -0.8312 0.0671 -0.5518
vn 0.7350 0.0426 -0.6768
vn 0.5613 -0.0834 0.8234
vn -0.7633 -0.0392 0.6448
vn -0.7561 0.0728 -0.6504
vn 0.7634 0.0375 -0.6448
vn 0.4987 -0.0797 0.8631
vn -0.7886 -0.0345 0.6140
vn -0.7138 0.0705 -0.6968
vn 0.7887 0.0317 -0.6140
vn 0.4876 -0.0713 0.8701
vn -0.8106 -0.0293 0.5849
vn -0.7147 0.0625 -0.6966
vn 0.8106 0.0280 -0.5849
vn 0.3180 -0.0682 0.9456
vn -0.8291 -0.0259 0.5584
vn -0.5570 0.0638 -0.8280
vn 0.8292 0.0240 -0.5584
vn 0.3086 -0.0608 0.9493
vn -0.8443 -0.0224 0.5354
vn -0.5603 0.0564 -0.8263
vn 0.8443 0.0205 -0.5354
vn 0.2390 -0.0536 0.9695
vn -0.8561 -0.0194 0.5164
vn -0.4898 0.0508 -0.8704
vn 0.8562 0.0175 -0.5164
vn 0.1273 -0.0467 0.9908
vn -0.8649 -0.0167 0.5017
vn -0.3622 0.0457 -0.9310
vn 0.8649 0.0161 -0.5017
vn 0.1203 -0.0435 0.9918
vn -0.8698 -0.0157 0.4932
vn -0.3640 0.0425 -0.9304
vn 0.8699 0.0129 -0.4931
vn -0.0006 -0.0346 0.9994
vn -0.8733 -0.0127 0.4871
vn -0.1917 0.0349 -0.9808
vn 0.8733 0.0116 -0.4871
vn -0.0471 -0.0310 0.9984
vn -0.8742 -0.0115 0.4854
vn -0.1292 0.0316 -0.9911
vn 0.8742 0.0110 -0.4854
vn -0.0645 -0.0296 0.9975
vn -0.8722 -0.0111 0.4890
vn -0.1061 0.0303 -0.9939
vn 0.8723 0.0051 -0.4890
vn -0.1938 -0.0130 0.9810
vn -0.8756 -0.0050 0.4831
vn 0.1312 0.0132 -0.9913
vn 0.8756 0.0049 -0.4831
vn -0.1967 -0.0126 0.9804
vn -0.8773 -0.0048 0.4800
vn 0.1286 0.0128 -0.9916
vn 0.8773 0.0005 -0.4800
vn -0.2555 -0.0012 0.9668
vn -0.8841 -0.0004 0.4674
vn 0.2491 0.0012 -0.9685
vt 0.625000 0.500000
vt 0.875000 0.500000
vt 0.875000 0.750000
vt 0.625000 0.750000
s 1
usemtl Material.002
f 724/29/473 722/30/473 721/31/473 723/32/473
f 728/29/473 726/30/473 725/31/473 727/32/473
f 732/29/473 730/30/473 729/31/473 731/32/473
f 736/29/474 734/30/474 733/31/474 735/32/474
f 740/29/475 738/30/475 737/31/475 739/32/475
f 744/29/476 742/30/476 741/31/476 743/32/476
f 748/29/477 746/30/477 745/31/477 747/32/477
f 752/29/478 750/30/478 749/31/478 751/32/478
f 756/29/479 754/30/479 753/31/479 755/32/479
f 760/29/480 758/30/480 757/31/480 759/32/480
f 764/29/481 762/30/481 761/31/481 763/32/481
f 768/29/482 766/30/482 765/31/482 767/32/482
f 772/29/483 770/30/483 769/31/483 771/32/483
f 776/29/484 774/30/484 773/31/484 775/32/484
f 780/29/485 778/30/485 777/31/485 779/32/485
f 784/29/486 782/30/486 781/31/486 783/32/486
f 788/29/487 786/30/487 785/31/487 787/32/487
f 792/29/488 790/30/488 789/31/488 791/32/488
f 796/29/489 794/30/489 793/31/489 795/32/489
f 800/29/490 798/30/490 797/31/490 799/32/490
f 804/29/491 802/30/491 801/31/491 803/32/491
f 808/29/492 806/30/492 805/31/492 807/32/492
f 812/29/493 810/30/493 809/31/493 811/32/493
f 816/29/494 814/30/494 813/31/494 815/32/494
f 820/29/495 818/30/495 817/31/495 819/32/495
f 824/29/496 822/30/496 821/31/496 823/32/496
f 828/29/497 826/30/497 825/31/497 827/32/497
f 832/29/498 830/30/498 829/31/498 831/32/498
f 836/29/499 834/30/499 833/31/499 835/32/499
f 840/29/500 838/30/500 837/31/500 839/32/500
f 844/29/501 843/32/501 841/31/501 842/30/501
f 848/29/501 847/32/501 845/31/501 846/30/501
f 852/29/501 851/32/501 849/31/501 850/30/501
f 856/29/502 855/32/502 853/31/502 854/30/502
f 860/29/503 859/32/503 857/31/503 858/30/503
f 864/29/504 863/32/504 861/31/504 862/30/504
f 868/29/505 867/32/505 865/31/505 866/30/505
f 872/29/506 871/32/506 869/31/506 870/30/506
f 876/29/507 875/32/507 873/31/507 874/30/507
f 880/29/508 879/32/508 877/31/508 878/30/508
f 884/29/509 883/32/509 881/31/509 882/30/509
f 888/29/510 887/32/510 885/31/510 886/30/510
f 892/29/511 891/32/511 889/31/511 890/30/511
f 896/29/512 895/32/512 893/31/512 894/30/512
f 900/29/513 899/32/513 897/31/513 898/30/513
f 904/29/514 903/32/514 901/31/514 902/30/514
f 908/29/515 907/32/515 905/31/515 906/30/515
f 912/29/516 911/32/516 909/31/516 910/30/516
f 916/29/517 915/32/517 913/31/517 914/30/517
f 920/29/518 919/32/518 917/31/518 918/30/518
f 924/29/519 923/32/519 921/31/519 922/30/519
f 928/29/520 927/32/520 925/31/520 926/30/520
f 932/29/521 931/32/521 929/31/521 930/30/521
f 936/29/522 935/32/522 933/31/522 934/30/522
f 940/29/523 939/32/523 937/31/523 938/30/523
f 944/29/524 943/32/524 941/31/524 942/30/524
f 948/29/525 947/32/525 945/31/525 946/30/525
f 952/29/526 951/32/526 949/31/526 950/30/526
f 956/29/527 955/32/527 953/31/527 954/30/527
f 960/29/528 959/32/528 957/31/528 958/30/528
f 721/31/529 722/30/529 842/30/529 841/31/529
f 722/30/530 724/29/530 844/29/530 842/30/530
f 724/29/531 723/32/531 843/32/531 844/29/531
f 723/32/532 721/31/532 841/31/532 843/32/532
f 725/31/533 726/30/533 846/30/533 845/31/533
f 726/30/534 728/29/534 848/29/534 846/30/534
f 728/29/535 727/32/535 847/32/535 848/29/535
f 727/32/536 725/31/536 845/31/536 847/32/536
f 729/31/537 730/30/537 850/30/537 849/31/537
f 730/30/538 732/29/538 852/29/538 850/30/538
f 732/29/539 731/32/539 851/32/539 852/29/539
f 731/32/540 729/31/540 849/31/540 851/32/540
f 733/31/541 734/30/541 854/30/541 853/31/541
f 734/30/542 736/29/542 856/29/542 854/30/542
f 736/29/543 735/32/543 855/32/543 856/29/543
f 735/32/544 733/31/544 853/31/544 855/32/544
f 737/31/545 738/30/545 858/30/545 857/31/545
f 738/30/546 740/29/546 860/29/546 858/30/546
f 740/29/547 739/32/547 859/32/547 860/29/547
f 739/32/548 737/31/548 857/31/548 859/32/548
f 741/31/549 742/30/549 862/30/549 861/31/549
f 742/30/550 744/29/550 864/29/550 862/30/550
f 744/29/551 743/32/551 863/32/551 864/29/551
f 743/32/552 741/31/552 861/31/552 863/32/552
f 745/31/553 746/30/553 866/30/553 865/31/553
f 746/30/554 748/29/554 868/29/554 866/30/554
f 748/29/555 747/32/555 867/32/555 868/29/555
f 747/32/556 745/31/556 865/31/556 867/32/556
f 749/31/557 750/30/557 870/30/557 869/31/557
f 750/30/558 752/29/558 872/29/558 870/30/558
f 752/29/559 751/32/559 871/32/559 872/29/559
f 751/32/560 749/31/560 869/31/560 871/32/560
f 753/31/561 754/30/561 874/30/561 873/31/561
f 754/30/562 756/29/562 876/29/562 874/30/562
f 756/29/563 755/32/563 875/32/563 876/29/563
f 755/32/564 753/31/564 873/31/564 875/32/564
f 757/31/565 758/30/565 878/30/565 877/31/565
f 758/30/566 760/29/566 880/29/566 878/30/566
f 760/29/567 759/32/567 879/32/567 880/29/567
f 759/32/568 757/31/568 877/31/568 879/32/568
f 761/31/569 762/30/569 882/30/569 881/31/569
f 762/30/570 764/29/570 884/29/570 882/30/570
f 764/29/571 763/32/571 883/32/571 884/29/571
f 763/32/572 761/31/572 881/31/572 883/32/572
f 765/31/573 766/30/573 886/30/573 885/31/573
f 766/30/574 768/29/574 888/29/574 886/30/574
f 768/29/575 767/32/575 887/32/575 888/29/575
f 767/32/576 765/31/576 885/31/576 887/32/576
f 769/31/577 770/30/577 890/30/577 889/31/577
f 770/30/578 772/29/578 892/29/578 890/30/578
f 772/29/579 771/32/579 891/32/579 892/29/579
f 771/32/580 769/31/580 889/31/580 891/32/580
f 773/31/581 774/30/581 894/30/581 893/31/581
f 774/30/582 776/29/582 896/29/582 894/30/582
f 776/29/583 775/32/583 895/32/583 896/29/583
f 775/32/584 773/31/584 893/31/584 895/32/584
f 777/31/585 778/30/585 898/30/585 897/31/585
f 778/30/586 780/29/586 900/29/586 898/30/586
f 780/29/587 779/32/587 899/32/587 900/29/587
f 779/32/588 777/31/588 897/31/588 899/32/588
f 781/31/589 782/30/589 902/30/589 901/31/589
f 782/30/590 784/29/590 904/29/590 902/30/590
f 784/29/591 783/32/591 903/32/591 904/29/591
f 783/32/592 781/31/592 901/31/592 903/32/592
f 785/31/593 786/30/593 906/30/593 905/31/593
f 786/30/594 788/29/594 908/29/594 906/30/594
f 788/29/595 787/32/595 907/32/595 908/29/595
f 787/32/596 785/31/596 905/31/596 907/32/596
f 789/31/597 790/30/597 910/30/597 909/31/597
f 790/30/598 792/29/598 912/29/598 910/30/598
f 792/29/599 791/32/599 911/32/599 912/29/599
f 791/32/600 789/31/600 909/31/600 911/32/600
f 793/31/601 794/30/601 914/30/601 913/31/601
f 794/30/602 796/29/602 916/29/602 914/30/602
f 796/29/603 795/32/603 915/32/603 916/29/603
f 795/32/604 793/31/604 913/31/604 915/32/604
f 797/31/605 798/30/605 918/30/605 917/31/605
f 798/30/606 800/29/606 920/29/606 918/30/606
f 800/29/607 799/32/607 919/32/607 920/29/607
f 799/32/608 797/31/608 917/31/608 919/32/608
f 801/31/609 802/30/609 922/30/609 921/31/609
f 802/30/610 804/29/610 924/29/610 922/30/610
f 804/29/611 803/32/611 923/32/611 924/29/611
f 803/32/612 801/31/612 921/31/612 923/32/612
f 805/31/613 806/30/613 926/30/613 925/31/613
f 806/30/614 808/29/614 928/29/614 926/30/614
f 808/29/615 807/32/615 927/32/615 928/29/615
f 807/32/616 805/31/616 925/31/616 927/32/616
f 809/31/617 810/30/617 930/30/617 929/31/617
f 810/30/618 812/29/618 932/29/618 930/30/618
f 812/29/619 811/32/619 931/32/619 932/29/619
f 811/32/620 809/31/620 929/31/620 931/32/620
f 813/31/621 814/30/621 934/30/621 933/31/621
f 814/30/622 816/29/622 936/29/622 934/30/622
f 816/29/623 815/32/623 935/32/623 936/29/623
f 815/32/624 813/31/624 933/31/624 935/32/624
f 817/31/625 818/30/625 938/30/625 937/31/625
f 818/30/626 820/29/626 940/29/626 938/30/626
f 820/29/627 819/32/627 939/32/627 940/29/627
f 819/32/628 817/31/628 937/31/628 939/32/628
f 821/31/629 822/30/629 942/30/629 941/31/629
f 822/30/630 824/29/630 944/29/630 942/30/630
f 824/29/631 823/32/631 943/32/631 944/29/631
f 823/32/632 821/31/632 941/31/632 943/32/632
f 825/31/633 826/30/633 946/30/633 945/31/633
f 826/30/634 828/29/634 948/29/634 946/30/634
f 828/29/635 827/32/635 947/32/635 948/29/635
f 827/32/636 825/31/636 945/31/636 947/32/636
f 829/31/637 830/30/637 950/30/637 949/31/637
f 830/30/638 832/29/638 952/29/638 950/30/638
f 832/29/639 831/32/639 951/32/639 952/29/639
f 831/32/640 829/31/640 949/31/640 951/32/640
f 833/31/641 834/30/641 954/30/641 953/31/641
f 834/30/642 836/29/642 956/29/642 954/30/642
f 836/29/643 835/32/643 955/32/643 956/29/643
f 835/32/644 833/31/644 953/31/644 955/32/644
f 837/31/645 838/30/645 958/30/645 957/31/645
f 838/30/646 840/29/646 960/29/646 958/30/646
f 840/29/647 839/32/647 959/32/647 960/29/647
f 839/32/648 837/31/648 957/31/648 959/32/648
o Cube.004
v 1.203910 -0.113266 -0.030312
v 1.203910 0.113266 -0.030312
v 1.578132 -0.113266 -0.120103
v 1.578132 0.113266 -0.120103
v 1.220429 -0.113266 0.038393
v 1.220429 0.113266 0.038393
v 1.596255 -0.113266 -0.044426
v 1.596255 0.113266 -0.044426
v 1.220429 -0.113266 0.038393
v 1.220429 0.113266 0.038393
v 1.596255 -0.113266 -0.044426
v 1.596255 0.113266 -0.044426
v 1.236342 -0.113266 0.103570
v 1.236342 0.113266 0.103570
v 1.614986 -0.113266 0.034778
v 1.614986 0.113266 0.034778
v 1.236342 -0.113266 0.103570
v 1.236342 0.113266 0.103570
v 1.614986 -0.113266 0.034778
v 1.614986 0.113266 0.034778
v 1.252516 -0.113266 0.168700
v 1.252516 0.113266 0.168700
v 1.633456 -0.113266 0.114030
v 1.633456 0.113266 0.114030
v 1.252516 -0.113266 0.168700
v 1.252516 0.113266 0.168700
v 1.633456 -0.113266 0.114030
v 1.633456 0.113266 0.114030
v 1.256258 -0.113122 0.229363
v 1.256258 0.113122 0.229363
v 1.639576 -0.113122 0.201174
v 1.639576 0.113122 0.201174
v 1.256258 -0.113122 0.229363
v 1.256258 0.113122 0.229363
v 1.639576 -0.113122 0.201174
v 1.639576 0.113122 0.201174
v 1.258930 -0.113043 0.289269
v 1.258930 0.112885 0.289269
v 1.642713 -0.112955 0.289635
v 1.642713 0.112955 0.289635
v 1.258930 -0.113043 0.289269
v 1.258930 0.112885 0.289269
v 1.642713 -0.112955 0.289635
v 1.642713 0.112955 0.289635
v 1.259902 -0.113102 0.349062
v 1.259902 0.112028 0.349062
v 1.641191 -0.112539 0.377832
v 1.641191 0.112539 0.377832
v 1.259902 -0.113102 0.349062
v 1.259902 0.112028 0.349062
v 1.641191 -0.112539 0.377832
v 1.641191 0.112539 0.377832
v 1.252057 -0.112800 0.408592
v 1.252057 0.109766 0.408592
v 1.625790 -0.111240 0.464951
v 1.625790 0.111240 0.464951
v 1.252057 -0.112800 0.408592
v 1.252057 0.109766 0.408592
v 1.625790 -0.111240 0.464951
v 1.625790 0.111240 0.464951
v 1.245195 -0.112898 0.468602
v 1.245195 0.107103 0.468602
v 1.609405 -0.109941 0.551590
v 1.609405 0.109941 0.551590
v 1.245195 -0.112898 0.468602
v 1.245195 0.107103 0.468602
v 1.609405 -0.109941 0.551590
v 1.609405 0.109941 0.551590
v 1.232426 -0.112709 0.527436
v 1.232426 0.103120 0.527436
v 1.582639 -0.107840 0.635152
v 1.582639 0.107840 0.635152
v 1.232426 -0.112709 0.527436
v 1.232426 0.103120 0.527436
v 1.582639 -0.107840 0.635152
v 1.582639 0.107840 0.635152
v 1.215457 -0.112455 0.585886
v 1.215457 0.098032 0.585886
v 1.548198 -0.105244 0.715998
v 1.548198 0.105079 0.715998
v 1.215457 -0.112455 0.585886
v 1.215457 0.098032 0.585886
v 1.548198 -0.105244 0.715998
v 1.548198 0.105079 0.715998
v 1.199161 -0.112534 0.645328
v 1.199161 0.092609 0.645328
v 1.513084 -0.103475 0.795853
v 1.513084 0.101519 0.795853
v 1.199161 -0.112534 0.645328
v 1.199161 0.092609 0.645328
v 1.513084 -0.103475 0.795853
v 1.513084 0.101519 0.795853
v 1.173032 -0.112033 0.700915
v 1.173032 0.085222 0.700915
v 1.463245 -0.101662 0.867646
v 1.463245 0.095464 0.867646
v 1.173032 -0.112033 0.700915
v 1.173032 0.085222 0.700915
v 1.463245 -0.101662 0.867646
v 1.463245 0.095464 0.867646
v 1.146512 -0.111812 0.757514
v 1.146512 0.077383 0.757514
v 1.412168 -0.100740 0.937637
v 1.412168 0.088342 0.937637
v 1.146512 -0.111812 0.757514
v 1.146512 0.077383 0.757514
v 1.412168 -0.100740 0.937637
v 1.412168 0.088342 0.937637
v 1.117150 -0.111649 0.813197
v 1.117150 0.068812 0.813197
v 1.357035 -0.100407 1.003320
v 1.357035 0.079958 1.003320
v 1.117150 -0.111649 0.813197
v 1.117150 0.068812 0.813197
v 1.357035 -0.100407 1.003320
v 1.357035 0.079958 1.003320
v 1.080601 -0.111277 0.865010
v 1.080601 0.058861 0.865010
v 1.292781 -0.100419 1.060526
v 1.292781 0.069640 1.060526
v 1.080601 -0.111277 0.865010
v 1.080601 0.058861 0.865010
v 1.292781 -0.100419 1.060526
v 1.292781 0.069640 1.060526
v 1.043755 -0.111153 0.918324
v 1.043755 0.048658 0.918324
v 1.228824 -0.100979 1.116232
v 1.228824 0.058767 1.116232
v 1.043755 -0.111153 0.918324
v 1.043755 0.048658 0.918324
v 1.228824 -0.100979 1.116232
v 1.228824 0.058767 1.116232
v 1.000611 -0.110997 0.966542
v 1.000611 0.037557 0.966542
v 1.158471 -0.101905 1.162742
v 1.158471 0.046599 1.162742
v 1.000611 -0.110997 0.966542
v 1.000611 0.037557 0.966542
v 1.158471 -0.101905 1.162742
v 1.158471 0.046599 1.162742
v 0.953710 -0.110909 1.012796
v 0.953710 0.025902 1.012796
v 1.085237 -0.103100 1.203747
v 1.085237 0.033672 1.203747
v 0.953710 -0.110909 1.012796
v 0.953710 0.025902 1.012796
v 1.085237 -0.103100 1.203747
v 1.085237 0.033672 1.203747
v 0.905834 -0.110915 1.060218
v 0.905834 0.014144 1.060218
v 1.012741 -0.104362 1.243177
v 1.012741 0.020668 1.243177
v 0.905834 -0.110915 1.060218
v 0.905834 0.014144 1.060218
v 1.012741 -0.104362 1.243177
v 1.012741 0.020668 1.243177
v 0.849807 -0.111112 1.096687
v 0.849807 0.001999 1.096687
v 0.933919 -0.106045 1.268853
v 0.933919 0.007044 1.268853
v 0.849807 -0.111112 1.096687
v 0.849807 0.001999 1.096687
v 0.933919 -0.106045 1.268853
v 0.933919 0.007044 1.268853
v 0.792657 -0.111262 1.134295
v 0.792657 -0.010106 1.134295
v 0.856219 -0.107481 1.293391
v 0.856219 -0.006339 1.293391
v 0.792657 -0.111262 1.134295
v 0.792657 -0.010106 1.134295
v 0.856219 -0.107481 1.293391
v 0.856219 -0.006339 1.293391
v 0.732368 -0.111527 1.167338
v 0.732368 -0.021839 1.167338
v 0.778078 -0.108891 1.312162
v 0.778078 -0.019212 1.312162
v 0.732368 -0.111527 1.167338
v 0.732368 -0.021839 1.167338
v 0.778078 -0.108891 1.312162
v 0.778078 -0.019212 1.312162
v 0.667692 -0.111996 1.191959
v 0.667692 -0.032964 1.191959
v 0.698372 -0.110405 1.322184
v 0.698372 -0.031378 1.322184
v 0.667692 -0.111996 1.191959
v 0.667692 -0.032964 1.191959
v 0.698372 -0.110405 1.322184
v 0.698372 -0.031378 1.322184
v 0.601794 -0.112062 1.217247
v 0.601794 -0.043690 1.217247
v 0.619888 -0.111197 1.331540
v 0.619888 -0.042828 1.331540
v 0.601794 -0.112062 1.217247
v 0.601794 -0.043690 1.217247
v 0.619888 -0.111197 1.331540
v 0.619888 -0.042828 1.331540
v 0.533001 -0.112614 1.230604
v 0.533001 -0.052702 1.230604
v 0.541370 -0.112374 1.331631
v 0.541370 -0.052464 1.331631
v 0.533001 -0.112614 1.230604
v 0.533001 -0.052702 1.230604
v 0.541370 -0.112374 1.331631
v 0.541370 -0.052464 1.331631
v 0.462636 -0.112841 1.239837
v 0.462636 -0.060599 1.239837
v 0.463369 -0.113010 1.328208
v 0.463369 -0.060768 1.328208
v 0.462636 -0.112841 1.239837
v 0.462636 -0.060599 1.239837
v 0.463369 -0.113010 1.328208
v 0.463369 -0.060768 1.328208
v 0.391414 -0.112407 1.247570
v 0.391414 -0.067389 1.247570
v 0.386388 -0.112747 1.323538
v 0.386388 -0.067728 1.323538
v 0.391414 -0.112407 1.247570
v 0.391414 -0.067389 1.247570
v 0.386388 -0.112747 1.323538
v 0.386388 -0.067728 1.323538
v 0.320556 -0.112864 1.238699
v 0.320556 -0.070777 1.238699
v 0.310596 -0.113417 1.309162
v 0.310596 -0.071327 1.309162
v 0.320556 -0.112864 1.238699
v 0.320556 -0.070777 1.238699
v 0.310596 -0.113417 1.309162
v 0.310596 -0.071327 1.309162
v 0.249306 -0.112142 1.229971
v 0.249306 -0.072990 1.229971
v 0.235197 -0.112697 1.294644
v 0.235197 -0.073538 1.294644
v 0.249306 -0.112142 1.229971
v 0.249306 -0.072990 1.229971
v 0.235197 -0.112697 1.294644
v 0.235197 -0.073538 1.294644
v 0.179968 -0.112015 1.212788
v 0.179968 -0.073135 1.212788
v 0.161224 -0.112562 1.275795
v 0.161224 -0.073676 1.275795
vn -0.2333 -0.0000 -0.9724
vn 0.9725 -0.0000 -0.2329
vn 0.2152 -0.0000 0.9766
vn -0.9723 -0.0000 0.2338
vn -0.0000 -1.0000 -0.0000
vn -0.2152 -0.0000 -0.9766
vn 0.9732 -0.0000 -0.2301
vn 0.1788 -0.0000 0.9839
vn -0.9715 -0.0000 0.2372
vn -0.1788 -0.0000 -0.9839
vn 0.9739 -0.0000 -0.2270
vn 0.1421 -0.0000 0.9899
vn -0.9705 -0.0000 0.2410
vn -0.1421 -0.0000 -0.9899
vn 0.9975 -0.0000 -0.0701
vn 0.0733 -0.0000 0.9973
vn -0.9981 -0.0000 0.0616
vn 0.0002 -1.0000 0.0019
vn -0.0733 -0.0000 -0.9973
vn 0.9994 -0.0000 -0.0354
vn -0.0010 -0.0000 1.0000
vn -0.9990 -0.0000 0.0446
vn 0.0002 -1.0000 0.0017
vn 0.0010 -0.0000 -1.0000
vn 0.9999 -0.0000 0.0173
vn -0.0752 -0.0000 0.9972
vn -0.9999 -0.0000 0.0163
vn 0.0008 -1.0000 0.0024
vn 0.0752 -0.0000 -0.9972
vn 0.9847 -0.0000 0.1741
vn -0.1491 -0.0000 0.9888
vn -0.9914 -0.0000 -0.1307
vn 0.0016 -0.9999 0.0112
vn 0.1491 -0.0000 -0.9888
vn 0.9826 -0.0000 0.1858
vn -0.2222 -0.0000 0.9750
vn -0.9935 -0.0000 -0.1136
vn 0.0044 -1.0000 0.0089
vn 0.2222 -0.0000 -0.9750
vn 0.9523 -0.0000 0.3050
vn -0.2940 -0.0000 0.9558
vn -0.9772 -0.0000 -0.2121
vn 0.0062 -0.9998 0.0178
vn 0.2940 -0.0000 -0.9558
vn 0.9200 -0.0000 0.3919
vn -0.3642 -0.0000 0.9313
vn -0.9603 -0.0000 -0.2788
vn 0.0094 -0.9997 0.0239
vn 0.3642 -0.0000 -0.9313
vn 0.9154 -0.0000 0.4025
vn -0.4324 -0.0000 0.9017
vn -0.9644 -0.0000 -0.2644
vn 0.0171 -0.9997 0.0185
vn 0.4324 -0.0000 -0.9017
vn 0.8215 -0.0000 0.5703
vn -0.4982 -0.0000 0.8671
vn -0.9050 -0.0000 -0.4254
vn 0.0172 -0.9994 0.0284
vn 0.4982 -0.0000 -0.8671
vn 0.8078 -0.0000 0.5895
vn -0.5612 -0.0000 0.8277
vn -0.9055 -0.0000 -0.4243
vn 0.0238 -0.9994 0.0236
vn 0.5612 -0.0000 -0.8277
vn 0.7659 -0.0000 0.6429
vn -0.6211 -0.0000 0.7837
vn -0.8846 -0.0000 -0.4664
vn 0.0272 -0.9994 0.0230
vn 0.6211 -0.0000 -0.7837
vn 0.6650 -0.0000 0.7469
vn -0.6776 -0.0000 0.7354
vn -0.8172 -0.0000 -0.5764
vn 0.0257 -0.9993 0.0271
vn 0.6776 -0.0000 -0.7354
vn 0.6568 -0.0000 0.7541
vn -0.7304 -0.0000 0.6830
vn -0.8227 -0.0000 -0.5685
vn 0.0297 -0.9993 0.0234
vn 0.7304 -0.0000 -0.6830
vn 0.5515 -0.0000 0.8342
vn -0.7791 -0.0000 0.6269
vn -0.7452 -0.0000 -0.6668
vn 0.0275 -0.9993 0.0249
vn 0.7791 -0.0000 -0.6269
vn 0.4885 -0.0000 0.8725
vn -0.8235 -0.0000 0.5673
vn -0.7022 -0.0000 -0.7120
vn 0.0265 -0.9994 0.0238
vn 0.8235 -0.0000 -0.5673
vn 0.4778 -0.0000 0.8785
vn -0.8634 -0.0000 0.5045
vn -0.7037 -0.0000 -0.7105
vn 0.0262 -0.9994 0.0217
vn 0.8634 -0.0000 -0.5045
vn 0.3097 -0.0000 0.9508
vn -0.8985 -0.0000 0.4390
vn -0.5455 -0.0000 -0.8381
vn 0.0232 -0.9995 0.0202
vn 0.8985 -0.0000 -0.4390
vn 0.3011 -0.0000 0.9536
vn -0.9286 -0.0000 0.3710
vn -0.5497 -0.0000 -0.8354
vn 0.0200 -0.9996 0.0178
vn 0.9286 -0.0000 -0.3710
vn 0.2336 -0.0000 0.9723
vn -0.9536 -0.0000 0.3010
vn -0.4806 -0.0000 -0.8769
vn 0.0176 -0.9997 0.0148
vn 0.9536 -0.0000 -0.3010
vn 0.1248 -0.0000 0.9922
vn -0.9734 -0.0000 0.2293
vn -0.3558 -0.0000 -0.9346
vn 0.0163 -0.9998 0.0108
vn 0.9734 -0.0000 -0.2293
vn 0.1184 -0.0000 0.9930
vn -0.9877 -0.0000 0.1564
vn -0.3583 -0.0000 -0.9336
vn 0.0080 -0.9999 0.0085
vn 0.9877 -0.0000 -0.1564
vn 0.0012 -0.0000 1.0000
vn -0.9966 -0.0000 0.0826
vn -0.1906 -0.0000 -0.9817
vn 0.0121 -0.9999 0.0036
vn 0.9966 -0.0000 -0.0826
vn -0.0438 -0.0000 0.9990
vn -1.0000 -0.0000 0.0083
vn -0.1301 -0.0000 -0.9915
vn 0.0058 -1.0000 0.0001
vn 1.0000 -0.0000 -0.0083
vn -0.0606 -0.0000 0.9982
vn -0.9978 -0.0000 -0.0660
vn -0.1079 -0.0000 -0.9942
vn -0.0048 -1.0000 -0.0032
vn 0.9978 -0.0000 0.0660
vn -0.1864 -0.0000 0.9825
vn -0.9902 -0.0000 -0.1400
vn 0.1242 -0.0000 -0.9923
vn 0.0085 -1.0000 -0.0052
vn 0.9902 -0.0000 0.1400
vn -0.1891 -0.0000 0.9820
vn -0.9770 -0.0000 -0.2131
vn 0.1216 -0.0000 -0.9926
vn -0.0083 -0.9999 -0.0097
vn 0.9770 -0.0000 0.2131
vn -0.2469 -0.0000 0.9690
vn -0.9585 -0.0000 -0.2851
vn 0.2405 -0.0000 -0.9706
vn 0.0003 -1.0000 -0.0085
vt 0.375000 0.000000
vt 0.625000 0.000000
vt 0.625000 0.250000
vt 0.375000 0.250000
vt 0.625000 0.500000
vt 0.375000 0.500000
vt 0.625000 0.750000
vt 0.375000 0.750000
vt 0.625000 1.000000
vt 0.375000 1.000000
vt 0.125000 0.500000
vt 0.125000 0.750000
s 1
usemtl Material.001
f 961/33/649 962/34/649 964/35/649 963/36/649
f 963/36/650 964/35/650 968/37/650 967/38/650
f 967/38/651 968/37/651 966/39/651 965/40/651
f 965/40/652 966/39/652 962/41/652 961/42/652
f 963/43/653 967/38/653 965/40/653 961/44/653
f 969/33/654 970/34/654 972/35/654 971/36/654
f 971/36/655 972/35/655 976/37/655 975/38/655
f 975/38/656 976/37/656 974/39/656 973/40/656
f 973/40/657 974/39/657 970/41/657 969/42/657
f 971/43/653 975/38/653 973/40/653 969/44/653
f 977/33/658 978/34/658 980/35/658 979/36/658
f 979/36/659 980/35/659 984/37/659 983/38/659
f 983/38/660 984/37/660 982/39/660 981/40/660
f 981/40/661 982/39/661 978/41/661 977/42/661
f 979/43/653 983/38/653 981/40/653 977/44/653
f 985/33/662 986/34/662 988/35/662 987/36/662
f 987/36/663 988/35/663 992/37/663 991/38/663
f 991/38/664 992/37/664 990/39/664 989/40/664
f 989/40/665 990/39/665 986/41/665 985/42/665
f 987/43/666 991/38/666 989/40/666 985/44/666
f 993/33/667 994/34/667 996/35/667 995/36/667
f 995/36/668 996/35/668 1000/37/668 999/38/668
f 999/38/669 1000/37/669 998/39/669 997/40/669
f 997/40/670 998/39/670 994/41/670 993/42/670
f 995/43/671 999/38/671 997/40/671 993/44/671
f 1001/33/672 1002/34/672 1004/35/672 1003/36/672
f 1003/36/673 1004/35/673 1008/37/673 1007/38/673
f 1007/38/674 1008/37/674 1006/39/674 1005/40/674
f 1005/40/675 1006/39/675 1002/41/675 1001/42/675
f 1003/43/676 1007/38/676 1005/40/676 1001/44/676
f 1009/33/677 1010/34/677 1012/35/677 1011/36/677
f 1011/36/678 1012/35/678 1016/37/678 1015/38/678
f 1015/38/679 1016/37/679 1014/39/679 1013/40/679
f 1013/40/680 1014/39/680 1010/41/680 1009/42/680
f 1011/43/681 1015/38/681 1013/40/681 1009/44/681
f 1017/33/682 1018/34/682 1020/35/682 1019/36/682
f 1019/36/683 1020/35/683 1024/37/683 1023/38/683
f 1023/38/684 1024/37/684 1022/39/684 1021/40/684
f 1021/40/685 1022/39/685 1018/41/685 1017/42/685
f 1019/43/686 1023/38/686 1021/40/686 1017/44/686
f 1025/33/687 1026/34/687 1028/35/687 1027/36/687
f 1027/36/688 1028/35/688 1032/37/688 1031/38/688
f 1031/38/689 1032/37/689 1030/39/689 1029/40/689
f 1029/40/690 1030/39/690 1026/41/690 1025/42/690
f 1027/43/691 1031/38/691 1029/40/691 1025/44/691
f 1033/33/692 1034/34/692 1036/35/692 1035/36/692
f 1035/36/693 1036/35/693 1040/37/693 1039/38/693
f 1039/38/694 1040/37/694 1038/39/694 1037/40/694
f 1037/40/695 1038/39/695 1034/41/695 1033/42/695
f 1035/43/696 1039/38/696 1037/40/696 1033/44/696
f 1041/33/697 1042/34/697 1044/35/697 1043/36/697
f 1043/36/698 1044/35/698 1048/37/698 1047/38/698
f 1047/38/699 1048/37/699 1046/39/699 1045/40/699
f 1045/40/700 1046/39/700 1042/41/700 1041/42/700
f 1043/43/701 1047/38/701 1045/40/701 1041/44/701
f 1049/33/702 1050/34/702 1052/35/702 1051/36/702
f 1051/36/703 1052/35/703 1056/37/703 1055/38/703
f 1055/38/704 1056/37/704 1054/39/704 1053/40/704
f 1053/40/705 1054/39/705 1050/41/705 1049/42/705
f 1051/43/706 1055/38/706 1053/40/706 1049/44/706
f 1057/33/707 1058/34/707 1060/35/707 1059/36/707
f 1059/36/708 1060/35/708 1064/37/708 1063/38/708
f 1063/38/709 1064/37/709 1062/39/709 1061/40/709
f 1061/40/710 1062/39/710 1058/41/710 1057/42/710
f 1059/43/711 1063/38/711 1061/40/711 1057/44/711
f 1065/33/712 1066/34/712 1068/35/712 1067/36/712
f 1067/36/713 1068/35/713 1072/37/713 1071/38/713
f 1071/38/714 1072/37/714 1070/39/714 1069/40/714
f 1069/40/715 1070/39/715 1066/41/715 1065/42/715
f 1067/43/716 1071/38/716 1069/40/716 1065/44/716
f 1073/33/717 1074/34/717 1076/35/717 1075/36/717
f 1075/36/718 1076/35/718 1080/37/718 1079/38/718
f 1079/38/719 1080/37/719 1078/39/719 1077/40/719
f 1077/40/720 1078/39/720 1074/41/720 1073/42/720
f 1075/43/721 1079/38/721 1077/40/721 1073/44/721
f 1081/33/722 1082/34/722 1084/35/722 1083/36/722
f 1083/36/723 1084/35/723 1088/37/723 1087/38/723
f 1087/38/724 1088/37/724 1086/39/724 1085/40/724
f 1085/40/725 1086/39/725 1082/41/725 1081/42/725
f 1083/43/726 1087/38/726 1085/40/726 1081/44/726
f 1089/33/727 1090/34/727 1092/35/727 1091/36/727
f 1091/36/728 1092/35/728 1096/37/728 1095/38/728
f 1095/38/729 1096/37/729 1094/39/729 1093/40/729
f 1093/40/730 1094/39/730 1090/41/730 1089/42/730
f 1091/43/731 1095/38/731 1093/40/731 1089/44/731
f 1097/33/732 1098/34/732 1100/35/732 1099/36/732
f 1099/36/733 1100/35/733 1104/37/733 1103/38/733
f 1103/38/734 1104/37/734 1102/39/734 1101/40/734
f 1101/40/735 1102/39/735 1098/41/735 1097/42/735
f 1099/43/736 1103/38/736 1101/40/736 1097/44/736
f 1105/33/737 1106/34/737 1108/35/737 1107/36/737
f 1107/36/738 1108/35/738 1112/37/738 1111/38/738
f 1111/38/739 1112/37/739 1110/39/739 1109/40/739
f 1109/40/740 1110/39/740 1106/41/740 1105/42/740
f 1107/43/741 1111/38/741 1109/40/741 1105/44/741
f 1113/33/742 1114/34/742 1116/35/742 1115/36/742
f 1115/36/743 1116/35/743 1120/37/743 1119/38/743
f 1119/38/744 1120/37/744 1118/39/744 1117/40/744
f 1117/40/745 1118/39/745 1114/41/745 1113/42/745
f 1115/43/746 1119/38/746 1117/40/746 1113/44/746
f 1121/33/747 1122/34/747 1124/35/747 1123/36/747
f 1123/36/748 1124/35/748 1128/37/748 1127/38/748
f 1127/38/749 1128/37/749 1126/39/749 1125/40/749
f 1125/40/750 1126/39/750 1122/41/750 1121/42/750
f 1123/43/751 1127/38/751 1125/40/751 1121/44/751
f 1129/33/752 1130/34/752 1132/35/752 1131/36/752
f 1131/36/753 1132/35/753 1136/37/753 1135/38/753
f 1135/38/754 1136/37/754 1134/39/754 1133/40/754
f 1133/40/755 1134/39/755 1130/41/755 1129/42/755
f 1131/43/756 1135/38/756 1133/40/756 1129/44/756
f 1137/33/757 1138/34/757 1140/35/757 1139/36/757
f 1139/36/758 1140/35/758 1144/37/758 1143/38/758
f 1143/38/759 1144/37/759 1142/39/759 1141/40/759
f 1141/40/760 1142/39/760 1138/41/760 1137/42/760
f 1139/43/761 1143/38/761 1141/40/761 1137/44/761
f 1145/33/762 1146/34/762 1148/35/762 1147/36/762
f 1147/36/763 1148/35/763 1152/37/763 1151/38/763
f 1151/38/764 1152/37/764 1150/39/764 1149/40/764
f 1149/40/765 1150/39/765 1146/41/765 1145/42/765
f 1147/43/766 1151/38/766 1149/40/766 1145/44/766
f 1153/33/767 1154/34/767 1156/35/767 1155/36/767
f 1155/36/768 1156/35/768 1160/37/768 1159/38/768
f 1159/38/769 1160/37/769 1158/39/769 1157/40/769
f 1157/40/770 1158/39/770 1154/41/770 1153/42/770
f 1155/43/771 1159/38/771 1157/40/771 1153/44/771
f 1161/33/772 1162/34/772 1164/35/772 1163/36/772
f 1163/36/773 1164/35/773 1168/37/773 1167/38/773
f 1167/38/774 1168/37/774 1166/39/774 1165/40/774
f 1165/40/775 1166/39/775 1162/41/775 1161/42/775
f 1163/43/776 1167/38/776 1165/40/776 1161/44/776
f 1169/33/777 1170/34/777 1172/35/777 1171/36/777
f 1171/36/778 1172/35/778 1176/37/778 1175/38/778
f 1175/38/779 1176/37/779 1174/39/779 1173/40/779
f 1173/40/780 1174/39/780 1170/41/780 1169/42/780
f 1171/43/781 1175/38/781 1173/40/781 1169/44/781
f 1177/33/782 1178/34/782 1180/35/782 1179/36/782
f 1179/36/783 1180/35/783 1184/37/783 1183/38/783
f 1183/38/784 1184/37/784 1182/39/784 1181/40/784
f 1181/40/785 1182/39/785 1178/41/785 1177/42/785
f 1179/43/786 1183/38/786 1181/40/786 1177/44/786
f 1185/33/787 1186/34/787 1188/35/787 1187/36/787
f 1187/36/788 1188/35/788 1192/37/788 1191/38/788
f 1191/38/789 1192/37/789 1190/39/789 1189/40/789
f 1189/40/790 1190/39/790 1186/41/790 1185/42/790
f 1187/43/791 1191/38/791 1189/40/791 1185/44/791
f 1193/33/792 1194/34/792 1196/35/792 1195/36/792
f 1195/36/793 1196/35/793 1200/37/793 1199/38/793
f 1199/38/794 1200/37/794 1198/39/794 1197/40/794
f 1197/40/795 1198/39/795 1194/41/795 1193/42/795
f 1195/43/796 1199/38/796 1197/40/796 1193/44/796
o Cube.005
v 1.149781 0.116770 -0.166989
v 1.682413 0.116770 -0.116352
v 1.167858 0.116770 -0.092414
v 1.702248 0.116770 -0.034210
v 1.167858 0.116770 -0.092414
v 1.702248 0.116770 -0.034210
v 1.185264 0.116770 -0.021667
v 1.722753 0.116770 0.051758
v 1.185264 0.116770 -0.021667
v 1.722753 0.116770 0.051758
v 1.202949 0.116770 0.049030
v 1.742980 0.116770 0.137777
v 1.202949 0.116770 0.049030
v 1.742980 0.116770 0.137777
v 1.207333 0.116621 0.114805
v 1.750072 0.116621 0.232271
v 1.207333 0.116621 0.114805
v 1.750072 0.116621 0.232271
v 1.210571 0.116448 0.179753
v 1.753988 0.116448 0.328172
v 1.210571 0.116448 0.179753
v 1.753988 0.116448 0.328172
v 1.211992 0.116020 0.244568
v 1.752923 0.116020 0.423760
v 1.211992 0.116020 0.244568
v 1.752923 0.116020 0.423760
v 1.203998 0.114593 0.309042
v 1.737023 0.114681 0.518094
v 1.203998 0.114593 0.309042
v 1.737023 0.114681 0.518094
v 1.197058 0.112785 0.374042
v 1.720069 0.113342 0.611901
v 1.197058 0.112785 0.374042
v 1.720069 0.113342 0.611901
v 1.183803 0.109702 0.437729
v 1.692001 0.111175 0.702312
v 1.183803 0.109702 0.437729
v 1.692001 0.111175 0.702312
v 1.166063 0.105548 0.500973
v 1.655703 0.108405 0.789735
v 1.166063 0.105548 0.500973
v 1.655703 0.108405 0.789735
v 1.149046 0.101058 0.565297
v 1.618701 0.105635 0.876072
v 1.149046 0.101058 0.565297
v 1.618701 0.105635 0.876072
v 1.121508 0.094645 0.625379
v 1.565896 0.101551 0.953588
v 1.121508 0.094645 0.625379
v 1.565896 0.101551 0.953588
v 1.093557 0.087787 0.686555
v 1.511756 0.096733 1.029143
v 1.093557 0.087787 0.686555
v 1.511756 0.096733 1.029143
v 1.062568 0.080199 0.746721
v 1.453268 0.090504 1.099999
v 1.062568 0.080199 0.746721
v 1.453268 0.090504 1.099999
v 1.023881 0.071227 0.802647
v 1.384961 0.082276 1.161618
v 1.023881 0.071227 0.802647
v 1.384961 0.082276 1.161618
v 0.984886 0.061440 0.860196
v 1.316986 0.073235 1.221604
v 0.984886 0.061440 0.860196
v 1.316986 0.073235 1.221604
v 0.939135 0.050709 0.912182
v 1.242109 0.062737 1.271588
v 0.939135 0.050709 0.912182
v 1.242109 0.062737 1.271588
v 0.889361 0.039353 0.962015
v 1.164115 0.051249 1.315588
v 0.889361 0.039353 0.962015
v 1.164115 0.051249 1.315588
v 0.838552 0.027760 1.013108
v 1.086920 0.039415 1.357878
v 0.838552 0.027760 1.013108
v 1.086920 0.039415 1.357878
v 0.778972 0.015903 1.052277
v 1.002877 0.026734 1.385222
v 0.778972 0.015903 1.052277
v 1.002877 0.026734 1.385222
v 0.718200 0.003984 1.092672
v 0.920030 0.014011 1.411338
v 0.718200 0.003984 1.092672
v 0.920030 0.014011 1.411338
v 0.654048 -0.007542 1.128101
v 0.836682 0.001531 1.431198
v 0.654048 -0.007542 1.128101
v 0.836682 0.001531 1.431198
v 0.585158 -0.018320 1.154372
v 0.751615 -0.010514 1.441563
v 0.585158 -0.018320 1.154372
v 0.751615 -0.010514 1.441563
v 0.514967 -0.028759 1.181359
v 0.667852 -0.022106 1.451211
v 0.514967 -0.028759 1.181359
v 0.667852 -0.022106 1.451211
v 0.441610 -0.037214 1.195395
v 0.584003 -0.032138 1.450814
v 0.441610 -0.037214 1.195395
v 0.584003 -0.032138 1.450814
v 0.366548 -0.044447 1.204951
v 0.500689 -0.041089 1.446610
v 0.366548 -0.044447 1.204951
v 0.500689 -0.041089 1.446610
v 0.290560 -0.050535 1.212875
v 0.418458 -0.048931 1.441060
v 0.290560 -0.050535 1.212875
v 0.418458 -0.048931 1.441060
v 0.214856 -0.053952 1.202806
v 0.337445 -0.053616 1.424994
v 0.214856 -0.053952 1.202806
v 0.337445 -0.053616 1.424994
v 0.138733 -0.057225 1.192889
v 0.256851 -0.057139 1.408775
v 0.138733 -0.057225 1.192889
v 0.256851 -0.057139 1.408775
v 0.064598 -0.057979 1.173819
v 0.177756 -0.057979 1.387871
v 1.149781 0.091080 -0.166989
v 1.682413 0.091080 -0.116352
v 1.167858 0.091080 -0.092414
v 1.702248 0.091080 -0.034210
v 1.167858 0.091080 -0.092414
v 1.702248 0.091080 -0.034210
v 1.185264 0.091080 -0.021667
v 1.722753 0.091080 0.051758
v 1.185264 0.091080 -0.021668
v 1.722753 0.091080 0.051758
v 1.202949 0.091080 0.049030
v 1.742980 0.091080 0.137777
v 1.202907 0.091081 0.048900
v 1.742938 0.091081 0.137647
v 1.207291 0.090932 0.114675
v 1.750030 0.090932 0.232141
v 1.207286 0.090932 0.114658
v 1.750025 0.090932 0.232123
v 1.210524 0.090759 0.179606
v 1.753941 0.090759 0.328025
v 1.210458 0.090760 0.179399
v 1.753875 0.090760 0.327817
v 1.211880 0.090332 0.244214
v 1.752811 0.090332 0.423405
v 1.211666 0.090338 0.243530
v 1.752597 0.090338 0.422722
v 1.203672 0.088901 0.308004
v 1.736696 0.088999 0.517056
v 1.203686 0.088900 0.308037
v 1.736711 0.088999 0.517089
v 1.196745 0.087078 0.373037
v 1.719757 0.087659 0.610896
v 1.196586 0.087090 0.372505
v 1.719597 0.087669 0.610365
v 1.183332 0.083992 0.436192
v 1.691529 0.085502 0.700776
v 1.183245 0.084002 0.435885
v 1.691443 0.085509 0.700469
v 1.165505 0.079833 0.499130
v 1.655145 0.082739 0.787891
v 1.165541 0.079830 0.499220
v 1.655181 0.082737 0.787981
v 1.148524 0.075325 0.563543
v 1.618179 0.079967 0.874318
v 1.148351 0.075350 0.562916
v 1.618005 0.079985 0.873691
v 1.120812 0.068921 0.622998
v 1.565200 0.075899 0.951207
v 1.120858 0.068917 0.623110
v 1.565247 0.075896 0.951318
v 1.092908 0.062044 0.684286
v 1.511107 0.071052 1.026874
v 1.092921 0.062046 0.684274
v 1.511119 0.071053 1.026861
v 1.061931 0.054444 0.744440
v 1.452631 0.064798 1.097718
v 1.061902 0.054453 0.744266
v 1.452602 0.064805 1.097544
v 1.023216 0.045467 0.800191
v 1.384295 0.056550 1.159162
v 1.023293 0.045460 0.800400
v 1.384372 0.056545 1.159372
v 0.984298 0.035699 0.857950
v 1.316398 0.047481 1.219358
v 0.984326 0.035700 0.857967
v 1.316426 0.047483 1.219376
v 0.938575 0.024962 0.909953
v 1.241549 0.036963 1.269359
v 0.938634 0.024957 0.910091
v 1.241609 0.036963 1.269497
v 0.888860 0.013596 0.959924
v 1.163614 0.025457 1.313497
v 0.888937 0.013587 0.960138
v 1.163691 0.025456 1.313710
v 0.838129 0.001992 1.011230
v 1.086496 0.013607 1.356001
v 0.838187 0.001988 1.011369
v 1.086554 0.013609 1.356139
v 0.778606 -0.009868 1.050538
v 1.002512 0.000919 1.383483
v 0.778670 -0.009874 1.050722
v 1.002576 0.000920 1.383667
v 0.717899 -0.021789 1.091117
v 0.919729 -0.011806 1.409783
v 0.717959 -0.021796 1.091304
v 0.919788 -0.011805 1.409970
v 0.653806 -0.033315 1.126733
v 0.836440 -0.024284 1.429829
v 0.653857 -0.033322 1.126910
v 0.836491 -0.024283 1.430007
v 0.584967 -0.044091 1.153181
v 0.751423 -0.036323 1.440372
v 0.584994 -0.044094 1.153260
v 0.751451 -0.036322 1.440451
v 0.514803 -0.054520 1.180247
v 0.667688 -0.047906 1.450099
v 0.514844 -0.054530 1.180465
v 0.667728 -0.047906 1.450318
v 0.441486 -0.062972 1.194502
v 0.583880 -0.057930 1.449921
v 0.441502 -0.062976 1.194589
v 0.583896 -0.057929 1.450008
v 0.366440 -0.070196 1.204144
v 0.500581 -0.066869 1.445804
v 0.366444 -0.070198 1.204178
v 0.500585 -0.066870 1.445838
v 0.290456 -0.076271 1.212103
v 0.418354 -0.074699 1.440288
v 0.290514 -0.076289 1.212525
v 0.418411 -0.074699 1.440711
v 0.214810 -0.079716 1.202456
v 0.337398 -0.079380 1.424644
v 0.214813 -0.079716 1.202467
v 0.337402 -0.079379 1.424655
v 0.138690 -0.082984 1.192550
v 0.256808 -0.082898 1.408437
v 0.138729 -0.082984 1.192857
v 0.256847 -0.082898 1.408743
v 0.064594 -0.083740 1.173787
v 0.177752 -0.083740 1.387839
vn -0.0000 1.0000 -0.0000
vn -0.0004 1.0000 0.0019
vn -0.0005 1.0000 0.0022
vn -0.0016 1.0000 0.0053
vn -0.0060 0.9998 0.0165
vn -0.0085 0.9998 0.0185
vn -0.0164 0.9994 0.0296
vn -0.0249 0.9990 0.0370
vn -0.0309 0.9988 0.0371
vn -0.0467 0.9977 0.0489
vn -0.0576 0.9971 0.0505
vn -0.0718 0.9958 0.0560
vn -0.0891 0.9939 0.0643
vn -0.1017 0.9926 0.0664
vn -0.1158 0.9909 0.0693
vn -0.1262 0.9896 0.0691
vn -0.1328 0.9889 0.0661
vn -0.1391 0.9882 0.0642
vn -0.1414 0.9881 0.0608
vn -0.1399 0.9886 0.0561
vn -0.1345 0.9896 0.0512
vn -0.1301 0.9903 0.0489
vn -0.1131 0.9927 0.0414
vn -0.1003 0.9942 0.0389
vn -0.0871 0.9955 0.0380
vn -0.0561 0.9981 0.0269
vn -0.0475 0.9986 0.0251
vn -0.0120 0.9999 0.0063
vn -0.0000 -1.0000 -0.0000
vn 0.0004 -1.0000 -0.0019
vn 0.0005 -1.0000 -0.0022
vn 0.0016 -1.0000 -0.0053
vn 0.0061 -0.9998 -0.0166
vn 0.0085 -0.9998 -0.0186
vn 0.0165 -0.9994 -0.0297
vn 0.0250 -0.9990 -0.0371
vn 0.0310 -0.9988 -0.0371
vn 0.0469 -0.9977 -0.0489
vn 0.0579 -0.9970 -0.0507
vn 0.0721 -0.9958 -0.0561
vn 0.0894 -0.9939 -0.0644
vn 0.1017 -0.9926 -0.0664
vn 0.1159 -0.9908 -0.0694
vn 0.1263 -0.9896 -0.0692
vn 0.1328 -0.9889 -0.0662
vn 0.1391 -0.9882 -0.0643
vn 0.1414 -0.9881 -0.0608
vn 0.1398 -0.9886 -0.0562
vn 0.1344 -0.9896 -0.0513
vn 0.1299 -0.9903 -0.0489
vn 0.1130 -0.9927 -0.0415
vn 0.1001 -0.9942 -0.0390
vn 0.0869 -0.9955 -0.0381
vn 0.0561 -0.9981 -0.0270
vn 0.0474 -0.9986 -0.0251
vn 0.0121 -0.9999 -0.0063
vn 0.0946 -0.0000 -0.9955
vn 0.9721 -0.0000 -0.2347
vn -0.1083 -0.0000 0.9941
vn -0.9719 -0.0000 0.2356
vn 0.1083 -0.0000 -0.9941
vn 0.9727 -0.0000 -0.2320
vn -0.1354 -0.0000 0.9908
vn -0.9710 -0.0000 0.2389
vn 0.1354 -0.0000 -0.9908
vn 0.9734 -0.0000 -0.2289
vn -0.1622 -0.0000 0.9868
vn -0.9701 -0.0000 0.2427
vn 0.1622 0.0047 -0.9868
vn 0.9972 -0.0013 -0.0748
vn -0.2115 -0.0046 0.9774
vn -0.9978 0.0013 0.0665
vn 0.2115 0.0052 -0.9774
vn 0.9992 -0.0016 -0.0408
vn -0.2635 -0.0050 0.9647
vn -0.9988 0.0015 0.0498
vn 0.2635 0.0122 -0.9646
vn 0.9999 -0.0045 0.0111
vn -0.3144 -0.0117 0.9492
vn -0.9998 0.0041 0.0220
vn 0.3143 0.0344 -0.9487
vn 0.9860 -0.0192 0.1659
vn -0.3649 -0.0330 0.9305
vn -0.9923 0.0175 -0.1226
vn 0.3649 0.0320 -0.9305
vn 0.9839 -0.0189 0.1776
vn -0.4138 -0.0306 0.9099
vn -0.9943 0.0162 -0.1057
vn 0.4135 0.0468 -0.9093
vn 0.9547 -0.0352 0.2955
vn -0.4612 -0.0445 0.8862
vn -0.9789 0.0300 -0.2023
vn 0.4610 0.0536 -0.8858
vn 0.9230 -0.0475 0.3817
vn -0.5071 -0.0507 0.8604
vn -0.9627 0.0401 -0.2674
vn 0.5072 0.0484 -0.8605
vn 0.9187 -0.0455 0.3923
vn -0.5509 -0.0457 0.8333
vn -0.9667 0.0369 -0.2532
vn 0.5503 0.0623 -0.8326
vn 0.8260 -0.0743 0.5588
vn -0.5925 -0.0584 0.8035
vn -0.9098 0.0626 -0.4103
vn 0.5926 0.0560 -0.8036
vn 0.8129 -0.0717 0.5779
vn -0.6322 -0.0523 0.7731
vn -0.9105 0.0591 -0.4093
vn 0.6321 0.0530 -0.7730
vn 0.7723 -0.0752 0.6308
vn -0.6692 -0.0492 0.7415
vn -0.8905 0.0620 -0.4508
vn 0.6690 0.0534 -0.7414
vn 0.6730 -0.0876 0.7344
vn -0.7034 -0.0495 0.7091
vn -0.8257 0.0747 -0.5592
vn 0.7036 0.0458 -0.7091
vn 0.6655 -0.0800 0.7421
vn -0.7350 -0.0422 0.6768
vn -0.8312 0.0671 -0.5518
vn 0.7350 0.0426 -0.6768
vn 0.5613 -0.0834 0.8234
vn -0.7633 -0.0392 0.6448
vn -0.7561 0.0728 -0.6504
vn 0.7634 0.0375 -0.6448
vn 0.4987 -0.0797 0.8631
vn -0.7886 -0.0345 0.6140
vn -0.7138 0.0705 -0.6968
vn 0.7887 0.0317 -0.6140
vn 0.4876 -0.0713 0.8701
vn -0.8106 -0.0293 0.5849
vn -0.7147 0.0625 -0.6966
vn 0.8106 0.0280 -0.5849
vn 0.3180 -0.0682 0.9456
vn -0.8291 -0.0259 0.5584
vn -0.5570 0.0638 -0.8280
vn 0.8292 0.0240 -0.5584
vn 0.3086 -0.0608 0.9493
vn -0.8443 -0.0224 0.5354
vn -0.5603 0.0564 -0.8263
vn 0.8443 0.0205 -0.5354
vn 0.2390 -0.0536 0.9695
vn -0.8561 -0.0194 0.5164
vn -0.4898 0.0508 -0.8704
vn 0.8562 0.0175 -0.5164
vn 0.1273 -0.0467 0.9908
vn -0.8649 -0.0167 0.5017
vn -0.3622 0.0457 -0.9310
vn 0.8649 0.0161 -0.5017
vn 0.1203 -0.0435 0.9918
vn -0.8698 -0.0157 0.4932
vn -0.3640 0.0425 -0.9304
vn 0.8699 0.0129 -0.4931
vn -0.0006 -0.0346 0.9994
vn -0.8733 -0.0127 0.4871
vn -0.1917 0.0349 -0.9808
vn 0.8733 0.0116 -0.4871
vn -0.0471 -0.0310 0.9984
vn -0.8742 -0.0115 0.4854
vn -0.1292 0.0316 -0.9911
vn 0.8742 0.0110 -0.4854
vn -0.0645 -0.0296 0.9975
vn -0.8722 -0.0111 0.4890
vn -0.1061 0.0303 -0.9939
vn 0.8723 0.0051 -0.4890
vn -0.1938 -0.0130 0.9810
vn -0.8756 -0.0050 0.4831
vn 0.1312 0.0132 -0.9913
vn 0.8756 0.0049 -0.4831
vn -0.1967 -0.0126 0.9804
vn -0.8773 -0.0048 0.4800
vn 0.1286 0.0128 -0.9916
vn 0.8773 0.0005 -0.4800
vn -0.2555 -0.0012 0.9668
vn -0.8841 -0.0004 0.4674
vn 0.2491 0.0012 -0.9685
vt 0.625000 0.500000
vt 0.875000 0.500000
vt 0.875000 0.750000
vt 0.625000 0.750000
s 1
usemtl Material.002
f 1204/45/797 1202/46/797 1201/47/797 1203/48/797
f 1208/45/797 1206/46/797 1205/47/797 1207/48/797
f 1212/45/797 1210/46/797 1209/47/797 1211/48/797
f 1216/45/798 1214/46/798 1213/47/798 1215/48/798
f 1220/45/799 1218/46/799 1217/47/799 1219/48/799
f 1224/45/800 1222/46/800 1221/47/800 1223/48/800
f 1228/45/801 1226/46/801 1225/47/801 1227/48/801
f 1232/45/802 1230/46/802 1229/47/802 1231/48/802
f 1236/45/803 1234/46/803 1233/47/803 1235/48/803
f 1240/45/804 1238/46/804 1237/47/804 1239/48/804
f 1244/45/805 1242/46/805 1241/47/805 1243/48/805
f 1248/45/806 1246/46/806 1245/47/806 1247/48/806
f 1252/45/807 1250/46/807 1249/47/807 1251/48/807
f 1256/45/808 1254/46/808 1253/47/808 1255/48/808
f 1260/45/809 1258/46/809 1257/47/809 1259/48/809
f 1264/45/810 1262/46/810 1261/47/810 1263/48/810
f 1268/45/811 1266/46/811 1265/47/811 1267/48/811
f 1272/45/812 1270/46/812 1269/47/812 1271/48/812
f 1276/45/813 1274/46/813 1273/47/813 1275/48/813
f 1280/45/814 1278/46/814 1277/47/814 1279/48/814
f 1284/45/815 1282/46/815 1281/47/815 1283/48/815
f 1288/45/816 1286/46/816 1285/47/816 1287/48/816
f 1292/45/817 1290/46/817 1289/47/817 1291/48/817
f 1296/45/818 1294/46/818 1293/47/818 1295/48/818
f 1300/45/819 1298/46/819 1297/47/819 1299/48/819
f 1304/45/820 1302/46/820 1301/47/820 1303/48/820
f 1308/45/821 1306/46/821 1305/47/821 1307/48/821
f 1312/45/822 1310/46/822 1309/47/822 1311/48/822
f 1316/45/823 1314/46/823 1313/47/823 1315/48/823
f 1320/45/824 1318/46/824 1317/47/824 1319/48/824
f 1324/45/825 1323/48/825 1321/47/825 1322/46/825
f 1328/45/825 1327/48/825 1325/47/825 1326/46/825
f 1332/45/825 1331/48/825 1329/47/825 1330/46/825
f 1336/45/826 1335/48/826 1333/47/826 1334/46/826
f 1340/45/827 1339/48/827 1337/47/827 1338/46/827
f 1344/45/828 1343/48/828 1341/47/828 1342/46/828
f 1348/45/829 1347/48/829 1345/47/829 1346/46/829
f 1352/45/830 1351/48/830 1349/47/830 1350/46/830
f 1356/45/831 1355/48/831 1353/47/831 1354/46/831
f 1360/45/832 1359/48/832 1357/47/832 1358/46/832
f 1364/45/833 1363/48/833 1361/47/833 1362/46/833
f 1368/45/834 1367/48/834 1365/47/834 1366/46/834
f 1372/45/835 1371/48/835 1369/47/835 1370/46/835
f 1376/45/836 1375/48/836 1373/47/836 1374/46/836
f 1380/45/837 1379/48/837 1377/47/837 1378/46/837
f 1384/45/838 1383/48/838 1381/47/838 1382/46/838
f 1388/45/839 1387/48/839 1385/47/839 1386/46/839
f 1392/45/840 1391/48/840 1389/47/840 1390/46/840
f 1396/45/841 1395/48/841 1393/47/841 1394/46/841
f 1400/45/842 1399/48/842 1397/47/842 1398/46/842
f 1404/45/843 1403/48/843 1401/47/843 1402/46/843
f 1408/45/844 1407/48/844 1405/47/844 1406/46/844
f 1412/45/845 1411/48/845 1409/47/845 1410/46/845
f 1416/45/846 1415/48/846 1413/47/846 1414/46/846
f 1420/45/847 1419/48/847 1417/47/847 1418/46/847
f 1424/45/848 1423/48/848 1421/47/848 1422/46/848
f 1428/45/849 1427/48/849 1425/47/849 1426/46/849
f 1432/45/850 1431/48/850 1429/47/850 1430/46/850
f 1436/45/851 1435/48/851 1433/47/851 1434/46/851
f 1440/45/852 1439/48/852 1437/47/852 1438/46/852
f 1201/47/853 1202/46/853 1322/46/853 1321/47/853
f 1202/46/854 1204/45/854 1324/45/854 1322/46/854
f 1204/45/855 1203/48/855 1323/48/855 1324/45/855
f 1203/48/856 1201/47/856 1321/47/856 1323/48/856
f 1205/47/857 1206/46/857 1326/46/857 1325/47/857
f 1206/46/858 1208/45/858 1328/45/858 1326/46/858
f 1208/45/859 1207/48/859 1327/48/859 1328/45/859
f 1207/48/860 1205/47/860 1325/47/860 1327/48/860
f 1209/47/861 1210/46/861 1330/46/861 1329/47/861
f 1210/46/862 1212/45/862 1332/45/862 1330/46/862
f 1212/45/863 1211/48/863 1331/48/863 1332/45/863
f 1211/48/864 1209/47/864 1329/47/864 1331/48/864
f 1213/47/865 1214/46/865 1334/46/865 1333/47/865
f 1214/46/866 1216/45/866 1336/45/866 1334/46/866
f 1216/45/867 1215/48/867 1335/48/867 1336/45/867
f 1215/48/868 1213/47/868 1333/47/868 1335/48/868
f 1217/47/869 1218/46/869 1338/46/869 1337/47/869
f 1218/46/870 1220/45/870 1340/45/870 1338/46/870
f 1220/45/871 1219/48/871 1339/48/871 1340/45/871
f 1219/48/872 1217/47/872 1337/47/872 1339/48/872
f 1221/47/873 1222/46/873 1342/46/873 1341/47/873
f 1222/46/874 1224/45/874 1344/45/874 1342/46/874
f 1224/45/875 1223/48/875 1343/48/875 1344/45/875
f 1223/48/876 1221/47/876 1341/47/876 1343/48/876
f 1225/47/877 1226/46/877 1346/46/877 1345/47/877
f 1226/46/878 1228/45/878 1348/45/878 1346/46/878
f 1228/45/879 1227/48/879 1347/48/879 1348/45/879
f 1227/48/880 1225/47/880 1345/47/880 1347/48/880
f 1229/47/881 1230/46/881 1350/46/881 1349/47/881
f 1230/46/882 1232/45/882 1352/45/882 1350/46/882
f 1232/45/883 1231/48/883 1351/48/883 1352/45/883
f 1231/48/884 1229/47/884 1349/47/884 1351/48/884
f 1233/47/885 1234/46/885 1354/46/885 1353/47/885
f 1234/46/886 1236/45/886 1356/45/886 1354/46/886
f 1236/45/887 1235/48/887 1355/48/887 1356/45/887
f 1235/48/888 1233/47/888 1353/47/888 1355/48/888
f 1237/47/889 1238/46/889 1358/46/889 1357/47/889
f 1238/46/890 1240/45/890 1360/45/890 1358/46/890
f 1240/45/891 1239/48/891 1359/48/891 1360/45/891
f 1239/48/892 1237/47/892 1357/47/892 1359/48/892
f 1241/47/893 1242/46/893 1362/46/893 1361/47/893
f 1242/46/894 1244/45/894 1364/45/894 1362/46/894
f 1244/45/895 1243/48/895 1363/48/895 1364/45/895
f 1243/48/896 1241/47/896 1361/47/896 1363/48/896
f 1245/47/897 1246/46/897 1366/46/897 1365/47/897
f 1246/46/898 1248/45/898 1368/45/898 1366/46/898
f 1248/45/899 1247/48/899 1367/48/899 1368/45/899
f 1247/48/900 1245/47/900 1365/47/900 1367/48/900
f 1249/47/901 1250/46/901 1370/46/901 1369/47/901
f 1250/46/902 1252/45/902 1372/45/902 1370/46/902
f 1252/45/903 1251/48/903 1371/48/903 1372/45/903
f 1251/48/904 1249/47/904 1369/47/904 1371/48/904
f 1253/47/905 1254/46/905 1374/46/905 1373/47/905
f 1254/46/906 1256/45/906 1376/45/906 1374/46/906
f 1256/45/907 1255/48/907 1375/48/907 1376/45/907
f 1255/48/908 1253/47/908 1373/47/908 1375/48/908
f 1257/47/909 1258/46/909 1378/46/909 1377/47/909
f 1258/46/910 1260/45/910 1380/45/910 1378/46/910
f 1260/45/911 1259/48/911 1379/48/911 1380/45/911
f 1259/48/912 1257/47/912 1377/47/912 1379/48/912
f 1261/47/913 1262/46/913 1382/46/913 1381/47/913
f 1262/46/914 1264/45/914 1384/45/914 1382/46/914
f 1264/45/915 1263/48/915 1383/48/915 1384/45/915
f 1263/48/916 1261/47/916 1381/47/916 1383/48/916
f 1265/47/917 1266/46/917 1386/46/917 1385/47/917
f 1266/46/918 1268/45/918 1388/45/918 1386/46/918
f 1268/45/919 1267/48/919 1387/48/919 1388/45/919
f 1267/48/920 1265/47/920 1385/47/920 1387/48/920
f 1269/47/921 1270/46/921 1390/46/921 1389/47/921
f 1270/46/922 1272/45/922 1392/45/922 1390/46/922
f 1272/45/923 1271/48/923 1391/48/923 1392/45/923
f 1271/48/924 1269/47/924 1389/47/924 1391/48/924
f 1273/47/925 1274/46/925 1394/46/925 1393/47/925
f 1274/46/926 1276/45/926 1396/45/926 1394/46/926
f 1276/45/927 1275/48/927 1395/48/927 1396/45/927
f 1275/48/928 1273/47/928 1393/47/928 1395/48/928
f 1277/47/929 1278/46/929 1398/46/929 1397/47/929
f 1278/46/930 1280/45/930 1400/45/930 1398/46/930
f 1280/45/931 1279/48/931 1399/48/931 1400/45/931
f 1279/48/932 1277/47/932 1397/47/932 1399/48/932
f 1281/47/933 1282/46/933 1402/46/933 1401/47/933
f 1282/46/934 1284/45/934 1404/45/934 1402/46/934
f 1284/45/935 1283/48/935 1403/48/935 1404/45/935
f 1283/48/936 1281/47/936 1401/47/936 1403/48/936
f 1285/47/937 1286/46/937 1406/46/937 1405/47/937
f 1286/46/938 1288/45/938 1408/45/938 1406/46/938
f 1288/45/939 1287/48/939 1407/48/939 1408/45/939
f 1287/48/940 1285/47/940 1405/47/940 1407/48/940
f 1289/47/941 1290/46/941 1410/46/941 1409/47/941
f 1290/46/942 1292/45/942 1412/45/942 1410/46/942
f 1292/45/943 1291/48/943 1411/48/943 1412/45/943
f 1291/48/944 1289/47/944 1409/47/944 1411/48/944
f 1293/47/945 1294/46/945 1414/46/945 1413/47/945
f 1294/46/946 1296/45/946 1416/45/946 1414/46/946
f 1296/45/947 1295/48/947 1415/48/947 1416/45/947
f 1295/48/948 1293/47/948 1413/47/948 1415/48/948
f 1297/47/949 1298/46/949 1418/46/949 1417/47/949
f 1298/46/950 1300/45/950 1420/45/950 1418/46/950
f 1300/45/951 1299/48/951 1419/48/951 1420/45/951
f 1299/48/952 1297/47/952 1417/47/952 1419/48/952
f 1301/47/953 1302/46/953 1422/46/953 1421/47/953
f 1302/46/954 1304/45/954 1424/45/954 1422/46/954
f 1304/45/955 1303/48/955 1423/48/955 1424/45/955
f 1303/48/956 1301/47/956 1421/47/956 1423/48/956
f 1305/47/957 1306/46/957 1426/46/957 1425/47/957
f 1306/46/958 1308/45/958 1428/45/958 1426/46/958
f 1308/45/959 1307/48/959 1427/48/959 1428/45/959
f 1307/48/960 1305/47/960 1425/47/960 1427/48/960
f 1309/47/961 1310/46/961 1430/46/961 1429/47/961
f 1310/46/962 1312/45/962 1432/45/962 1430/46/962
f 1312/45/963 1311/48/963 1431/48/963 1432/45/963
f 1311/48/964 1309/47/964 1429/47/964 1431/48/964
f 1313/47/965 1314/46/965 1434/46/965 1433/47/965
f 1314/46/966 1316/45/966 1436/45/966 1434/46/966
f 1316/45/967 1315/48/967 1435/48/967 1436/45/967
f 1315/48/968 1313/47/968 1433/47/968 1435/48/968
f 1317/47/969 1318/46/969 1438/46/969 1437/47/969
f 1318/46/970 1320/45/970 1440/45/970 1438/46/970
f 1320/45/971 1319/48/971 1439/48/971 1440/45/971
f 1319/48/972 1317/47/972 1437/47/972 1439/48/972
o Cube.006
v 0.538952 -0.113266 0.204705
v 0.538952 0.113266 0.204705
v 0.411274 -0.113266 0.567751
v 0.411274 0.113266 0.567751
v 0.472280 -0.113266 0.181293
v 0.472280 0.113266 0.181293
v 0.337876 -0.113266 0.541903
v 0.337876 0.113266 0.541903
v 0.472280 -0.113266 0.181293
v 0.472280 0.113266 0.181293
v 0.337876 -0.113266 0.541903
v 0.337876 0.113266 0.541903
v 0.408900 -0.113266 0.159285
v 0.408900 0.113266 0.159285
v 0.261185 -0.113266 0.514650
v 0.261185 0.113266 0.514650
v 0.408900 -0.113266 0.159285
v 0.408900 0.113266 0.159285
v 0.261185 -0.113266 0.514650
v 0.261185 0.113266 0.514650
v 0.345418 -0.113266 0.137523
v 0.345418 0.113266 0.137523
v 0.184596 -0.113266 0.487152
v 0.184596 0.113266 0.487152
v 0.345418 -0.113266 0.137523
v 0.345418 0.113266 0.137523
v 0.184596 -0.113266 0.487152
v 0.184596 0.113266 0.487152
v 0.292436 -0.113122 0.107744
v 0.292436 0.113122 0.107744
v 0.108081 -0.113122 0.444998
v 0.108081 0.113122 0.444998
v 0.292436 -0.113122 0.107744
v 0.292436 0.113122 0.107744
v 0.108081 -0.113122 0.444998
v 0.108081 0.113122 0.444998
v 0.240669 -0.113043 0.077477
v 0.240669 0.112885 0.077477
v 0.032078 -0.112955 0.399625
v 0.032078 0.112955 0.399625
v 0.240669 -0.113043 0.077477
v 0.240669 0.112885 0.077477
v 0.032078 -0.112955 0.399625
v 0.032078 0.112955 0.399625
v 0.189920 -0.113102 0.045843
v 0.189920 0.112028 0.045843
v -0.041174 -0.112539 0.350480
v -0.041174 0.112539 0.350480
v 0.189920 -0.113102 0.045843
v 0.189920 0.112028 0.045843
v -0.041174 -0.112539 0.350480
v -0.041174 0.112539 0.350480
v 0.144178 -0.112800 0.006945
v 0.144178 0.109766 0.006945
v -0.105988 -0.111240 0.290264
v -0.105988 0.111240 0.290264
v 0.144178 -0.112800 0.006945
v 0.144178 0.109766 0.006945
v -0.105988 -0.111240 0.290264
v -0.105988 0.111240 0.290264
v 0.097498 -0.112898 -0.031386
v 0.097498 0.107103 -0.031386
v -0.169866 -0.109941 0.229483
v -0.169866 0.109941 0.229483
v 0.097498 -0.112898 -0.031386
v 0.097498 0.107103 -0.031386
v -0.169866 -0.109941 0.229483
v -0.169866 0.109941 0.229483
v 0.055012 -0.112709 -0.074041
v 0.055012 0.103120 -0.074041
v -0.225526 -0.107840 0.161651
v -0.225526 0.107840 0.161651
v 0.055012 -0.112709 -0.074041
v 0.055012 0.103120 -0.074041
v -0.225526 -0.107840 0.161651
v -0.225526 0.107840 0.161651
v 0.015128 -0.112455 -0.120015
v 0.015128 0.098032 -0.120015
v -0.274738 -0.105244 0.088847
v -0.274738 0.105079 0.088847
v 0.015128 -0.112455 -0.120015
v 0.015128 0.098032 -0.120015
v -0.274738 -0.105244 0.088847
v -0.274738 0.105079 0.088847
v -0.025954 -0.112534 -0.165962
v -0.025954 0.092609 -0.165962
v -0.322752 -0.103475 0.016017
v -0.322752 0.101519 0.016017
v -0.025954 -0.112534 -0.165962
v -0.025954 0.092609 -0.165962
v -0.322752 -0.103475 0.016017
v -0.322752 0.101519 0.016017
v -0.058462 -0.112033 -0.218075
v -0.058462 0.085222 -0.218075
v -0.356005 -0.101662 -0.064807
v -0.356005 0.095464 -0.064807
v -0.058462 -0.112033 -0.218075
v -0.058462 0.085222 -0.218075
v -0.356005 -0.101662 -0.064807
v -0.356005 0.095464 -0.064807
v -0.091608 -0.111812 -0.271068
v -0.091608 0.077383 -0.271068
v -0.387072 -0.100740 -0.145693
v -0.387072 0.088342 -0.145693
v -0.091608 -0.111812 -0.271068
v -0.091608 0.077383 -0.271068
v -0.387072 -0.100740 -0.145693
v -0.387072 0.088342 -0.145693
v -0.122442 -0.111649 -0.325949
v -0.122442 0.068812 -0.325949
v -0.412319 -0.100407 -0.227647
v -0.412319 0.079958 -0.227647
v -0.122442 -0.111649 -0.325949
v -0.122442 0.068812 -0.325949
v -0.412319 -0.100407 -0.227647
v -0.412319 0.079958 -0.227647
v -0.146126 -0.111277 -0.384767
v -0.146126 0.058861 -0.384767
v -0.425496 -0.100419 -0.312662
v -0.425496 0.069640 -0.312662
v -0.146126 -0.111277 -0.384767
v -0.146126 0.058861 -0.384767
v -0.425496 -0.100419 -0.312662
v -0.425496 0.069640 -0.312662
v -0.170908 -0.111153 -0.444649
v -0.170908 0.048658 -0.444649
v -0.437574 -0.100979 -0.396612
v -0.437574 0.058767 -0.396612
v -0.170908 -0.111153 -0.444649
v -0.170908 0.048658 -0.444649
v -0.437574 -0.100979 -0.396612
v -0.437574 0.058767 -0.396612
v -0.187992 -0.110997 -0.507054
v -0.187992 0.037557 -0.507054
v -0.438457 -0.101905 -0.480945
v -0.438457 0.046599 -0.480945
v -0.187992 -0.110997 -0.507054
v -0.187992 0.037557 -0.507054
v -0.438457 -0.101905 -0.480945
v -0.438457 0.046599 -0.480945
v -0.201388 -0.110909 -0.571550
v -0.201388 0.025902 -0.571550
v -0.433153 -0.103100 -0.564709
v -0.433153 0.033672 -0.564709
v -0.201388 -0.110909 -0.571550
v -0.201388 0.025902 -0.571550
v -0.433153 -0.103100 -0.564709
v -0.433153 0.033672 -0.564709
v -0.215236 -0.110915 -0.637499
v -0.215236 0.014144 -0.637499
v -0.426927 -0.104362 -0.647000
v -0.426927 0.020668 -0.647000
v -0.215236 -0.110915 -0.637499
v -0.215236 0.014144 -0.637499
v -0.426927 -0.104362 -0.647000
v -0.426927 0.020668 -0.647000
v -0.215461 -0.111112 -0.704349
v -0.215461 0.001999 -0.704349
v -0.405715 -0.106045 -0.727138
v -0.405715 0.007044 -0.727138
v -0.215461 -0.111112 -0.704349
v -0.215461 0.001999 -0.704349
v -0.405715 -0.106045 -0.727138
v -0.405715 0.007044 -0.727138
v -0.216032 -0.111262 -0.772760
v -0.216032 -0.010106 -0.772760
v -0.384156 -0.107481 -0.805717
v -0.384156 -0.006339 -0.805717
v -0.216032 -0.111262 -0.772760
v -0.216032 -0.010106 -0.772760
v -0.384156 -0.107481 -0.805717
v -0.384156 -0.006339 -0.805717
v -0.211067 -0.111527 -0.841331
v -0.211067 -0.021839 -0.841331
v -0.357514 -0.108891 -0.881536
v -0.357514 -0.019212 -0.881536
v -0.211067 -0.111527 -0.841331
v -0.211067 -0.021839 -0.841331
v -0.357514 -0.108891 -0.881536
v -0.357514 -0.019212 -0.881536
v -0.196646 -0.111996 -0.909016
v -0.196646 -0.032964 -0.909016
v -0.322675 -0.110405 -0.953922
v -0.322675 -0.031378 -0.953922
v -0.196646 -0.111996 -0.909016
v -0.196646 -0.032964 -0.909016
v -0.322675 -0.110405 -0.953922
v -0.322675 -0.031378 -0.953922
v -0.182122 -0.112062 -0.978089
v -0.182122 -0.043690 -0.978089
v -0.287938 -0.111197 -1.024919
v -0.287938 -0.042828 -1.024919
v -0.182122 -0.112062 -0.978089
v -0.182122 -0.043690 -0.978089
v -0.287938 -0.111197 -1.024919
v -0.287938 -0.042828 -1.024919
v -0.156006 -0.112614 -1.043119
v -0.156006 -0.052702 -1.043119
v -0.245402 -0.112374 -1.090917
v -0.245402 -0.052464 -1.090917
v -0.156006 -0.112614 -1.043119
v -0.156006 -0.052702 -1.043119
v -0.245402 -0.112374 -1.090917
v -0.245402 -0.052464 -1.090917
v -0.125573 -0.112841 -1.107230
v -0.125573 -0.060599 -1.107230
v -0.200195 -0.113010 -1.154574
v -0.200195 -0.060768 -1.154574
v -0.125573 -0.112841 -1.107230
v -0.125573 -0.060599 -1.107230
v -0.200195 -0.113010 -1.154574
v -0.200195 -0.060768 -1.154574
v -0.093415 -0.112407 -1.171248
v -0.093415 -0.067389 -1.171248
v -0.154494 -0.112747 -1.216699
v -0.154494 -0.067728 -1.216699
v -0.093415 -0.112407 -1.171248
v -0.093415 -0.067389 -1.171248
v -0.154494 -0.112747 -1.216699
v -0.154494 -0.067728 -1.216699
v -0.047509 -0.112864 -1.225948
v -0.047509 -0.070777 -1.225948
v -0.101287 -0.113417 -1.272555
v -0.101287 -0.071327 -1.272555
v -0.047509 -0.112864 -1.225948
v -0.047509 -0.070777 -1.225948
v -0.101287 -0.113417 -1.272555
v -0.101287 -0.071327 -1.272555
v -0.001510 -0.112142 -1.281056
v -0.001510 -0.072990 -1.281056
v -0.048173 -0.112697 -1.328005
v -0.048173 -0.073538 -1.328005
v -0.001510 -0.112142 -1.281056
v -0.001510 -0.072990 -1.281056
v -0.048173 -0.112697 -1.328005
v -0.048173 -0.073538 -1.328005
v 0.050554 -0.112015 -1.329969
v 0.050554 -0.073135 -1.329969
v 0.007805 -0.112562 -1.379907
v 0.007805 -0.073676 -1.379907
vn 0.9434 -0.0000 0.3318
vn -0.3322 -0.0000 0.9432
vn -0.9370 -0.0000 -0.3492
vn 0.3313 -0.0000 -0.9435
vn -0.0000 -1.0000 -0.0000
vn 0.9370 -0.0000 0.3492
vn -0.3348 -0.0000 0.9423
vn -0.9234 -0.0000 -0.3838
vn 0.3280 -0.0000 -0.9447
vn 0.9234 -0.0000 0.3838
vn -0.3379 -0.0000 0.9412
vn -0.9085 -0.0000 -0.4179
vn 0.3243 -0.0000 -0.9460
vn 0.9085 -0.0000 0.4179
vn -0.4825 -0.0000 0.8759
vn -0.8775 -0.0000 -0.4797
vn 0.4900 -0.0000 -0.8717
vn -0.0017 -1.0000 -0.0009
vn 0.8775 -0.0000 0.4797
vn -0.5126 -0.0000 0.8586
vn -0.8394 -0.0000 -0.5435
vn 0.5047 -0.0000 -0.8633
vn -0.0015 -1.0000 -0.0007
vn 0.8394 -0.0000 0.5435
vn -0.5571 -0.0000 0.8304
vn -0.7967 -0.0000 -0.6044
vn 0.5290 -0.0000 -0.8486
vn -0.0024 -1.0000 -0.0007
vn 0.7967 -0.0000 0.6044
vn -0.6806 -0.0000 0.7326
vn -0.7496 -0.0000 -0.6619
vn 0.6478 -0.0000 -0.7618
vn -0.0102 -0.9999 -0.0048
vn 0.7496 -0.0000 0.6619
vn -0.6893 -0.0000 0.7245
vn -0.6984 -0.0000 -0.7157
vn 0.6346 -0.0000 -0.7728
vn -0.0099 -1.0000 -0.0011
vn 0.6984 -0.0000 0.7157
vn -0.7731 -0.0000 0.6343
vn -0.6433 -0.0000 -0.7657
vn 0.7085 -0.0000 -0.7057
vn -0.0183 -0.9998 -0.0045
vn 0.6433 -0.0000 0.7657
vn -0.8285 -0.0000 0.5600
vn -0.5846 -0.0000 -0.8113
vn 0.7554 -0.0000 -0.6553
vn -0.0252 -0.9997 -0.0051
vn 0.5846 -0.0000 0.8113
vn -0.8349 -0.0000 0.5504
vn -0.5227 -0.0000 -0.8525
vn 0.7455 -0.0000 -0.6665
vn -0.0248 -0.9997 0.0044
vn 0.5227 -0.0000 0.8525
vn -0.9248 -0.0000 0.3805
vn -0.4579 -0.0000 -0.8890
vn 0.8485 -0.0000 -0.5293
vn -0.0332 -0.9994 -0.0010
vn 0.4579 -0.0000 0.8890
vn -0.9335 -0.0000 0.3585
vn -0.3906 -0.0000 -0.9206
vn 0.8478 -0.0000 -0.5303
vn -0.0328 -0.9994 0.0072
vn 0.3906 -0.0000 0.9206
vn -0.9557 -0.0000 0.2944
vn -0.3212 -0.0000 -0.9470
vn 0.8718 -0.0000 -0.4898
vn -0.0341 -0.9994 0.0104
vn 0.3212 -0.0000 0.9470
vn -0.9882 -0.0000 0.1532
vn -0.2499 -0.0000 -0.9683
vn 0.9276 -0.0000 -0.3735
vn -0.0367 -0.9993 0.0069
vn 0.2499 -0.0000 0.9683
vn -0.9898 -0.0000 0.1424
vn -0.1773 -0.0000 -0.9842
vn 0.9240 -0.0000 -0.3824
vn -0.0358 -0.9993 0.0122
vn 0.1773 -0.0000 0.9842
vn -0.9999 -0.0000 0.0105
vn -0.1037 -0.0000 -0.9946
vn 0.9645 -0.0000 -0.2640
vn -0.0358 -0.9993 0.0096
vn 0.1037 -0.0000 0.9946
vn -0.9980 -0.0000 -0.0632
vn -0.0295 -0.0000 -0.9996
vn 0.9791 -0.0000 -0.2034
vn -0.0344 -0.9994 0.0093
vn 0.0295 -0.0000 0.9996
vn -0.9972 -0.0000 -0.0754
vn 0.0448 -0.0000 -0.9990
vn 0.9787 -0.0000 -0.2055
vn -0.0324 -0.9994 0.0102
vn -0.0448 -0.0000 0.9990
vn -0.9667 -0.0000 -0.2559
vn 0.1189 -0.0000 -0.9929
vn 1.0000 -0.0000 -0.0034
vn -0.0296 -0.9995 0.0086
vn -0.1189 -0.0000 0.9929
vn -0.9644 -0.0000 -0.2646
vn 0.1924 -0.0000 -0.9813
vn 1.0000 -0.0000 -0.0083
vn -0.0258 -0.9996 0.0071
vn -0.1924 -0.0000 0.9813
vn -0.9434 -0.0000 -0.3315
vn 0.2647 -0.0000 -0.9643
vn 0.9974 -0.0000 0.0722
vn -0.0220 -0.9997 0.0068
vn -0.2647 -0.0000 0.9643
vn -0.9011 -0.0000 -0.4337
vn 0.3356 -0.0000 -0.9420
vn 0.9780 -0.0000 0.2084
vn -0.0180 -0.9998 0.0078
vn -0.3356 -0.0000 0.9420
vn -0.8982 -0.0000 -0.4395
vn 0.4047 -0.0000 -0.9144
vn 0.9786 -0.0000 0.2058
vn -0.0114 -0.9999 0.0021
vn -0.4047 -0.0000 0.9144
vn -0.8405 -0.0000 -0.5417
vn 0.4715 -0.0000 -0.8819
vn 0.9280 -0.0000 0.3727
vn -0.0096 -0.9999 0.0082
vn -0.4715 -0.0000 0.8819
vn -0.8153 -0.0000 -0.5790
vn 0.5357 -0.0000 -0.8444
vn 0.9034 -0.0000 0.4288
vn -0.0032 -1.0000 0.0048
vn -0.5357 -0.0000 0.8444
vn -0.8055 -0.0000 -0.5926
vn 0.5970 -0.0000 -0.8023
vn 0.8936 -0.0000 0.4489
vn 0.0053 -1.0000 -0.0023
vn -0.5970 -0.0000 0.8023
vn -0.7241 -0.0000 -0.6897
vn 0.6549 -0.0000 -0.7557
vn 0.7660 -0.0000 0.6428
vn -0.0002 -1.0000 0.0100
vn -0.6549 -0.0000 0.7557
vn -0.7222 -0.0000 -0.6917
vn 0.7093 -0.0000 -0.7049
vn 0.7677 -0.0000 0.6408
vn 0.0126 -0.9999 -0.0017
vn -0.7093 -0.0000 0.7049
vn -0.6799 -0.0000 -0.7333
vn 0.7597 -0.0000 -0.6503
vn 0.6847 -0.0000 0.7288
vn 0.0070 -1.0000 0.0049
vt 0.375000 0.000000
vt 0.625000 0.000000
vt 0.625000 0.250000
vt 0.375000 0.250000
vt 0.625000 0.500000
vt 0.375000 0.500000
vt 0.625000 0.750000
vt 0.375000 0.750000
vt 0.625000 1.000000
vt 0.375000 1.000000
vt 0.125000 0.500000
vt 0.125000 0.750000
s 1
usemtl Material.001
f 1441/49/973 1442/50/973 1444/51/973 1443/52/973
f 1443/52/974 1444/51/974 1448/53/974 1447/54/974
f 1447/54/975 1448/53/975 1446/55/975 1445/56/975
f 1445/56/976 1446/55/976 1442/57/976 1441/58/976
f 1443/59/977 1447/54/977 1445/56/977 1441/60/977
f 1449/49/978 1450/50/978 1452/51/978 1451/52/978
f 1451/52/979 1452/51/979 1456/53/979 1455/54/979
f 1455/54/980 1456/53/980 1454/55/980 1453/56/980
f 1453/56/981 1454/55/981 1450/57/981 1449/58/981
f 1451/59/977 1455/54/977 1453/56/977 1449/60/977
f 1457/49/982 1458/50/982 1460/51/982 1459/52/982
f 1459/52/983 1460/51/983 1464/53/983 1463/54/983
f 1463/54/984 1464/53/984 1462/55/984 1461/56/984
f 1461/56/985 1462/55/985 1458/57/985 1457/58/985
f 1459/59/977 1463/54/977 1461/56/977 1457/60/977
f 1465/49/986 1466/50/986 1468/51/986 1467/52/986
f 1467/52/987 1468/51/987 1472/53/987 1471/54/987
f 1471/54/988 1472/53/988 1470/55/988 1469/56/988
f 1469/56/989 1470/55/989 1466/57/989 1465/58/989
f 1467/59/990 1471/54/990 1469/56/990 1465/60/990
f 1473/49/991 1474/50/991 1476/51/991 1475/52/991
f 1475/52/992 1476/51/992 1480/53/992 1479/54/992
f 1479/54/993 1480/53/993 1478/55/993 1477/56/993
f 1477/56/994 1478/55/994 1474/57/994 1473/58/994
f 1475/59/995 1479/54/995 1477/56/995 1473/60/995
f 1481/49/996 1482/50/996 1484/51/996 1483/52/996
f 1483/52/997 1484/51/997 1488/53/997 1487/54/997
f 1487/54/998 1488/53/998 1486/55/998 1485/56/998
f 1485/56/999 1486/55/999 1482/57/999 1481/58/999
f 1483/59/1000 1487/54/1000 1485/56/1000 1481/60/1000
f 1489/49/1001 1490/50/1001 1492/51/1001 1491/52/1001
f 1491/52/1002 1492/51/1002 1496/53/1002 1495/54/1002
f 1495/54/1003 1496/53/1003 1494/55/1003 1493/56/1003
f 1493/56/1004 1494/55/1004 1490/57/1004 1489/58/1004
f 1491/59/1005 1495/54/1005 1493/56/1005 1489/60/1005
f 1497/49/1006 1498/50/1006 1500/51/1006 1499/52/1006
f 1499/52/1007 1500/51/1007 1504/53/1007 1503/54/1007
f 1503/54/1008 1504/53/1008 1502/55/1008 1501/56/1008
f 1501/56/1009 1502/55/1009 1498/57/1009 1497/58/1009
f 1499/59/1010 1503/54/1010 1501/56/1010 1497/60/1010
f 1505/49/1011 1506/50/1011 1508/51/1011 1507/52/1011
f 1507/52/1012 1508/51/1012 1512/53/1012 1511/54/1012
f 1511/54/1013 1512/53/1013 1510/55/1013 1509/56/1013
f 1509/56/1014 1510/55/1014 1506/57/1014 1505/58/1014
f 1507/59/1015 1511/54/1015 1509/56/1015 1505/60/1015
f 1513/49/1016 1514/50/1016 1516/51/1016 1515/52/1016
f 1515/52/1017 1516/51/1017 1520/53/1017 1519/54/1017
f 1519/54/1018 1520/53/1018 1518/55/1018 1517/56/1018
f 1517/56/1019 1518/55/1019 1514/57/1019 1513/58/1019
f 1515/59/1020 1519/54/1020 1517/56/1020 1513/60/1020
f 1521/49/1021 1522/50/1021 1524/51/1021 1523/52/1021
f 1523/52/1022 1524/51/1022 1528/53/1022 1527/54/1022
f 1527/54/1023 1528/53/1023 1526/55/1023 1525/56/1023
f 1525/56/1024 1526/55/1024 1522/57/1024 1521/58/1024
f 1523/59/1025 1527/54/1025 1525/56/1025 1521/60/1025
f 1529/49/1026 1530/50/1026 1532/51/1026 1531/52/1026
f 1531/52/1027 1532/51/1027 1536/53/1027 1535/54/1027
f 1535/54/1028 1536/53/1028 1534/55/1028 1533/56/1028
f 1533/56/1029 1534/55/1029 1530/57/1029 1529/58/1029
f 1531/59/1030 1535/54/1030 1533/56/1030 1529/60/1030
f 1537/49/1031 1538/50/1031 1540/51/1031 1539/52/1031
f 1539/52/1032 1540/51/1032 1544/53/1032 1543/54/1032
f 1543/54/1033 1544/53/1033 1542/55/1033 1541/56/1033
f 1541/56/1034 1542/55/1034 1538/57/1034 1537/58/1034
f 1539/59/1035 1543/54/1035 1541/56/1035 1537/60/1035
f 1545/49/1036 1546/50/1036 1548/51/1036 1547/52/1036
f 1547/52/1037 1548/51/1037 1552/53/1037 1551/54/1037
f 1551/54/1038 1552/53/1038 1550/55/1038 1549/56/1038
f 1549/56/1039 1550/55/1039 1546/57/1039 1545/58/1039
f 1547/59/1040 1551/54/1040 1549/56/1040 1545/60/1040
f 1553/49/1041 1554/50/1041 1556/51/1041 1555/52/1041
f 1555/52/1042 1556/51/1042 1560/53/1042 1559/54/1042
f 1559/54/1043 1560/53/1043 1558/55/1043 1557/56/1043
f 1557/56/1044 1558/55/1044 1554/57/1044 1553/58/1044
f 1555/59/1045 1559/54/1045 1557/56/1045 1553/60/1045
f 1561/49/1046 1562/50/1046 1564/51/1046 1563/52/1046
f 1563/52/1047 1564/51/1047 1568/53/1047 1567/54/1047
f 1567/54/1048 1568/53/1048 1566/55/1048 1565/56/1048
f 1565/56/1049 1566/55/1049 1562/57/1049 1561/58/1049
f 1563/59/1050 1567/54/1050 1565/56/1050 1561/60/1050
f 1569/49/1051 1570/50/1051 1572/51/1051 1571/52/1051
f 1571/52/1052 1572/51/1052 1576/53/1052 1575/54/1052
f 1575/54/1053 1576/53/1053 1574/55/1053 1573/56/1053
f 1573/56/1054 1574/55/1054 1570/57/1054 1569/58/1054
f 1571/59/1055 1575/54/1055 1573/56/1055 1569/60/1055
f 1577/49/1056 1578/50/1056 1580/51/1056 1579/52/1056
f 1579/52/1057 1580/51/1057 1584/53/1057 1583/54/1057
f 1583/54/1058 1584/53/1058 1582/55/1058 1581/56/1058
f 1581/56/1059 1582/55/1059 1578/57/1059 1577/58/1059
f 1579/59/1060 1583/54/1060 1581/56/1060 1577/60/1060
f 1585/49/1061 1586/50/1061 1588/51/1061 1587/52/1061
f 1587/52/1062 1588/51/1062 1592/53/1062 1591/54/1062
f 1591/54/1063 1592/53/1063 1590/55/1063 1589/56/1063
f 1589/56/1064 1590/55/1064 1586/57/1064 1585/58/1064
f 1587/59/1065 1591/54/1065 1589/56/1065 1585/60/1065
f 1593/49/1066 1594/50/1066 1596/51/1066 1595/52/1066
f 1595/52/1067 1596/51/1067 1600/53/1067 1599/54/1067
f 1599/54/1068 1600/53/1068 1598/55/1068 1597/56/1068
f 1597/56/1069 1598/55/1069 1594/57/1069 1593/58/1069
f 1595/59/1070 1599/54/1070 1597/56/1070 1593/60/1070
f 1601/49/1071 1602/50/1071 1604/51/1071 1603/52/1071
f 1603/52/1072 1604/51/1072 1608/53/1072 1607/54/1072
f 1607/54/1073 1608/53/1073 1606/55/1073 1605/56/1073
f 1605/56/1074 1606/55/1074 1602/57/1074 1601/58/1074
f 1603/59/1075 1607/54/1075 1605/56/1075 1601/60/1075
f 1609/49/1076 1610/50/1076 1612/51/1076 1611/52/1076
f 1611/52/1077 1612/51/1077 1616/53/1077 1615/54/1077
f 1615/54/1078 1616/53/1078 1614/55/1078 1613/56/1078
f 1613/56/1079 1614/55/1079 1610/57/1079 1609/58/1079
f 1611/59/1080 1615/54/1080 1613/56/1080 1609/60/1080
f 1617/49/1081 1618/50/1081 1620/51/1081 1619/52/1081
f 1619/52/1082 1620/51/1082 1624/53/1082 1623/54/1082
f 1623/54/1083 1624/53/1083 1622/55/1083 1621/56/1083
f 1621/56/1084 1622/55/1084 1618/57/1084 1617/58/1084
f 1619/59/1085 1623/54/1085 1621/56/1085 1617/60/1085
f 1625/49/1086 1626/50/1086 1628/51/1086 1627/52/1086
f 1627/52/1087 1628/51/1087 1632/53/1087 1631/54/1087
f 1631/54/1088 1632/53/1088 1630/55/1088 1629/56/1088
f 1629/56/1089 1630/55/1089 1626/57/1089 1625/58/1089
f 1627/59/1090 1631/54/1090 1629/56/1090 1625/60/1090
f 1633/49/1091 1634/50/1091 1636/51/1091 1635/52/1091
f 1635/52/1092 1636/51/1092 1640/53/1092 1639/54/1092
f 1639/54/1093 1640/53/1093 1638/55/1093 1637/56/1093
f 1637/56/1094 1638/55/1094 1634/57/1094 1633/58/1094
f 1635/59/1095 1639/54/1095 1637/56/1095 1633/60/1095
f 1641/49/1096 1642/50/1096 1644/51/1096 1643/52/1096
f 1643/52/1097 1644/51/1097 1648/53/1097 1647/54/1097
f 1647/54/1098 1648/53/1098 1646/55/1098 1645/56/1098
f 1645/56/1099 1646/55/1099 1642/57/1099 1641/58/1099
f 1643/59/1100 1647/54/1100 1645/56/1100 1641/60/1100
f 1649/49/1101 1650/50/1101 1652/51/1101 1651/52/1101
f 1651/52/1102 1652/51/1102 1656/53/1102 1655/54/1102
f 1655/54/1103 1656/53/1103 1654/55/1103 1653/56/1103
f 1653/56/1104 1654/55/1104 1650/57/1104 1649/58/1104
f 1651/59/1105 1655/54/1105 1653/56/1105 1649/60/1105
f 1657/49/1106 1658/50/1106 1660/51/1106 1659/52/1106
f 1659/52/1107 1660/51/1107 1664/53/1107 1663/54/1107
f 1663/54/1108 1664/53/1108 1662/55/1108 1661/56/1108
f 1661/56/1109 1662/55/1109 1658/57/1109 1657/58/1109
f 1659/59/1110 1663/54/1110 1661/56/1110 1657/60/1110
f 1665/49/1111 1666/50/1111 1668/51/1111 1667/52/1111
f 1667/52/1112 1668/51/1112 1672/53/1112 1671/54/1112
f 1671/54/1113 1672/53/1113 1670/55/1113 1669/56/1113
f 1669/56/1114 1670/55/1114 1666/57/1114 1665/58/1114
f 1667/59/1115 1671/54/1115 1669/56/1115 1665/60/1115
f 1673/49/1116 1674/50/1116 1676/51/1116 1675/52/1116
f 1675/52/1117 1676/51/1117 1680/53/1117 1679/54/1117
f 1679/54/1118 1680/53/1118 1678/55/1118 1677/56/1118
f 1677/56/1119 1678/55/1119 1674/57/1119 1673/58/1119
f 1675/59/1120 1679/54/1120 1677/56/1120 1673/60/1120
o Cube.007
v 0.683125 0.116770 0.233417
v 0.351529 0.116770 0.653303
v 0.610678 0.116770 0.208127
v 0.271772 0.116770 0.625384
v 0.610678 0.116770 0.208127
v 0.271772 0.116770 0.625384
v 0.541810 0.116770 0.184352
v 0.188437 0.116770 0.595951
v 0.541810 0.116770 0.184352
v 0.188437 0.116770 0.595951
v 0.472832 0.116770 0.160838
v 0.105211 0.116770 0.566256
v 0.472832 0.116770 0.160838
v 0.105211 0.116770 0.566256
v 0.415207 0.116621 0.128823
v 0.021995 0.116621 0.520930
v 0.415207 0.116621 0.128823
v 0.021995 0.116621 0.520930
v 0.358899 0.116448 0.096294
v -0.060680 0.116448 0.472172
v 0.358899 0.116448 0.096294
v -0.060680 0.116448 0.472172
v 0.303688 0.116020 0.062312
v -0.140388 0.116020 0.419402
v 0.303688 0.116020 0.062312
v -0.140388 0.116020 0.419402
v 0.253874 0.114593 0.020608
v -0.210992 0.114681 0.354850
v 0.253874 0.114593 0.020608
v -0.210992 0.114681 0.354850
v 0.203046 0.112785 -0.020498
v -0.280581 0.113342 0.289700
v 0.203046 0.112785 -0.020498
v -0.280581 0.113342 0.289700
v 0.156747 0.109702 -0.066195
v -0.341286 0.111175 0.217058
v 0.156747 0.109702 -0.066195
v -0.341286 0.111175 0.217058
v 0.113255 0.105548 -0.115419
v -0.395015 0.108405 0.139125
v 0.113255 0.105548 -0.115419
v -0.395015 0.108405 0.139125
v 0.068463 0.101058 -0.164620
v -0.447449 0.105635 0.061190
v 0.068463 0.101058 -0.164620
v -0.447449 0.105635 0.061190
v 0.032945 0.094645 -0.220358
v -0.483899 0.101551 -0.025230
v 0.032945 0.094645 -0.220358
v -0.483899 0.101551 -0.025230
v -0.003270 0.087787 -0.277035
v -0.517977 0.096733 -0.111708
v -0.003270 0.087787 -0.277035
v -0.517977 0.096733 -0.111708
v -0.036986 0.080199 -0.335716
v -0.545748 0.090504 -0.199288
v -0.036986 0.080199 -0.335716
v -0.545748 0.090504 -0.199288
v -0.062963 0.071227 -0.398561
v -0.560432 0.082276 -0.290102
v -0.062963 0.071227 -0.398561
v -0.560432 0.082276 -0.290102
v -0.090137 0.061440 -0.462547
v -0.573925 0.073235 -0.379750
v -0.090137 0.061440 -0.462547
v -0.573925 0.073235 -0.379750
v -0.108971 0.050709 -0.529187
v -0.575270 0.062737 -0.469767
v -0.108971 0.050709 -0.529187
v -0.575270 0.062737 -0.469767
v -0.123813 0.039353 -0.598039
v -0.569898 0.051249 -0.559156
v -0.123813 0.039353 -0.598039
v -0.569898 0.051249 -0.559156
v -0.139153 0.027760 -0.668442
v -0.563524 0.039415 -0.646945
v -0.139153 0.027760 -0.668442
v -0.563524 0.039415 -0.646945
v -0.139717 0.015903 -0.739743
v -0.540880 0.026734 -0.732373
v -0.139717 0.015903 -0.739743
v -0.540880 0.026734 -0.732373
v -0.140664 0.003984 -0.812709
v -0.517853 0.014011 -0.816132
v -0.140664 0.003984 -0.812709
v -0.517853 0.014011 -0.816132
v -0.135605 -0.007542 -0.885819
v -0.489300 0.001531 -0.896915
v -0.135605 -0.007542 -0.885819
v -0.489300 0.001531 -0.896915
v -0.120283 -0.018320 -0.957939
v -0.451838 -0.010514 -0.973990
v -0.120283 -0.018320 -0.957939
v -0.451838 -0.010514 -0.973990
v -0.104857 -0.028759 -1.031539
v -0.414483 -0.022106 -1.049580
v -0.104857 -0.028759 -1.031539
v -0.414483 -0.022106 -1.049580
v -0.076834 -0.037214 -1.100771
v -0.368644 -0.032138 -1.119791
v -0.076834 -0.037214 -1.100771
v -0.368644 -0.032138 -1.119791
v -0.044123 -0.044447 -1.169003
v -0.319897 -0.041089 -1.187487
v -0.044123 -0.044447 -1.169003
v -0.319897 -0.041089 -1.187487
v -0.009540 -0.050535 -1.237127
v -0.270608 -0.048931 -1.253542
v -0.009540 -0.050535 -1.237127
v -0.270608 -0.048931 -1.253542
v 0.040003 -0.053952 -1.295248
v -0.213147 -0.053616 -1.312868
v 0.040003 -0.053952 -1.295248
v -0.213147 -0.053616 -1.312868
v 0.089646 -0.057225 -1.353803
v -0.155786 -0.057139 -1.371758
v 0.089646 -0.057225 -1.353803
v -0.155786 -0.057139 -1.371758
v 0.145897 -0.057979 -1.405721
v -0.095302 -0.057979 -1.426846
v 0.683125 0.091080 0.233417
v 0.351529 0.091080 0.653303
v 0.610678 0.091080 0.208127
v 0.271772 0.091080 0.625384
v 0.610678 0.091080 0.208127
v 0.271772 0.091080 0.625384
v 0.541810 0.091080 0.184352
v 0.188437 0.091080 0.595951
v 0.541810 0.091080 0.184352
v 0.188437 0.091080 0.595951
v 0.472832 0.091080 0.160838
v 0.105211 0.091080 0.566256
v 0.472964 0.091081 0.160873
v 0.105343 0.091081 0.566291
v 0.415339 0.090932 0.128859
v 0.022127 0.090932 0.520965
v 0.415357 0.090932 0.128864
v 0.022144 0.090932 0.520970
v 0.359048 0.090759 0.096335
v -0.060530 0.090759 0.472212
v 0.359258 0.090760 0.096392
v -0.060321 0.090760 0.472270
v 0.304047 0.090332 0.062410
v -0.140029 0.090332 0.419499
v 0.304737 0.090338 0.062602
v -0.139339 0.090338 0.419691
v 0.254923 0.088901 0.020897
v -0.209943 0.088999 0.355139
v 0.254887 0.088900 0.020890
v -0.209978 0.088999 0.355133
v 0.204059 0.087078 -0.020215
v -0.279568 0.087659 0.289983
v 0.204592 0.087090 -0.020060
v -0.279035 0.087669 0.290138
v 0.158294 0.083992 -0.065757
v -0.339740 0.085502 0.217495
v 0.158598 0.084002 -0.065663
v -0.339435 0.085509 0.217590
v 0.115106 0.079833 -0.114887
v -0.393164 0.082739 0.139657
v 0.115011 0.079830 -0.114905
v -0.393258 0.082737 0.139638
v 0.070220 0.075325 -0.164107
v -0.445693 0.079967 0.061703
v 0.070841 0.075350 -0.163912
v -0.445072 0.079985 0.061898
v 0.035322 0.068921 -0.219650
v -0.481522 0.075899 -0.024522
v 0.035203 0.068917 -0.219671
v -0.481641 0.075896 -0.024544
v -0.001011 0.062044 -0.276349
v -0.515718 0.071052 -0.111022
v -0.001008 0.062046 -0.276331
v -0.515715 0.071053 -0.111005
v -0.034724 0.054444 -0.335013
v -0.543486 0.064798 -0.198585
v -0.034562 0.054453 -0.334943
v -0.543324 0.064805 -0.198515
v -0.060539 0.045467 -0.397788
v -0.558008 0.056550 -0.289328
v -0.060757 0.045460 -0.397836
v -0.558226 0.056545 -0.289377
v -0.087930 0.035699 -0.461822
v -0.571719 0.047481 -0.379025
v -0.087960 0.035700 -0.461808
v -0.571749 0.047483 -0.379011
v -0.106795 0.024962 -0.528449
v -0.573094 0.036963 -0.469028
v -0.106943 0.024957 -0.528473
v -0.573243 0.036963 -0.469053
v -0.121786 0.013596 -0.597325
v -0.567870 0.025457 -0.558442
v -0.122007 0.013587 -0.597376
v -0.568091 0.025456 -0.558493
v -0.137346 0.001992 -0.667779
v -0.561717 0.013607 -0.646282
v -0.137494 0.001988 -0.667806
v -0.561865 0.013609 -0.646308
v -0.138057 -0.009868 -0.739106
v -0.539220 0.000919 -0.731737
v -0.138247 -0.009874 -0.739152
v -0.539410 0.000920 -0.731782
v -0.139194 -0.021789 -0.812118
v -0.516383 -0.011806 -0.815541
v -0.139384 -0.021796 -0.812169
v -0.516573 -0.011805 -0.815592
v -0.134325 -0.033315 -0.885280
v -0.488019 -0.024284 -0.896376
v -0.134501 -0.033322 -0.885334
v -0.488196 -0.024283 -0.896429
v -0.119179 -0.044091 -0.957453
v -0.450734 -0.036323 -0.973505
v -0.119260 -0.044094 -0.957473
v -0.450816 -0.036322 -0.973525
v -0.103834 -0.054520 -1.031073
v -0.413460 -0.047906 -1.049115
v -0.104039 -0.054530 -1.031158
v -0.413666 -0.047906 -1.049200
v -0.076017 -0.062972 -1.100390
v -0.367827 -0.057930 -1.119410
v -0.076099 -0.062976 -1.100424
v -0.367909 -0.057929 -1.119444
v -0.043387 -0.070196 -1.168656
v -0.319162 -0.066869 -1.187140
v -0.043418 -0.070198 -1.168671
v -0.319192 -0.066870 -1.187155
v -0.008834 -0.076271 -1.236795
v -0.269903 -0.074699 -1.253211
v -0.009221 -0.076289 -1.236977
v -0.270289 -0.074699 -1.253392
v 0.040322 -0.079716 -1.295097
v -0.212828 -0.079380 -1.312717
v 0.040311 -0.079716 -1.295100
v -0.212839 -0.079379 -1.312720
v 0.089954 -0.082984 -1.353655
v -0.155478 -0.082898 -1.371610
v 0.089675 -0.082984 -1.353789
v -0.155757 -0.082898 -1.371743
v 0.145926 -0.083740 -1.405707
v -0.095273 -0.083740 -1.426832
vn -0.0000 1.0000 -0.0000
vn -0.0014 1.0000 -0.0013
vn -0.0015 1.0000 -0.0016
vn -0.0036 1.0000 -0.0043
vn -0.0106 0.9998 -0.0140
vn -0.0110 0.9998 -0.0172
vn -0.0160 0.9994 -0.0299
vn -0.0176 0.9990 -0.0410
vn -0.0144 0.9988 -0.0461
vn -0.0157 0.9977 -0.0657
vn -0.0112 0.9971 -0.0758
vn -0.0080 0.9958 -0.0907
vn -0.0056 0.9939 -0.1098
vn -0.0006 0.9926 -0.1215
vn 0.0047 0.9909 -0.1349
vn 0.0105 0.9896 -0.1435
vn 0.0165 0.9889 -0.1474
vn 0.0216 0.9882 -0.1517
vn 0.0257 0.9881 -0.1517
vn 0.0288 0.9886 -0.1479
vn 0.0300 0.9896 -0.1408
vn 0.0296 0.9903 -0.1358
vn 0.0266 0.9927 -0.1175
vn 0.0217 0.9942 -0.1053
vn 0.0153 0.9955 -0.0938
vn 0.0078 0.9981 -0.0617
vn 0.0047 0.9986 -0.0535
vn 0.0013 0.9999 -0.0135
vn -0.0000 -1.0000 -0.0000
vn 0.0014 -1.0000 0.0013
vn 0.0015 -1.0000 0.0016
vn 0.0036 -1.0000 0.0043
vn 0.0106 -0.9998 0.0141
vn 0.0110 -0.9998 0.0173
vn 0.0160 -0.9994 0.0300
vn 0.0176 -0.9990 0.0411
vn 0.0143 -0.9988 0.0462
vn 0.0156 -0.9977 0.0659
vn 0.0112 -0.9970 0.0761
vn 0.0080 -0.9958 0.0910
vn 0.0056 -0.9939 0.1100
vn 0.0005 -0.9926 0.1215
vn -0.0046 -0.9908 0.1350
vn -0.0104 -0.9896 0.1436
vn -0.0164 -0.9889 0.1475
vn -0.0215 -0.9882 0.1517
vn -0.0256 -0.9881 0.1517
vn -0.0287 -0.9886 0.1479
vn -0.0298 -0.9896 0.1407
vn -0.0294 -0.9903 0.1357
vn -0.0265 -0.9927 0.1174
vn -0.0216 -0.9942 0.1052
vn -0.0152 -0.9955 0.0937
vn -0.0078 -0.9981 0.0618
vn -0.0047 -0.9986 0.0535
vn -0.0013 -0.9999 0.0136
vn 0.7848 -0.0000 0.6198
vn -0.3304 -0.0000 0.9438
vn -0.7762 -0.0000 -0.6305
vn 0.3296 -0.0000 -0.9441
vn 0.7762 -0.0000 0.6305
vn -0.3330 -0.0000 0.9429
vn -0.7587 -0.0000 -0.6514
vn 0.3263 -0.0000 -0.9453
vn 0.7587 -0.0000 0.6514
vn -0.3361 -0.0000 0.9418
vn -0.7408 -0.0000 -0.6717
vn 0.3227 -0.0000 -0.9465
vn 0.7408 0.0047 0.6717
vn -0.4783 -0.0013 0.8782
vn -0.7061 -0.0046 -0.7081
vn 0.4856 0.0013 -0.8742
vn 0.7061 0.0052 0.7081
vn -0.5080 -0.0016 0.8614
vn -0.6672 -0.0051 -0.7448
vn 0.5002 0.0015 -0.8659
vn 0.6672 0.0122 0.7448
vn -0.5520 -0.0045 0.8338
vn -0.6266 -0.0117 -0.7792
vn 0.5241 0.0041 -0.8516
vn 0.6263 0.0344 0.7788
vn -0.6744 -0.0192 0.7381
vn -0.5835 -0.0330 -0.8115
vn 0.6415 0.0176 -0.7669
vn 0.5835 0.0319 0.8115
vn -0.6831 -0.0189 0.7301
vn -0.5397 -0.0305 -0.8413
vn 0.6284 0.0162 -0.7777
vn 0.5393 0.0468 0.8408
vn -0.7663 -0.0352 0.6415
vn -0.4940 -0.0445 -0.8683
vn 0.7011 0.0300 -0.7124
vn 0.4938 0.0536 0.8679
vn -0.8216 -0.0475 0.5681
vn -0.4474 -0.0507 -0.8929
vn 0.7471 0.0401 -0.6635
vn 0.4475 0.0484 0.8930
vn -0.8281 -0.0455 0.5588
vn -0.4009 -0.0457 -0.9150
vn 0.7373 0.0369 -0.6746
vn 0.4007 0.0623 0.9141
vn -0.9176 -0.0743 0.3905
vn -0.3533 -0.0584 -0.9337
vn 0.8384 0.0626 -0.5415
vn 0.3533 0.0560 0.9338
vn -0.9266 -0.0717 0.3691
vn -0.3062 -0.0523 -0.9505
vn 0.8379 0.0591 -0.5426
vn 0.3062 0.0529 0.9505
vn -0.9490 -0.0752 0.3063
vn -0.2596 -0.0492 -0.9645
vn 0.8619 0.0620 -0.5032
vn 0.2596 0.0534 0.9642
vn -0.9821 -0.0876 0.1667
vn -0.2138 -0.0494 -0.9756
vn 0.9178 0.0747 -0.3900
vn 0.2138 0.0458 0.9758
vn -0.9845 -0.0800 0.1562
vn -0.1695 -0.0423 -0.9846
vn 0.9146 0.0671 -0.3987
vn 0.1695 0.0426 0.9846
vn -0.9962 -0.0834 0.0246
vn -0.1273 -0.0392 -0.9911
vn 0.9566 0.0728 -0.2821
vn 0.1273 0.0375 0.9912
vn -0.9956 -0.0797 -0.0496
vn -0.0877 -0.0345 -0.9956
vn 0.9727 0.0704 -0.2213
vn 0.0876 0.0317 0.9956
vn -0.9955 -0.0713 -0.0627
vn -0.0514 -0.0293 -0.9983
vn 0.9730 0.0625 -0.2223
vn 0.0513 0.0279 0.9983
vn -0.9668 -0.0682 -0.2461
vn -0.0191 -0.0259 -0.9995
vn 0.9978 0.0638 -0.0185
vn 0.0190 0.0240 0.9995
vn -0.9648 -0.0608 -0.2560
vn 0.0085 -0.0224 -0.9997
vn 0.9982 0.0564 -0.0222
vn -0.0085 0.0205 0.9998
vn -0.9441 -0.0536 -0.3254
vn 0.0309 -0.0194 -0.9993
vn 0.9968 0.0508 0.0610
vn -0.0309 0.0175 0.9994
vn -0.9013 -0.0467 -0.4308
vn 0.0480 -0.0167 -0.9987
vn 0.9785 0.0457 0.2011
vn -0.0480 0.0161 0.9987
vn -0.8983 -0.0435 -0.4373
vn 0.0578 -0.0157 -0.9982
vn 0.9790 0.0425 0.1992
vn -0.0579 0.0129 0.9982
vn -0.8391 -0.0346 -0.5429
vn 0.0648 -0.0127 -0.9978
vn 0.9279 0.0349 0.3713
vn -0.0648 0.0116 0.9978
vn -0.8130 -0.0310 -0.5814
vn 0.0667 -0.0115 -0.9977
vn 0.9026 0.0316 0.4294
vn -0.0667 0.0110 0.9977
vn -0.8028 -0.0296 -0.5955
vn 0.0627 -0.0111 -0.9980
vn 0.8924 0.0303 0.4503
vn -0.0627 0.0050 0.9980
vn -0.7188 -0.0130 -0.6951
vn 0.0694 -0.0050 -0.9976
vn 0.7613 0.0132 0.6482
vn -0.0694 0.0049 0.9976
vn -0.7167 -0.0126 -0.6973
vn 0.0730 -0.0049 -0.9973
vn 0.7631 0.0128 0.6462
vn -0.0730 0.0005 0.9973
vn -0.6734 -0.0012 -0.7393
vn 0.0872 -0.0004 -0.9962
vn 0.6782 0.0012 0.7348
vt 0.625000 0.500000
vt 0.875000 0.500000
vt 0.875000 0.750000
vt 0.625000 0.750000
s 1
usemtl Material.002
f 1684/61/1121 1682/62/1121 1681/63/1121 1683/64/1121
f 1688/61/1121 1686/62/1121 1685/63/1121 1687/64/1121
f 1692/61/1121 1690/62/1121 1689/63/1121 1691/64/1121
f 1696/61/1122 1694/62/1122 1693/63/1122 1695/64/1122
f 1700/61/1123 1698/62/1123 1697/63/1123 1699/64/1123
f 1704/61/1124 1702/62/1124 1701/63/1124 1703/64/1124
f 1708/61/1125 1706/62/1125 1705/63/1125 1707/64/1125
f 1712/61/1126 1710/62/1126 1709/63/1126 1711/64/1126
f 1716/61/1127 1714/62/1127 1713/63/1127 1715/64/1127
f 1720/61/1128 1718/62/1128 1717/63/1128 1719/64/1128
f 1724/61/1129 1722/62/1129 1721/63/1129 1723/64/1129
f 1728/61/1130 1726/62/1130 1725/63/1130 1727/64/1130
f 1732/61/1131 1730/62/1131 1729/63/1131 1731/64/1131
f 1736/61/1132 1734/62/1132 1733/63/1132 1735/64/1132
f 1740/61/1133 1738/62/1133 1737/63/1133 1739/64/1133
f 1744/61/1134 1742/62/1134 1741/63/1134 1743/64/1134
f 1748/61/1135 1746/62/1135 1745/63/1135 1747/64/1135
f 1752/61/1136 1750/62/1136 1749/63/1136 1751/64/1136
f 1756/61/1137 1754/62/1137 1753/63/1137 1755/64/1137
f 1760/61/1138 1758/62/1138 1757/63/1138 1759/64/1138
f 1764/61/1139 1762/62/1139 1761/63/1139 1763/64/1139
f 1768/61/1140 1766/62/1140 1765/63/1140 1767/64/1140
f 1772/61/1141 1770/62/1141 1769/63/1141 1771/64/1141
f 1776/61/1142 1774/62/1142 1773/63/1142 1775/64/1142
f 1780/61/1143 1778/62/1143 1777/63/1143 1779/64/1143
f 1784/61/1144 1782/62/1144 1781/63/1144 1783/64/1144
f 1788/61/1145 1786/62/1145 1785/63/1145 1787/64/1145
f 1792/61/1146 1790/62/1146 1789/63/1146 1791/64/1146
f 1796/61/1147 1794/62/1147 1793/63/1147 1795/64/1147
f 1800/61/1148 1798/62/1148 1797/63/1148 1799/64/1148
f 1804/61/1149 1803/64/1149 1801/63/1149 1802/62/1149
f 1808/61/1149 1807/64/1149 1805/63/1149 1806/62/1149
f 1812/61/1149 1811/64/1149 1809/63/1149 1810/62/1149
f 1816/61/1150 1815/64/1150 1813/63/1150 1814/62/1150
f 1820/61/1151 1819/64/1151 1817/63/1151 1818/62/1151
f 1824/61/1152 1823/64/1152 1821/63/1152 1822/62/1152
f 1828/61/1153 1827/64/1153 1825/63/1153 1826/62/1153
f 1832/61/1154 1831/64/1154 1829/63/1154 1830/62/1154
f 1836/61/1155 1835/64/1155 1833/63/1155 1834/62/1155
f 1840/61/1156 1839/64/1156 1837/63/1156 1838/62/1156
f 1844/61/1157 1843/64/1157 1841/63/1157 1842/62/1157
f 1848/61/1158 1847/64/1158 1845/63/1158 1846/62/1158
f 1852/61/1159 1851/64/1159 1849/63/1159 1850/62/1159
f 1856/61/1160 1855/64/1160 1853/63/1160 1854/62/1160
f 1860/61/1161 1859/64/1161 1857/63/1161 1858/62/1161
f 1864/61/1162 1863/64/1162 1861/63/1162 1862/62/1162
f 1868/61/1163 1867/64/1163 1865/63/1163 1866/62/1163
f 1872/61/1164 1871/64/1164 1869/63/1164 1870/62/1164
f 1876/61/1165 1875/64/1165 1873/63/1165 1874/62/1165
f 1880/61/1166 1879/64/1166 1877/63/1166 1878/62/1166
f 1884/61/1167 1883/64/1167 1881/63/1167 1882/62/1167
f 1888/61/1168 1887/64/1168 1885/63/1168 1886/62/1168
f 1892/61/1169 1891/64/1169 1889/63/1169 1890/62/1169
f 1896/61/1170 1895/64/1170 1893/63/1170 1894/62/1170
f 1900/61/1171 1899/64/1171 1897/63/1171 1898/62/1171
f 1904/61/1172 1903/64/1172 1901/63/1172 1902/62/1172
f 1908/61/1173 1907/64/1173 1905/63/1173 1906/62/1173
f 1912/61/1174 1911/64/1174 1909/63/1174 1910/62/1174
f 1916/61/1175 1915/64/1175 1913/63/1175 1914/62/1175
f 1920/61/1176 1919/64/1176 1917/63/1176 1918/62/1176
f 1681/63/1177 1682/62/1177 1802/62/1177 1801/63/1177
f 1682/62/1178 1684/61/1178 1804/61/1178 1802/62/1178
f 1684/61/1179 1683/64/1179 1803/64/1179 1804/61/1179
f 1683/64/1180 1681/63/1180 1801/63/1180 1803/64/1180
f 1685/63/1181 1686/62/1181 1806/62/1181 1805/63/1181
f 1686/62/1182 1688/61/1182 1808/61/1182 1806/62/1182
f 1688/61/1183 1687/64/1183 1807/64/1183 1808/61/1183
f 1687/64/1184 1685/63/1184 1805/63/1184 1807/64/1184
f 1689/63/1185 1690/62/1185 1810/62/1185 1809/63/1185
f 1690/62/1186 1692/61/1186 1812/61/1186 1810/62/1186
f 1692/61/1187 1691/64/1187 1811/64/1187 1812/61/1187
f 1691/64/1188 1689/63/1188 1809/63/1188 1811/64/1188
f 1693/63/1189 1694/62/1189 1814/62/1189 1813/63/1189
f 1694/62/1190 1696/61/1190 1816/61/1190 1814/62/1190
f 1696/61/1191 1695/64/1191 1815/64/1191 1816/61/1191
f 1695/64/1192 1693/63/1192 1813/63/1192 1815/64/1192
f 1697/63/1193 1698/62/1193 1818/62/1193 1817/63/1193
f 1698/62/1194 1700/61/1194 1820/61/1194 1818/62/1194
f 1700/61/1195 1699/64/1195 1819/64/1195 1820/61/1195
f 1699/64/1196 1697/63/1196 1817/63/1196 1819/64/1196
f 1701/63/1197 1702/62/1197 1822/62/1197 1821/63/1197
f 1702/62/1198 1704/61/1198 1824/61/1198 1822/62/1198
f 1704/61/1199 1703/64/1199 1823/64/1199 1824/61/1199
f 1703/64/1200 1701/63/1200 1821/63/1200 1823/64/1200
f 1705/63/1201 1706/62/1201 1826/62/1201 1825/63/1201
f 1706/62/1202 1708/61/1202 1828/61/1202 1826/62/1202
f 1708/61/1203 1707/64/1203 1827/64/1203 1828/61/1203
f 1707/64/1204 1705/63/1204 1825/63/1204 1827/64/1204
f 1709/63/1205 1710/62/1205 1830/62/1205 1829/63/1205
f 1710/62/1206 1712/61/1206 1832/61/1206 1830/62/1206
f 1712/61/1207 1711/64/1207 1831/64/1207 1832/61/1207
f 1711/64/1208 1709/63/1208 1829/63/1208 1831/64/1208
f 1713/63/1209 1714/62/1209 1834/62/1209 1833/63/1209
f 1714/62/1210 1716/61/1210 1836/61/1210 1834/62/1210
f 1716/61/1211 1715/64/1211 1835/64/1211 1836/61/1211
f 1715/64/1212 1713/63/1212 1833/63/1212 1835/64/1212
f 1717/63/1213 1718/62/1213 1838/62/1213 1837/63/1213
f 1718/62/1214 1720/61/1214 1840/61/1214 1838/62/1214
f 1720/61/1215 1719/64/1215 1839/64/1215 1840/61/1215
f 1719/64/1216 1717/63/1216 1837/63/1216 1839/64/1216
f 1721/63/1217 1722/62/1217 1842/62/1217 1841/63/1217
f 1722/62/1218 1724/61/1218 1844/61/1218 1842/62/1218
f 1724/61/1219 1723/64/1219 1843/64/1219 1844/61/1219
f 1723/64/1220 1721/63/1220 1841/63/1220 1843/64/1220
f 1725/63/1221 1726/62/1221 1846/62/1221 1845/63/1221
f 1726/62/1222 1728/61/1222 1848/61/1222 1846/62/1222
f 1728/61/1223 1727/64/1223 1847/64/1223 1848/61/1223
f 1727/64/1224 1725/63/1224 1845/63/1224 1847/64/1224
f 1729/63/1225 1730/62/1225 1850/62/1225 1849/63/1225
f 1730/62/1226 1732/61/1226 1852/61/1226 1850/62/1226
f 1732/61/1227 1731/64/1227 1851/64/1227 1852/61/1227
f 1731/64/1228 1729/63/1228 1849/63/1228 1851/64/1228
f 1733/63/1229 1734/62/1229 1854/62/1229 1853/63/1229
f 1734/62/1230 1736/61/1230 1856/61/1230 1854/62/1230
f 1736/61/1231 1735/64/1231 1855/64/1231 1856/61/1231
f 1735/64/1232 1733/63/1232 1853/63/1232 1855/64/1232
f 1737/63/1233 1738/62/1233 1858/62/1233 1857/63/1233
f 1738/62/1234 1740/61/1234 1860/61/1234 1858/62/1234
f 1740/61/1235 1739/64/1235 1859/64/1235 1860/61/1235
f 1739/64/1236 1737/63/1236 1857/63/1236 1859/64/1236
f 1741/63/1237 1742/62/1237 1862/62/1237 1861/63/1237
f 1742/62/1238 1744/61/1238 1864/61/1238 1862/62/1238
f 1744/61/1239 1743/64/1239 1863/64/1239 1864/61/1239
f 1743/64/1240 1741/63/1240 1861/63/1240 1863/64/1240
f 1745/63/1241 1746/62/1241 1866/62/1241 1865/63/1241
f 1746/62/1242 1748/61/1242 1868/61/1242 1866/62/1242
f 1748/61/1243 1747/64/1243 1867/64/1243 1868/61/1243
f 1747/64/1244 1745/63/1244 1865/63/1244 1867/64/1244
f 1749/63/1245 1750/62/1245 1870/62/1245 1869/63/1245
f 1750/62/1246 1752/61/1246 1872/61/1246 1870/62/1246
f 1752/61/1247 1751/64/1247 1871/64/1247 1872/61/1247
f 1751/64/1248 1749/63/1248 1869/63/1248 1871/64/1248
f 1753/63/1249 1754/62/1249 1874/62/1249 1873/63/1249
f 1754/62/1250 1756/61/1250 1876/61/1250 1874/62/1250
f 1756/61/1251 1755/64/1251 1875/64/1251 1876/61/1251
f 1755/64/1252 1753/63/1252 1873/63/1252 1875/64/1252
f 1757/63/1253 1758/62/1253 1878/62/1253 1877/63/1253
f 1758/62/1254 1760/61/1254 1880/61/1254 1878/62/1254
f 1760/61/1255 1759/64/1255 1879/64/1255 1880/61/1255
f 1759/64/1256 1757/63/1256 1877/63/1256 1879/64/1256
f 1761/63/1257 1762/62/1257 1882/62/1257 1881/63/1257
f 1762/62/1258 1764/61/1258 1884/61/1258 1882/62/1258
f 1764/61/1259 1763/64/1259 1883/64/1259 1884/61/1259
f 1763/64/1260 1761/63/1260 1881/63/1260 1883/64/1260
f 1765/63/1261 1766/62/1261 1886/62/1261 1885/63/1261
f 1766/62/1262 1768/61/1262 1888/61/1262 1886/62/1262
f 1768/61/1263 1767/64/1263 1887/64/1263 1888/61/1263
f 1767/64/1264 1765/63/1264 1885/63/1264 1887/64/1264
f 1769/63/1265 1770/62/1265 1890/62/1265 1889/63/1265
f 1770/62/1266 1772/61/1266 1892/61/1266 1890/62/1266
f 1772/61/1267 1771/64/1267 1891/64/1267 1892/61/1267
f 1771/64/1268 1769/63/1268 1889/63/1268 1891/64/1268
f 1773/63/1269 1774/62/1269 1894/62/1269 1893/63/1269
f 1774/62/1270 1776/61/1270 1896/61/1270 1894/62/1270
f 1776/61/1271 1775/64/1271 1895/64/1271 1896/61/1271
f 1775/64/1272 1773/63/1272 1893/63/1272 1895/64/1272
f 1777/63/1273 1778/62/1273 1898/62/1273 1897/63/1273
f 1778/62/1274 1780/61/1274 1900/61/1274 1898/62/1274
f 1780/61/1275 1779/64/1275 1899/64/1275 1900/61/1275
f 1779/64/1276 1777/63/1276 1897/63/1276 1899/64/1276
f 1781/63/1277 1782/62/1277 1902/62/1277 1901/63/1277
f 1782/62/1278 1784/61/1278 1904/61/1278 1902/62/1278
f 1784/61/1279 1783/64/1279 1903/64/1279 1904/61/1279
f 1783/64/1280 1781/63/1280 1901/63/1280 1903/64/1280
f 1785/63/1281 1786/62/1281 1906/62/1281 1905/63/1281
f 1786/62/1282 1788/61/1282 1908/61/1282 1906/62/1282
f 1788/61/1283 1787/64/1283 1907/64/1283 1908/61/1283
f 1787/64/1284 1785/63/1284 1905/63/1284 1907/64/1284
f 1789/63/1285 1790/62/1285 1910/62/1285 1909/63/1285
f 1790/62/1286 1792/61/1286 1912/61/1286 1910/62/1286
f 1792/61/1287 1791/64/1287 1911/64/1287 1912/61/1287
f 1791/64/1288 1789/63/1288 1909/63/1288 1911/64/1288
f 1793/63/1289 1794/62/1289 1914/62/1289 1913/63/1289
f 1794/62/1290 1796/61/1290 1916/61/1290 1914/62/1290
f 1796/61/1291 1795/64/1291 1915/64/1291 1916/61/1291
f 1795/64/1292 1793/63/1292 1913/63/1292 1915/64/1292
f 1797/63/1293 1798/62/1293 1918/62/1293 1917/63/1293
f 1798/62/1294 1800/61/1294 1920/61/1294 1918/62/1294
f 1800/61/1295 1799/64/1295 1919/64/1295 1920/61/1295
f 1799/64/1296 1797/63/1296 1917/63/1296 1919/64/1296
o Cube.008
v 0.806371 -0.113266 -0.492046
v 0.806371 0.113266 -0.492046
v 0.496861 -0.113266 -0.720756
v 0.496861 0.113266 -0.720756
v 0.848339 -0.113266 -0.548896
v 0.848339 0.113266 -0.548896
v 0.543134 -0.113266 -0.783320
v 0.543134 0.113266 -0.783320
v 0.848339 -0.113266 -0.548896
v 0.848339 0.113266 -0.548896
v 0.543134 -0.113266 -0.783320
v 0.543134 0.113266 -0.783320
v 0.887997 -0.113266 -0.603012
v 0.887997 0.113266 -0.603012
v 0.591717 -0.113266 -0.848619
v 0.591717 0.113266 -0.848619
v 0.887997 -0.113266 -0.603012
v 0.887997 0.113266 -0.603012
v 0.591717 -0.113266 -0.848619
v 0.591717 0.113266 -0.848619
v 0.927450 -0.113266 -0.657298
v 0.927450 0.113266 -0.657298
v 0.640505 -0.113266 -0.913748
v 0.640505 0.113266 -0.913748
v 0.927450 -0.113266 -0.657298
v 0.927450 0.113266 -0.657298
v 0.640505 -0.113266 -0.913748
v 0.640505 0.113266 -0.913748
v 0.971482 -0.113122 -0.699193
v 0.971482 0.113122 -0.699193
v 0.703279 -0.113122 -0.974501
v 0.703279 0.113122 -0.974501
v 0.971482 -0.113122 -0.699193
v 0.971482 0.113122 -0.699193
v 0.703279 -0.113122 -0.974501
v 0.703279 0.113122 -0.974501
v 1.015622 -0.113043 -0.739782
v 1.015622 0.112885 -0.739782
v 0.768980 -0.112955 -1.033818
v 0.768980 0.112955 -1.033818
v 1.015622 -0.113043 -0.739782
v 1.015622 0.112885 -0.739782
v 0.768980 -0.112955 -1.033818
v 0.768980 0.112955 -1.033818
v 1.060771 -0.113102 -0.778996
v 1.060771 0.112028 -0.778996
v 0.837478 -0.112539 -1.089397
v 0.837478 0.112539 -1.089397
v 1.060771 -0.113102 -0.778996
v 1.060771 0.112028 -0.778996
v 0.837478 -0.112539 -1.089397
v 0.837478 0.112539 -1.089397
v 1.111391 -0.112800 -0.811291
v 1.111391 0.109766 -0.811291
v 0.914079 -0.111240 -1.133659
v 0.914079 0.111240 -1.133659
v 1.111391 -0.112800 -0.811291
v 1.111391 0.109766 -0.811291
v 0.914079 -0.111240 -1.133659
v 0.914079 0.111240 -1.133659
v 1.161746 -0.112898 -0.844648
v 1.161746 0.107103 -0.844648
v 0.990946 -0.109941 -1.176858
v 0.990946 0.109941 -1.176858
v 1.161746 -0.112898 -0.844648
v 1.161746 0.107103 -0.844648
v 0.990946 -0.109941 -1.176858
v 0.990946 0.109941 -1.176858
v 1.215001 -0.112709 -0.872726
v 1.215001 0.103120 -0.872726
v 1.072138 -0.107840 -1.210132
v 1.072138 0.107840 -1.210132
v 1.215001 -0.112709 -0.872726
v 1.215001 0.103120 -0.872726
v 1.072138 -0.107840 -1.210132
v 1.072138 0.107840 -1.210132
v 1.270664 -0.112455 -0.897343
v 1.270664 0.098032 -0.897343
v 1.156187 -0.105244 -1.235781
v 1.156187 0.105079 -1.235781
v 1.270664 -0.112455 -0.897343
v 1.270664 0.098032 -0.897343
v 1.156187 -0.105244 -1.235781
v 1.156187 0.105079 -1.235781
v 1.326654 -0.112534 -0.923112
v 1.326654 0.092609 -0.923112
v 1.239911 -0.103475 -1.260278
v 1.239911 0.101519 -1.260278
v 1.326654 -0.112534 -0.923112
v 1.326654 0.092609 -0.923112
v 1.239911 -0.103475 -1.260278
v 1.239911 0.101519 -1.260278
v 1.386019 -0.112033 -0.938873
v 1.386019 0.085222 -0.938873
v 1.326938 -0.101662 -1.268315
v 1.326938 0.095464 -1.268315
v 1.386019 -0.112033 -0.938873
v 1.386019 0.085222 -0.938873
v 1.326938 -0.101662 -1.268315
v 1.326938 0.095464 -1.268315
v 1.446410 -0.111812 -0.954986
v 1.446410 0.077383 -0.954986
v 1.413380 -0.100740 -1.274246
v 1.413380 0.088342 -1.274246
v 1.446410 -0.111812 -0.954986
v 1.446410 0.077383 -0.954986
v 1.413380 -0.100740 -1.274246
v 1.413380 0.088342 -1.274246
v 1.507929 -0.111649 -0.968334
v 1.507929 0.068812 -0.968334
v 1.499136 -0.100407 -1.274299
v 1.499136 0.079958 -1.274299
v 1.507929 -0.111649 -0.968334
v 1.507929 0.068812 -0.968334
v 1.499136 -0.100407 -1.274299
v 1.499136 0.079958 -1.274299
v 1.571109 -0.111277 -0.973691
v 1.571109 0.058861 -0.973691
v 1.584270 -0.100419 -1.261916
v 1.584270 0.069640 -1.261916
v 1.571109 -0.111277 -0.973691
v 1.571109 0.058861 -0.973691
v 1.584270 -0.100419 -1.261916
v 1.584270 0.069640 -1.261916
v 1.635630 -0.111153 -0.979786
v 1.635630 0.048658 -0.979786
v 1.668063 -0.100979 -1.248795
v 1.668063 0.058767 -1.248795
v 1.635630 -0.111153 -0.979786
v 1.635630 0.048658 -0.979786
v 1.668063 -0.100979 -1.248795
v 1.668063 0.058767 -1.248795
v 1.700301 -0.110997 -0.977780
v 1.700301 0.037557 -0.977780
v 1.748934 -0.101905 -1.224861
v 1.748934 0.046599 -1.224861
v 1.700301 -0.110997 -0.977780
v 1.700301 0.037557 -0.977780
v 1.748934 -0.101905 -1.224861
v 1.748934 0.046599 -1.224861
v 1.765886 -0.110909 -0.971635
v 1.765886 0.025902 -0.971635
v 1.827442 -0.103100 -1.195180
v 1.827442 0.033672 -1.195180
v 1.765886 -0.110909 -0.971635
v 1.765886 0.025902 -0.971635
v 1.827442 -0.103100 -1.195180
v 1.827442 0.033672 -1.195180
v 1.832992 -0.110915 -0.965495
v 1.832992 0.014144 -0.965495
v 1.904271 -0.104362 -1.165051
v 1.904271 0.020668 -1.165051
v 1.832992 -0.110915 -0.965495
v 1.832992 0.014144 -0.965495
v 1.904271 -0.104362 -1.165051
v 1.904271 0.020668 -1.165051
v 1.896958 -0.111112 -0.946068
v 1.896958 0.001999 -0.946068
v 1.974640 -0.106045 -1.121230
v 1.974640 0.007044 -1.121230
v 1.896958 -0.111112 -0.946068
v 1.896958 0.001999 -0.946068
v 1.974640 -0.106045 -1.121230
v 1.974640 0.007044 -1.121230
v 1.962517 -0.111262 -0.926515
v 1.962517 -0.010106 -0.926515
v 2.043417 -0.107481 -1.077535
v 2.043417 -0.006339 -1.077535
v 1.962517 -0.111262 -0.926515
v 1.962517 -0.010106 -0.926515
v 2.043417 -0.107481 -1.077535
v 2.043417 -0.006339 -1.077535
v 2.026603 -0.111527 -0.901621
v 2.026603 -0.021839 -0.901621
v 2.108061 -0.108891 -1.029792
v 2.108061 -0.019212 -1.029792
v 2.026603 -0.111527 -0.901621
v 2.026603 -0.021839 -0.901621
v 2.108061 -0.108891 -1.029792
v 2.108061 -0.019212 -1.029792
v 2.087063 -0.111996 -0.867950
v 2.087063 -0.032964 -0.867950
v 2.167016 -0.110405 -0.975223
v 2.167016 -0.031378 -0.975223
v 2.087063 -0.111996 -0.867950
v 2.087063 -0.032964 -0.867950
v 2.167016 -0.110405 -0.975223
v 2.167016 -0.031378 -0.975223
v 2.148820 -0.112062 -0.833772
v 2.148820 -0.043690 -0.833772
v 2.224674 -0.111197 -0.921159
v 2.224674 -0.042828 -0.921159
v 2.148820 -0.112062 -0.833772
v 2.148820 -0.043690 -0.833772
v 2.224674 -0.111197 -0.921159
v 2.224674 -0.042828 -0.921159
v 2.203307 -0.112614 -0.789703
v 2.203307 -0.052702 -0.789703
v 2.275261 -0.112374 -0.861109
v 2.275261 -0.052464 -0.861109
v 2.203307 -0.112614 -0.789703
v 2.203307 -0.052702 -0.789703
v 2.275261 -0.112374 -0.861109
v 2.275261 -0.052464 -0.861109
v 2.255647 -0.112841 -0.741776
v 2.255647 -0.060599 -0.741776
v 2.322826 -0.113010 -0.799194
v 2.322826 -0.060768 -0.799194
v 2.255647 -0.112841 -0.741776
v 2.255647 -0.060599 -0.741776
v 2.322826 -0.113010 -0.799194
v 2.322826 -0.060768 -0.799194
v 2.307390 -0.112407 -0.692228
v 2.307390 -0.067389 -0.692228
v 2.368781 -0.112747 -0.737258
v 2.368781 -0.067728 -0.737258
v 2.307390 -0.112407 -0.692228
v 2.307390 -0.067389 -0.692228
v 2.368781 -0.112747 -0.737258
v 2.368781 -0.067728 -0.737258
v 2.346189 -0.112864 -0.632277
v 2.346189 -0.070777 -0.632277
v 2.406539 -0.113417 -0.669987
v 2.406539 -0.071327 -0.669987
v 2.346189 -0.112864 -0.632277
v 2.346189 -0.070777 -0.632277
v 2.406539 -0.113417 -0.669987
v 2.406539 -0.071327 -0.669987
v 2.385349 -0.112142 -0.572116
v 2.385349 -0.072990 -0.572116
v 2.443935 -0.112697 -0.602925
v 2.443935 -0.073538 -0.602925
v 2.385349 -0.112142 -0.572116
v 2.385349 -0.072990 -0.572116
v 2.443935 -0.112697 -0.602925
v 2.443935 -0.073538 -0.602925
v 2.416806 -0.112015 -0.507980
v 2.416806 -0.073135 -0.507980
v 2.477100 -0.112562 -0.534169
v 2.477100 -0.073676 -0.534169
vn -0.5943 -0.0000 0.8042
vn -0.8040 -0.0000 -0.5946
vn 0.6091 -0.0000 -0.7931
vn 0.8045 -0.0000 0.5939
vn -0.0000 -1.0000 -0.0000
vn -0.6091 -0.0000 0.7931
vn -0.8023 -0.0000 -0.5969
vn 0.6382 -0.0000 -0.7699
vn 0.8066 -0.0000 0.5911
vn -0.6382 -0.0000 0.7699
vn -0.8003 -0.0000 -0.5995
vn 0.6664 -0.0000 -0.7456
vn 0.8089 -0.0000 0.5879
vn -0.6664 -0.0000 0.7456
vn -0.6954 -0.0000 -0.7186
vn 0.7163 -0.0000 -0.6978
vn 0.6893 -0.0000 0.7245
vn 0.0013 -1.0000 -0.0014
vn -0.7163 -0.0000 0.6978
vn -0.6701 -0.0000 -0.7422
vn 0.7662 -0.0000 -0.6427
vn 0.6769 -0.0000 0.7361
vn 0.0012 -1.0000 -0.0012
vn -0.7662 -0.0000 0.6427
vn -0.6301 -0.0000 -0.7765
vn 0.8118 -0.0000 -0.5840
vn 0.6557 -0.0000 0.7550
vn 0.0014 -1.0000 -0.0021
vn -0.8118 -0.0000 0.5840
vn -0.5003 -0.0000 -0.8658
vn 0.8529 -0.0000 -0.5220
vn 0.5379 -0.0000 0.8430
vn 0.0075 -0.9999 -0.0084
vn -0.8529 -0.0000 0.5220
vn -0.4899 -0.0000 -0.8718
vn 0.8893 -0.0000 -0.4572
vn 0.5523 -0.0000 0.8337
vn 0.0040 -1.0000 -0.0091
vn -0.8893 -0.0000 0.4572
vn -0.3792 -0.0000 -0.9253
vn 0.9209 -0.0000 -0.3899
vn 0.4664 -0.0000 0.8846
vn 0.0096 -0.9998 -0.0162
vn -0.9209 -0.0000 0.3899
vn -0.2919 -0.0000 -0.9565
vn 0.9473 -0.0000 -0.3204
vn 0.4045 -0.0000 0.9146
vn 0.0123 -0.9997 -0.0225
vn -0.9473 -0.0000 0.3204
vn -0.2808 -0.0000 -0.9598
vn 0.9685 -0.0000 -0.2492
vn 0.4181 -0.0000 0.9084
vn 0.0031 -0.9997 -0.0250
vn -0.9685 -0.0000 0.2492
vn -0.0920 -0.0000 -0.9958
vn 0.9843 -0.0000 -0.1765
vn 0.2566 -0.0000 0.9665
vn 0.0107 -0.9994 -0.0315
vn -0.9843 -0.0000 0.1765
vn -0.0685 -0.0000 -0.9977
vn 0.9947 -0.0000 -0.1029
vn 0.2578 -0.0000 0.9662
vn 0.0028 -0.9994 -0.0334
vn -0.9947 -0.0000 0.1029
vn -0.0006 -0.0000 -1.0000
vn 0.9996 -0.0000 -0.0287
vn 0.2120 -0.0000 0.9773
vn 0.0001 -0.9994 -0.0357
vn -0.9996 -0.0000 0.0287
vn 0.1439 -0.0000 -0.9896
vn 0.9990 -0.0000 0.0456
vn 0.0845 -0.0000 0.9964
vn 0.0042 -0.9993 -0.0371
vn -0.9990 -0.0000 -0.0456
vn 0.1547 -0.0000 -0.9880
vn 0.9928 -0.0000 0.1197
vn 0.0940 -0.0000 0.9956
vn -0.0011 -0.9993 -0.0378
vn -0.9928 -0.0000 -0.1197
vn 0.2838 -0.0000 -0.9589
vn 0.9812 -0.0000 0.1931
vn -0.0310 -0.0000 0.9995
vn 0.0013 -0.9993 -0.0371
vn -0.9812 -0.0000 -0.1931
vn 0.3536 -0.0000 -0.9354
vn 0.9641 -0.0000 0.2655
vn -0.0933 -0.0000 0.9956
vn 0.0012 -0.9994 -0.0356
vn -0.9641 -0.0000 -0.2655
vn 0.3651 -0.0000 -0.9310
vn 0.9417 -0.0000 0.3364
vn -0.0911 -0.0000 0.9958
vn -0.0002 -0.9994 -0.0340
vn -0.9417 -0.0000 -0.3364
vn 0.5286 -0.0000 -0.8489
vn 0.9141 -0.0000 0.4054
vn -0.2906 -0.0000 0.9568
vn 0.0005 -0.9995 -0.0308
vn -0.9141 -0.0000 -0.4054
vn 0.5362 -0.0000 -0.8441
vn 0.8815 -0.0000 0.4722
vn -0.2858 -0.0000 0.9583
vn 0.0008 -0.9996 -0.0267
vn -0.8815 -0.0000 -0.4722
vn 0.5941 -0.0000 -0.8044
vn 0.8440 -0.0000 0.5364
vn -0.3621 -0.0000 0.9321
vn -0.0000 -0.9997 -0.0230
vn -0.8440 -0.0000 -0.5364
vn 0.6793 -0.0000 -0.7339
vn 0.8018 -0.0000 0.5976
vn -0.4865 -0.0000 0.8737
vn -0.0022 -0.9998 -0.0195
vn -0.8018 -0.0000 -0.5976
vn 0.6840 -0.0000 -0.7295
vn 0.7552 -0.0000 0.6555
vn -0.4842 -0.0000 0.8749
vn 0.0013 -0.9999 -0.0115
vn -0.7552 -0.0000 -0.6555
vn 0.7648 -0.0000 -0.6443
vn 0.7044 -0.0000 0.7098
vn -0.6289 -0.0000 0.7775
vn -0.0050 -0.9999 -0.0116
vn -0.7044 -0.0000 -0.7098
vn 0.7930 -0.0000 -0.6092
vn 0.6497 -0.0000 0.7602
vn -0.6753 -0.0000 0.7375
vn -0.0037 -1.0000 -0.0045
vn -0.6497 -0.0000 -0.7602
vn 0.8031 -0.0000 -0.5959
vn 0.5914 -0.0000 0.8063
vn -0.6916 -0.0000 0.7223
vn 0.0006 -1.0000 0.0057
vn -0.5914 -0.0000 -0.8063
vn 0.8720 -0.0000 -0.4895
vn 0.5299 -0.0000 0.8481
vn -0.8395 -0.0000 0.5433
vn -0.0095 -1.0000 -0.0032
vn -0.5299 -0.0000 -0.8481
vn 0.8734 -0.0000 -0.4870
vn 0.4654 -0.0000 0.8851
vn -0.8381 -0.0000 0.5455
vn -0.0021 -0.9999 0.0126
vn -0.4654 -0.0000 -0.8851
vn 0.9007 -0.0000 -0.4345
vn 0.3984 -0.0000 0.9172
vn -0.8978 -0.0000 0.4404
vn -0.0068 -1.0000 0.0053
vt 0.375000 0.000000
vt 0.625000 0.000000
vt 0.625000 0.250000
vt 0.375000 0.250000
vt 0.625000 0.500000
vt 0.375000 0.500000
vt 0.625000 0.750000
vt 0.375000 0.750000
vt 0.625000 1.000000
vt 0.375000 1.000000
vt 0.125000 0.500000
vt 0.125000 0.750000
s 1
usemtl Material.001
f 1921/65/1297 1922/66/1297 1924/67/1297 1923/68/1297
f 1923/68/1298 1924/67/1298 1928/69/1298 1927/70/1298
f 1927/70/1299 1928/69/1299 1926/71/1299 1925/72/1299
f 1925/72/1300 1926/71/1300 1922/73/1300 1921/74/1300
f 1923/75/1301 1927/70/1301 1925/72/1301 1921/76/1301
f 1929/65/1302 1930/66/1302 1932/67/1302 1931/68/1302
f 1931/68/1303 1932/67/1303 1936/69/1303 1935/70/1303
f 1935/70/1304 1936/69/1304 1934/71/1304 1933/72/1304
f 1933/72/1305 1934/71/1305 1930/73/1305 1929/74/1305
f 1931/75/1301 1935/70/1301 1933/72/1301 1929/76/1301
f 1937/65/1306 1938/66/1306 1940/67/1306 1939/68/1306
f 1939/68/1307 1940/67/1307 1944/69/1307 1943/70/1307
f 1943/70/1308 1944/69/1308 1942/71/1308 1941/72/1308
f 1941/72/1309 1942/71/1309 1938/73/1309 1937/74/1309
f 1939/75/1301 1943/70/1301 1941/72/1301 1937/76/1301
f 1945/65/1310 1946/66/1310 1948/67/1310 1947/68/1310
f 1947/68/1311 1948/67/1311 1952/69/1311 1951/70/1311
f 1951/70/1312 1952/69/1312 1950/71/1312 1949/72/1312
f 1949/72/1313 1950/71/1313 1946/73/1313 1945/74/1313
f 1947/75/1314 1951/70/1314 1949/72/1314 1945/76/1314
f 1953/65/1315 1954/66/1315 1956/67/1315 1955/68/1315
f 1955/68/1316 1956/67/1316 1960/69/1316 1959/70/1316
f 1959/70/1317 1960/69/1317 1958/71/1317 1957/72/1317
f 1957/72/1318 1958/71/1318 1954/73/1318 1953/74/1318
f 1955/75/1319 1959/70/1319 1957/72/1319 1953/76/1319
f 1961/65/1320 1962/66/1320 1964/67/1320 1963/68/1320
f 1963/68/1321 1964/67/1321 1968/69/1321 1967/70/1321
f 1967/70/1322 1968/69/1322 1966/71/1322 1965/72/1322
f 1965/72/1323 1966/71/1323 1962/73/1323 1961/74/1323
f 1963/75/1324 1967/70/1324 1965/72/1324 1961/76/1324
f 1969/65/1325 1970/66/1325 1972/67/1325 1971/68/1325
f 1971/68/1326 1972/67/1326 1976/69/1326 1975/70/1326
f 1975/70/1327 1976/69/1327 1974/71/1327 1973/72/1327
f 1973/72/1328 1974/71/1328 1970/73/1328 1969/74/1328
f 1971/75/1329 1975/70/1329 1973/72/1329 1969/76/1329
f 1977/65/1330 1978/66/1330 1980/67/1330 1979/68/1330
f 1979/68/1331 1980/67/1331 1984/69/1331 1983/70/1331
f 1983/70/1332 1984/69/1332 1982/71/1332 1981/72/1332
f 1981/72/1333 1982/71/1333 1978/73/1333 1977/74/1333
f 1979/75/1334 1983/70/1334 1981/72/1334 1977/76/1334
f 1985/65/1335 1986/66/1335 1988/67/1335 1987/68/1335
f 1987/68/1336 1988/67/1336 1992/69/1336 1991/70/1336
f 1991/70/1337 1992/69/1337 1990/71/1337 1989/72/1337
f 1989/72/1338 1990/71/1338 1986/73/1338 1985/74/1338
f 1987/75/1339 1991/70/1339 1989/72/1339 1985/76/1339
f 1993/65/1340 1994/66/1340 1996/67/1340 1995/68/1340
f 1995/68/1341 1996/67/1341 2000/69/1341 1999/70/1341
f 1999/70/1342 2000/69/1342 1998/71/1342 1997/72/1342
f 1997/72/1343 1998/71/1343 1994/73/1343 1993/74/1343
f 1995/75/1344 1999/70/1344 1997/72/1344 1993/76/1344
f 2001/65/1345 2002/66/1345 2004/67/1345 2003/68/1345
f 2003/68/1346 2004/67/1346 2008/69/1346 2007/70/1346
f 2007/70/1347 2008/69/1347 2006/71/1347 2005/72/1347
f 2005/72/1348 2006/71/1348 2002/73/1348 2001/74/1348
f 2003/75/1349 2007/70/1349 2005/72/1349 2001/76/1349
f 2009/65/1350 2010/66/1350 2012/67/1350 2011/68/1350
f 2011/68/1351 2012/67/1351 2016/69/1351 2015/70/1351
f 2015/70/1352 2016/69/1352 2014/71/1352 2013/72/1352
f 2013/72/1353 2014/71/1353 2010/73/1353 2009/74/1353
f 2011/75/1354 2015/70/1354 2013/72/1354 2009/76/1354
f 2017/65/1355 2018/66/1355 2020/67/1355 2019/68/1355
f 2019/68/1356 2020/67/1356 2024/69/1356 2023/70/1356
f 2023/70/1357 2024/69/1357 2022/71/1357 2021/72/1357
f 2021/72/1358 2022/71/1358 2018/73/1358 2017/74/1358
f 2019/75/1359 2023/70/1359 2021/72/1359 2017/76/1359
f 2025/65/1360 2026/66/1360 2028/67/1360 2027/68/1360
f 2027/68/1361 2028/67/1361 2032/69/1361 2031/70/1361
f 2031/70/1362 2032/69/1362 2030/71/1362 2029/72/1362
f 2029/72/1363 2030/71/1363 2026/73/1363 2025/74/1363
f 2027/75/1364 2031/70/1364 2029/72/1364 2025/76/1364
f 2033/65/1365 2034/66/1365 2036/67/1365 2035/68/1365
f 2035/68/1366 2036/67/1366 2040/69/1366 2039/70/1366
f 2039/70/1367 2040/69/1367 2038/71/1367 2037/72/1367
f 2037/72/1368 2038/71/1368 2034/73/1368 2033/74/1368
f 2035/75/1369 2039/70/1369 2037/72/1369 2033/76/1369
f 2041/65/1370 2042/66/1370 2044/67/1370 2043/68/1370
f 2043/68/1371 2044/67/1371 2048/69/1371 2047/70/1371
f 2047/70/1372 2048/69/1372 2046/71/1372 2045/72/1372
f 2045/72/1373 2046/71/1373 2042/73/1373 2041/74/1373
f 2043/75/1374 2047/70/1374 2045/72/1374 2041/76/1374
f 2049/65/1375 2050/66/1375 2052/67/1375 2051/68/1375
f 2051/68/1376 2052/67/1376 2056/69/1376 2055/70/1376
f 2055/70/1377 2056/69/1377 2054/71/1377 2053/72/1377
f 2053/72/1378 2054/71/1378 2050/73/1378 2049/74/1378
f 2051/75/1379 2055/70/1379 2053/72/1379 2049/76/1379
f 2057/65/1380 2058/66/1380 2060/67/1380 2059/68/1380
f 2059/68/1381 2060/67/1381 2064/69/1381 2063/70/1381
f 2063/70/1382 2064/69/1382 2062/71/1382 2061/72/1382
f 2061/72/1383 2062/71/1383 2058/73/1383 2057/74/1383
f 2059/75/1384 2063/70/1384 2061/72/1384 2057/76/1384
f 2065/65/1385 2066/66/1385 2068/67/1385 2067/68/1385
f 2067/68/1386 2068/67/1386 2072/69/1386 2071/70/1386
f 2071/70/1387 2072/69/1387 2070/71/1387 2069/72/1387
f 2069/72/1388 2070/71/1388 2066/73/1388 2065/74/1388
f 2067/75/1389 2071/70/1389 2069/72/1389 2065/76/1389
f 2073/65/1390 2074/66/1390 2076/67/1390 2075/68/1390
f 2075/68/1391 2076/67/1391 2080/69/1391 2079/70/1391
f 2079/70/1392 2080/69/1392 2078/71/1392 2077/72/1392
f 2077/72/1393 2078/71/1393 2074/73/1393 2073/74/1393
f 2075/75/1394 2079/70/1394 2077/72/1394 2073/76/1394
f 2081/65/1395 2082/66/1395 2084/67/1395 2083/68/1395
f 2083/68/1396 2084/67/1396 2088/69/1396 2087/70/1396
f 2087/70/1397 2088/69/1397 2086/71/1397 2085/72/1397
f 2085/72/1398 2086/71/1398 2082/73/1398 2081/74/1398
f 2083/75/1399 2087/70/1399 2085/72/1399 2081/76/1399
f 2089/65/1400 2090/66/1400 2092/67/1400 2091/68/1400
f 2091/68/1401 2092/67/1401 2096/69/1401 2095/70/1401
f 2095/70/1402 2096/69/1402 2094/71/1402 2093/72/1402
f 2093/72/1403 2094/71/1403 2090/73/1403 2089/74/1403
f 2091/75/1404 2095/70/1404 2093/72/1404 2089/76/1404
f 2097/65/1405 2098/66/1405 2100/67/1405 2099/68/1405
f 2099/68/1406 2100/67/1406 2104/69/1406 2103/70/1406
f 2103/70/1407 2104/69/1407 2102/71/1407 2101/72/1407
f 2101/72/1408 2102/71/1408 2098/73/1408 2097/74/1408
f 2099/75/1409 2103/70/1409 2101/72/1409 2097/76/1409
f 2105/65/1410 2106/66/1410 2108/67/1410 2107/68/1410
f 2107/68/1411 2108/67/1411 2112/69/1411 2111/70/1411
f 2111/70/1412 2112/69/1412 2110/71/1412 2109/72/1412
f 2109/72/1413 2110/71/1413 2106/73/1413 2105/74/1413
f 2107/75/1414 2111/70/1414 2109/72/1414 2105/76/1414
f 2113/65/1415 2114/66/1415 2116/67/1415 2115/68/1415
f 2115/68/1416 2116/67/1416 2120/69/1416 2119/70/1416
f 2119/70/1417 2120/69/1417 2118/71/1417 2117/72/1417
f 2117/72/1418 2118/71/1418 2114/73/1418 2113/74/1418
f 2115/75/1419 2119/70/1419 2117/72/1419 2113/76/1419
f 2121/65/1420 2122/66/1420 2124/67/1420 2123/68/1420
f 2123/68/1421 2124/67/1421 2128/69/1421 2127/70/1421
f 2127/70/1422 2128/69/1422 2126/71/1422 2125/72/1422
f 2125/72/1423 2126/71/1423 2122/73/1423 2121/74/1423
f 2123/75/1424 2127/70/1424 2125/72/1424 2121/76/1424
f 2129/65/1425 2130/66/1425 2132/67/1425 2131/68/1425
f 2131/68/1426 2132/67/1426 2136/69/1426 2135/70/1426
f 2135/70/1427 2136/69/1427 2134/71/1427 2133/72/1427
f 2133/72/1428 2134/71/1428 2130/73/1428 2129/74/1428
f 2131/75/1429 2135/70/1429 2133/72/1429 2129/76/1429
f 2137/65/1430 2138/66/1430 2140/67/1430 2139/68/1430
f 2139/68/1431 2140/67/1431 2144/69/1431 2143/70/1431
f 2143/70/1432 2144/69/1432 2142/71/1432 2141/72/1432
f 2141/72/1433 2142/71/1433 2138/73/1433 2137/74/1433
f 2139/75/1434 2143/70/1434 2141/72/1434 2137/76/1434
f 2145/65/1435 2146/66/1435 2148/67/1435 2147/68/1435
f 2147/68/1436 2148/67/1436 2152/69/1436 2151/70/1436
f 2151/70/1437 2152/69/1437 2150/71/1437 2149/72/1437
f 2149/72/1438 2150/71/1438 2146/73/1438 2145/74/1438
f 2147/75/1439 2151/70/1439 2149/72/1439 2145/76/1439
f 2153/65/1440 2154/66/1440 2156/67/1440 2155/68/1440
f 2155/68/1441 2156/67/1441 2160/69/1441 2159/70/1441
f 2159/70/1442 2160/69/1442 2158/71/1442 2157/72/1442
f 2157/72/1443 2158/71/1443 2154/73/1443 2153/74/1443
f 2155/75/1444 2159/70/1444 2157/72/1444 2153/76/1444
o Cube.009
v 0.736566 0.116770 -0.362671
v 0.432639 0.116770 -0.803001
v 0.782025 0.116770 -0.424491
v 0.482760 0.116770 -0.871034
v 0.782025 0.116770 -0.424491
v 0.482760 0.116770 -0.871034
v 0.824985 0.116770 -0.483333
v 0.535379 0.116770 -0.942043
v 0.824985 0.116770 -0.483333
v 0.535379 0.116770 -0.942043
v 0.867728 0.116770 -0.542358
v 0.588216 0.116770 -1.012871
v 0.867728 0.116770 -0.542358
v 0.588216 0.116770 -1.012871
v 0.915261 0.116621 -0.588034
v 0.655992 0.116621 -1.079097
v 0.915261 0.116621 -0.588034
v 0.655992 0.116621 -1.079097
v 0.962898 0.116448 -0.632299
v 0.726888 0.116448 -1.143797
v 0.962898 0.116448 -0.632299
v 0.726888 0.116448 -1.143797
v 1.011602 0.116020 -0.675089
v 0.800749 0.116020 -1.204482
v 1.011602 0.116020 -0.675089
v 0.800749 0.116020 -1.204482
v 1.066102 0.114593 -0.710451
v 0.883196 0.114681 -1.253003
v 1.066102 0.114593 -0.710451
v 0.883196 0.114681 -1.253003
v 1.120327 0.112785 -0.746958
v 0.965917 0.113342 -1.300379
v 1.120327 0.112785 -0.746958
v 0.965917 0.113342 -1.300379
v 1.177610 0.109702 -0.777787
v 1.053189 0.111175 -1.337062
v 1.177610 0.109702 -0.777787
v 1.053189 0.111175 -1.337062
v 1.237440 0.105548 -0.804897
v 1.143468 0.108405 -1.365521
v 1.237440 0.105548 -0.804897
v 1.143468 0.108405 -1.365521
v 1.297630 0.101058 -0.833255
v 1.233369 0.105635 -1.392743
v 1.297630 0.101058 -0.833255
v 1.233369 0.105635 -1.392743
v 1.361344 0.094645 -0.850830
v 1.326684 0.101551 -1.402192
v 1.361344 0.094645 -0.850830
v 1.326684 0.101551 -1.402192
v 1.426160 0.087787 -0.868793
v 1.419358 0.096733 -1.409358
v 1.426160 0.087787 -0.868793
v 1.419358 0.096733 -1.409358
v 1.492157 0.080199 -0.883780
v 1.511232 0.090504 -1.410171
v 1.492157 0.080199 -0.883780
v 1.511232 0.090504 -1.410171
v 1.559861 0.071227 -0.890146
v 1.602351 0.082276 -1.397525
v 1.559861 0.071227 -0.890146
v 1.602351 0.082276 -1.397525
v 1.629006 0.061440 -0.897320
v 1.692007 0.073235 -1.384082
v 1.629006 0.061440 -0.897320
v 1.692007 0.073235 -1.384082
v 1.698239 0.050709 -0.895743
v 1.778447 0.062737 -1.358920
v 1.698239 0.050709 -0.895743
v 1.778447 0.062737 -1.358920
v 1.768413 0.039353 -0.889701
v 1.862311 0.051249 -1.327521
v 1.768413 0.039353 -0.889701
v 1.862311 0.051249 -1.327521
v 1.840216 0.027760 -0.883679
v 1.944353 0.039415 -1.295635
v 1.840216 0.027760 -0.883679
v 1.944353 0.039415 -1.295635
v 1.908535 0.015903 -0.863268
v 2.019358 0.026734 -1.248890
v 1.908535 0.015903 -0.863268
v 2.019358 0.026734 -1.248890
v 1.978559 0.003984 -0.842736
v 2.092654 0.014011 -1.202271
v 1.978559 0.003984 -0.842736
v 2.092654 0.014011 -1.202271
v 2.046956 -0.007542 -0.816419
v 2.161482 0.001531 -1.151242
v 2.046956 -0.007542 -0.816419
v 2.161482 0.001531 -1.151242
v 2.111390 -0.018320 -0.780584
v 2.224149 -0.010514 -1.092789
v 2.111390 -0.018320 -0.780584
v 2.224149 -0.010514 -1.092789
v 2.177210 -0.028759 -0.744213
v 2.285427 -0.022106 -1.034872
v 2.177210 -0.028759 -0.744213
v 2.285427 -0.022106 -1.034872
v 2.235152 -0.037214 -0.697086
v 2.339071 -0.032138 -0.970428
v 2.235152 -0.037214 -0.697086
v 2.339071 -0.032138 -0.970428
v 2.290762 -0.044447 -0.645771
v 2.389456 -0.041089 -0.903943
v 2.290762 -0.044447 -0.645771
v 2.389456 -0.041089 -0.903943
v 2.345718 -0.050535 -0.592698
v 2.438114 -0.048931 -0.837421
v 2.345718 -0.050535 -0.592698
v 2.438114 -0.048931 -0.837421
v 2.386717 -0.053952 -0.528266
v 2.477938 -0.053616 -0.765066
v 2.386717 -0.053952 -0.528266
v 2.477938 -0.053616 -0.765066
v 2.428102 -0.057225 -0.463610
v 2.517375 -0.057139 -0.692933
v 2.428102 -0.057225 -0.463610
v 2.517375 -0.057139 -0.692933
v 2.461202 -0.057979 -0.394587
v 2.552262 -0.057979 -0.618934
v 0.736566 0.091080 -0.362671
v 0.432639 0.091080 -0.803001
v 0.782025 0.091080 -0.424490
v 0.482760 0.091080 -0.871034
v 0.782025 0.091080 -0.424491
v 0.482760 0.091080 -0.871034
v 0.824985 0.091080 -0.483333
v 0.535379 0.091080 -0.942043
v 0.824985 0.091080 -0.483333
v 0.535379 0.091080 -0.942043
v 0.867728 0.091080 -0.542358
v 0.588216 0.091080 -1.012871
v 0.867656 0.091081 -0.542242
v 0.588144 0.091081 -1.012755
v 0.915188 0.090932 -0.587918
v 0.655919 0.090932 -1.078981
v 0.915178 0.090932 -0.587903
v 0.655909 0.090932 -1.078966
v 0.962816 0.090759 -0.632168
v 0.726806 0.090759 -1.143666
v 0.962699 0.090760 -0.631985
v 0.726689 0.090760 -1.143482
v 1.011403 0.090332 -0.674774
v 0.800550 0.090332 -1.204168
v 1.011017 0.090338 -0.674171
v 0.800165 0.090338 -1.203565
v 1.065517 0.088901 -0.709533
v 0.882611 0.088999 -1.252086
v 1.065534 0.088900 -0.709565
v 0.882628 0.088999 -1.252118
v 1.119759 0.087078 -0.746072
v 0.965349 0.087659 -1.299494
v 1.119455 0.087090 -0.745608
v 0.965044 0.087669 -1.299030
v 1.176737 0.083992 -0.776437
v 1.052316 0.085502 -1.335712
v 1.176558 0.084002 -0.776174
v 1.052136 0.085509 -1.335448
v 1.236388 0.079833 -0.803284
v 1.142415 0.082739 -1.363908
v 1.236434 0.079830 -0.803369
v 1.142461 0.082737 -1.363993
v 1.296624 0.075325 -0.831727
v 1.232362 0.079967 -1.391215
v 1.296255 0.075350 -0.831191
v 1.231994 0.079985 -1.390679
v 1.359969 0.068921 -0.848765
v 1.325309 0.075899 -1.400128
v 1.360024 0.068917 -0.848873
v 1.325365 0.075896 -1.400236
v 1.424840 0.062044 -0.866836
v 1.418038 0.071052 -1.407401
v 1.424823 0.062046 -0.866838
v 1.418020 0.071053 -1.407402
v 1.490820 0.054444 -0.881824
v 1.509895 0.064798 -1.408216
v 1.490705 0.054453 -0.881690
v 1.509780 0.064805 -1.408081
v 1.558409 0.045467 -0.888056
v 1.600900 0.056550 -1.395435
v 1.558520 0.045460 -0.888250
v 1.601010 0.056545 -1.395629
v 1.627665 0.035699 -0.895424
v 1.690666 0.047481 -1.382187
v 1.627661 0.035700 -0.895457
v 1.690662 0.047483 -1.382219
v 1.696894 0.024962 -0.893880
v 1.777101 0.036963 -1.357057
v 1.696961 0.024957 -0.894015
v 1.777168 0.036963 -1.357192
v 1.767134 0.013596 -0.887973
v 1.861033 0.025457 -1.325793
v 1.767248 0.013587 -0.888169
v 1.861147 0.025456 -1.325989
v 1.839051 0.001992 -0.882146
v 1.943189 0.013607 -1.294103
v 1.839120 0.001988 -0.882279
v 1.943257 0.013609 -1.294236
v 1.907439 -0.009868 -0.861869
v 2.018262 0.000919 -1.247491
v 1.907538 -0.009874 -0.862037
v 2.018361 0.000920 -1.247659
v 1.977562 -0.021789 -0.841504
v 2.091657 -0.011806 -1.201039
v 1.977667 -0.021796 -0.841670
v 2.091762 -0.011805 -1.201205
v 2.046064 -0.033315 -0.815354
v 2.160590 -0.024284 -1.150177
v 2.046167 -0.033322 -0.815506
v 2.160693 -0.024283 -1.150329
v 2.110602 -0.044091 -0.779671
v 2.223360 -0.036323 -1.091876
v 2.110645 -0.044094 -0.779743
v 2.223403 -0.036322 -1.091948
v 2.176464 -0.054520 -0.743372
v 2.284681 -0.047906 -1.034032
v 2.176606 -0.054530 -0.743544
v 2.284823 -0.047906 -1.034203
v 2.234549 -0.062972 -0.696417
v 2.338467 -0.057930 -0.969759
v 2.234605 -0.062976 -0.696485
v 2.338523 -0.057929 -0.969827
v 2.290214 -0.070196 -0.645170
v 2.388909 -0.066869 -0.903342
v 2.290238 -0.070198 -0.645194
v 2.388932 -0.066870 -0.903366
v 2.345194 -0.076271 -0.592122
v 2.437590 -0.074699 -0.836844
v 2.345481 -0.076289 -0.592438
v 2.437877 -0.074699 -0.837160
v 2.386479 -0.079716 -0.528005
v 2.477700 -0.079380 -0.764805
v 2.386486 -0.079716 -0.528015
v 2.477707 -0.079379 -0.764815
v 2.427871 -0.082984 -0.463359
v 2.517144 -0.082898 -0.692682
v 2.428080 -0.082984 -0.463587
v 2.517354 -0.082898 -0.692910
v 2.461180 -0.083740 -0.394564
v 2.552239 -0.083740 -0.618910
vn -0.0000 1.0000 -0.0000
vn 0.0017 1.0000 -0.0009
vn 0.0020 1.0000 -0.0010
vn 0.0051 1.0000 -0.0022
vn 0.0165 0.9998 -0.0060
vn 0.0196 0.9998 -0.0055
vn 0.0333 0.9994 -0.0065
vn 0.0443 0.9990 -0.0048
vn 0.0482 0.9988 -0.0002
vn 0.0674 0.9977 0.0043
vn 0.0758 0.9971 0.0116
vn 0.0891 0.9958 0.0190
vn 0.1066 0.9939 0.0269
vn 0.1163 0.9926 0.0351
vn 0.1276 0.9909 0.0441
vn 0.1341 0.9896 0.0522
vn 0.1360 0.9889 0.0591
vn 0.1386 0.9882 0.0652
vn 0.1375 0.9881 0.0692
vn 0.1329 0.9886 0.0710
vn 0.1258 0.9896 0.0700
vn 0.1211 0.9903 0.0681
vn 0.1045 0.9927 0.0600
vn 0.0943 0.9942 0.0517
vn 0.0851 0.9955 0.0422
vn 0.0567 0.9981 0.0256
vn 0.0498 0.9986 0.0202
vn 0.0126 0.9999 0.0052
vn -0.0000 -1.0000 -0.0000
vn -0.0017 -1.0000 0.0009
vn -0.0020 -1.0000 0.0010
vn -0.0051 -1.0000 0.0022
vn -0.0166 -0.9998 0.0060
vn -0.0197 -0.9998 0.0055
vn -0.0334 -0.9994 0.0065
vn -0.0444 -0.9990 0.0047
vn -0.0484 -0.9988 0.0001
vn -0.0676 -0.9977 -0.0044
vn -0.0760 -0.9970 -0.0117
vn -0.0893 -0.9958 -0.0191
vn -0.1068 -0.9939 -0.0270
vn -0.1163 -0.9926 -0.0352
vn -0.1277 -0.9908 -0.0441
vn -0.1342 -0.9896 -0.0522
vn -0.1361 -0.9889 -0.0591
vn -0.1387 -0.9882 -0.0651
vn -0.1375 -0.9881 -0.0691
vn -0.1329 -0.9886 -0.0709
vn -0.1257 -0.9896 -0.0699
vn -0.1211 -0.9903 -0.0680
vn -0.1045 -0.9927 -0.0598
vn -0.0942 -0.9942 -0.0516
vn -0.0851 -0.9955 -0.0420
vn -0.0567 -0.9981 -0.0256
vn -0.0497 -0.9986 -0.0202
vn -0.0126 -0.9999 -0.0052
vn -0.8230 -0.0000 0.5681
vn -0.8051 -0.0000 -0.5931
vn 0.8307 -0.0000 -0.5567
vn 0.8056 -0.0000 0.5924
vn -0.8307 -0.0000 0.5567
vn -0.8035 -0.0000 -0.5954
vn 0.8456 -0.0000 -0.5339
vn 0.8077 -0.0000 0.5897
vn -0.8456 -0.0000 0.5339
vn -0.8015 -0.0000 -0.5979
vn 0.8597 -0.0000 -0.5107
vn 0.8099 -0.0000 0.5865
vn -0.8597 0.0047 0.5107
vn -0.6989 -0.0013 -0.7152
vn 0.8843 -0.0046 -0.4669
vn 0.6929 0.0013 0.7210
vn -0.8843 0.0052 0.4669
vn -0.6741 -0.0016 -0.7386
vn 0.9080 -0.0050 -0.4190
vn 0.6807 0.0015 0.7326
vn -0.9079 0.0122 0.4189
vn -0.6348 -0.0045 -0.7726
vn 0.9290 -0.0117 -0.3700
vn 0.6600 0.0041 0.7512
vn -0.9285 0.0343 0.3698
vn -0.5073 -0.0192 -0.8615
vn 0.9471 -0.0330 -0.3193
vn 0.5445 0.0176 0.8385
vn -0.9471 0.0319 0.3193
vn -0.4971 -0.0189 -0.8675
vn 0.9628 -0.0305 -0.2686
vn 0.5588 0.0162 0.8292
vn -0.9621 0.0468 0.2685
vn -0.3880 -0.0352 -0.9210
vn 0.9751 -0.0445 -0.2171
vn 0.4750 0.0301 0.8795
vn -0.9747 0.0536 0.2170
vn -0.3016 -0.0475 -0.9522
vn 0.9849 -0.0507 -0.1654
vn 0.4147 0.0401 0.9091
vn -0.9850 0.0484 0.1654
vn -0.2908 -0.0455 -0.9557
vn 0.9924 -0.0457 -0.1144
vn 0.4282 0.0369 0.9029
vn -0.9915 0.0623 0.1144
vn -0.1037 -0.0742 -0.9918
vn 0.9963 -0.0584 -0.0634
vn 0.2712 0.0626 0.9605
vn -0.9964 0.0560 0.0633
vn -0.0806 -0.0716 -0.9942
vn 0.9985 -0.0523 -0.0134
vn 0.2724 0.0591 0.9604
vn -0.9985 0.0530 0.0134
vn -0.0139 -0.0752 -0.9971
vn 0.9982 -0.0492 0.0352
vn 0.2278 0.0620 0.9717
vn -0.9980 0.0535 -0.0351
vn 0.1292 -0.0876 -0.9877
vn 0.9954 -0.0494 0.0823
vn 0.1032 0.0747 0.9919
vn -0.9955 0.0458 -0.0824
vn 0.1399 -0.0800 -0.9869
vn 0.9910 -0.0422 0.1272
vn 0.1123 0.0671 0.9914
vn -0.9910 0.0426 -0.1272
vn 0.2692 -0.0834 -0.9595
vn 0.9847 -0.0392 0.1695
vn -0.0114 0.0728 0.9973
vn -0.9848 0.0375 -0.1696
vn 0.3399 -0.0797 -0.9371
vn 0.9774 -0.0345 0.2087
vn -0.0742 0.0704 0.9947
vn -0.9774 0.0318 -0.2088
vn 0.3524 -0.0713 -0.9331
vn 0.9693 -0.0293 0.2442
vn -0.0734 0.0625 0.9953
vn -0.9693 0.0279 -0.2442
vn 0.5193 -0.0682 -0.8518
vn 0.9610 -0.0259 0.2754
vn -0.2755 0.0638 0.9592
vn -0.9610 0.0240 -0.2755
vn 0.5282 -0.0608 -0.8470
vn 0.9531 -0.0224 0.3018
vn -0.2721 0.0564 0.9606
vn -0.9531 0.0205 -0.3019
vn 0.5884 -0.0536 -0.8068
vn 0.9462 -0.0194 0.3231
vn -0.3512 0.0508 0.9349
vn -0.9462 0.0175 -0.3232
vn 0.6765 -0.0467 -0.7349
vn 0.9405 -0.0167 0.3393
vn -0.4797 0.0457 0.8763
vn -0.9405 0.0161 -0.3393
vn 0.6819 -0.0435 -0.7302
vn 0.9372 -0.0157 0.3486
vn -0.4781 0.0425 0.8773
vn -0.9372 0.0129 -0.3486
vn 0.7655 -0.0346 -0.6426
vn 0.9347 -0.0127 0.3551
vn -0.6275 0.0349 0.7778
vn -0.9347 0.0116 -0.3552
vn 0.7946 -0.0310 -0.6064
vn 0.9341 -0.0115 0.3569
vn -0.6756 0.0315 0.7366
vn -0.9341 0.0110 -0.3569
vn 0.8051 -0.0296 -0.5924
vn 0.9355 -0.0111 0.3531
vn -0.6926 0.0302 0.7207
vn -0.9355 0.0050 -0.3532
vn 0.8756 -0.0130 -0.4828
vn 0.9331 -0.0050 0.3595
vn -0.8433 0.0132 0.5373
vn -0.9331 0.0049 -0.3595
vn 0.8771 -0.0125 -0.4801
vn 0.9319 -0.0048 0.3628
vn -0.8419 0.0128 0.5395
vn -0.9319 0.0004 -0.3628
vn 0.9045 -0.0012 -0.4264
vn 0.9266 -0.0005 0.3761
vn -0.9017 0.0011 0.4324
vt 0.625000 0.500000
vt 0.875000 0.500000
vt 0.875000 0.750000
vt 0.625000 0.750000
s 1
usemtl Material.002
f 2164/77/1445 2162/78/1445 2161/79/1445 2163/80/1445
f 2168/77/1445 2166/78/1445 2165/79/1445 2167/80/1445
f 2172/77/1445 2170/78/1445 2169/79/1445 2171/80/1445
f 2176/77/1446 2174/78/1446 2173/79/1446 2175/80/1446
f 2180/77/1447 2178/78/1447 2177/79/1447 2179/80/1447
f 2184/77/1448 2182/78/1448 2181/79/1448 2183/80/1448
f 2188/77/1449 2186/78/1449 2185/79/1449 2187/80/1449
f 2192/77/1450 2190/78/1450 2189/79/1450 2191/80/1450
f 2196/77/1451 2194/78/1451 2193/79/1451 2195/80/1451
f 2200/77/1452 2198/78/1452 2197/79/1452 2199/80/1452
f 2204/77/1453 2202/78/1453 2201/79/1453 2203/80/1453
f 2208/77/1454 2206/78/1454 2205/79/1454 2207/80/1454
f 2212/77/1455 2210/78/1455 2209/79/1455 2211/80/1455
f 2216/77/1456 2214/78/1456 2213/79/1456 2215/80/1456
f 2220/77/1457 2218/78/1457 2217/79/1457 2219/80/1457
f 2224/77/1458 2222/78/1458 2221/79/1458 2223/80/1458
f 2228/77/1459 2226/78/1459 2225/79/1459 2227/80/1459
f 2232/77/1460 2230/78/1460 2229/79/1460 2231/80/1460
f 2236/77/1461 2234/78/1461 2233/79/1461 2235/80/1461
f 2240/77/1462 2238/78/1462 2237/79/1462 2239/80/1462
f 2244/77/1463 2242/78/1463 2241/79/1463 2243/80/1463
f 2248/77/1464 2246/78/1464 2245/79/1464 2247/80/1464
f 2252/77/1465 2250/78/1465 2249/79/1465 2251/80/1465
f 2256/77/1466 2254/78/1466 2253/79/1466 2255/80/1466
f 2260/77/1467 2258/78/1467 2257/79/1467 2259/80/1467
f 2264/77/1468 2262/78/1468 2261/79/1468 2263/80/1468
f 2268/77/1469 2266/78/1469 2265/79/1469 2267/80/1469
f 2272/77/1470 2270/78/1470 2269/79/1470 2271/80/1470
f 2276/77/1471 2274/78/1471 2273/79/1471 2275/80/1471
f 2280/77/1472 2278/78/1472 2277/79/1472 2279/80/1472
f 2284/77/1473 2283/80/1473 2281/79/1473 2282/78/1473
f 2288/77/1473 2287/80/1473 2285/79/1473 2286/78/1473
f 2292/77/1473 2291/80/1473 2289/79/1473 2290/78/1473
f 2296/77/1474 2295/80/1474 2293/79/1474 2294/78/1474
f 2300/77/1475 2299/80/1475 2297/79/1475 2298/78/1475
f 2304/77/1476 2303/80/1476 2301/79/1476 2302/78/1476
f 2308/77/1477 2307/80/1477 2305/79/1477 2306/78/1477
f 2312/77/1478 2311/80/1478 2309/79/1478 2310/78/1478
f 2316/77/1479 2315/80/1479 2313/79/1479 2314/78/1479
f 2320/77/1480 2319/80/1480 2317/79/1480 2318/78/1480
f 2324/77/1481 2323/80/1481 2321/79/1481 2322/78/1481
f 2328/77/1482 2327/80/1482 2325/79/1482 2326/78/1482
f 2332/77/1483 2331/80/1483 2329/79/1483 2330/78/1483
f 2336/77/1484 2335/80/1484 2333/79/1484 2334/78/1484
f 2340/77/1485 2339/80/1485 2337/79/1485 2338/78/1485
f 2344/77/1486 2343/80/1486 2341/79/1486 2342/78/1486
f 2348/77/1487 2347/80/1487 2345/79/1487 2346/78/1487
f 2352/77/1488 2351/80/1488 2349/79/1488 2350/78/1488
f 2356/77/1489 2355/80/1489 2353/79/1489 2354/78/1489
f 2360/77/1490 2359/80/1490 2357/79/1490 2358/78/1490
f 2364/77/1491 2363/80/1491 2361/79/1491 2362/78/1491
f 2368/77/1492 2367/80/1492 2365/79/1492 2366/78/1492
f 2372/77/1493 2371/80/1493 2369/79/1493 2370/78/1493
f 2376/77/1494 2375/80/1494 2373/79/1494 2374/78/1494
f 2380/77/1495 2379/80/1495 2377/79/1495 2378/78/1495
f 2384/77/1496 2383/80/1496 2381/79/1496 2382/78/1496
f 2388/77/1497 2387/80/1497 2385/79/1497 2386/78/1497
f 2392/77/1498 2391/80/1498 2389/79/1498 2390/78/1498
f 2396/77/1499 2395/80/1499 2393/79/1499 2394/78/1499
f 2400/77/1500 2399/80/1500 2397/79/1500 2398/78/1500
f 2161/79/1501 2162/78/1501 2282/78/1501 2281/79/1501
f 2162/78/1502 2164/77/1502 2284/77/1502 2282/78/1502
f 2164/77/1503 2163/80/1503 2283/80/1503 2284/77/1503
f 2163/80/1504 2161/79/1504 2281/79/1504 2283/80/1504
f 2165/79/1505 2166/78/1505 2286/78/1505 2285/79/1505
f 2166/78/1506 2168/77/1506 2288/77/1506 2286/78/1506
f 2168/77/1507 2167/80/1507 2287/80/1507 2288/77/1507
f 2167/80/1508 2165/79/1508 2285/79/1508 2287/80/1508
f 2169/79/1509 2170/78/1509 2290/78/1509 2289/79/1509
f 2170/78/1510 2172/77/1510 2292/77/1510 2290/78/1510
f 2172/77/1511 2171/80/1511 2291/80/1511 2292/77/1511
f 2171/80/1512 2169/79/1512 2289/79/1512 2291/80/1512
f 2173/79/1513 2174/78/1513 2294/78/1513 2293/79/1513
f 2174/78/1514 2176/77/1514 2296/77/1514 2294/78/1514
f 2176/77/1515 2175/80/1515 2295/80/1515 2296/77/1515
f 2175/80/1516 2173/79/1516 2293/79/1516 2295/80/1516
f 2177/79/1517 2178/78/1517 2298/78/1517 2297/79/1517
f 2178/78/1518 2180/77/1518 2300/77/1518 2298/78/1518
f 2180/77/1519 2179/80/1519 2299/80/1519 2300/77/1519
f 2179/80/1520 2177/79/1520 2297/79/1520 2299/80/1520
f 2181/79/1521 2182/78/1521 2302/78/1521 2301/79/1521
f 2182/78/1522 2184/77/1522 2304/77/1522 2302/78/1522
f 2184/77/1523 2183/80/1523 2303/80/1523 2304/77/1523
f 2183/80/1524 2181/79/1524 2301/79/1524 2303/80/1524
f 2185/79/1525 2186/78/1525 2306/78/1525 2305/79/1525
f 2186/78/1526 2188/77/1526 2308/77/1526 2306/78/1526
f 2188/77/1527 2187/80/1527 2307/80/1527 2308/77/1527
f 2187/80/1528 2185/79/1528 2305/79/1528 2307/80/1528
f 2189/79/1529 2190/78/1529 2310/78/1529 2309/79/1529
f 2190/78/1530 2192/77/1530 2312/77/1530 2310/78/1530
f 2192/77/1531 2191/80/1531 2311/80/1531 2312/77/1531
f 2191/80/1532 2189/79/1532 2309/79/1532 2311/80/1532
f 2193/79/1533 2194/78/1533 2314/78/1533 2313/79/1533
f 2194/78/1534 2196/77/1534 2316/77/1534 2314/78/1534
f 2196/77/1535 2195/80/1535 2315/80/1535 2316/77/1535
f 2195/80/1536 2193/79/1536 2313/79/1536 2315/80/1536
f 2197/79/1537 2198/78/1537 2318/78/1537 2317/79/1537
f 2198/78/1538 2200/77/1538 2320/77/1538 2318/78/1538
f 2200/77/1539 2199/80/1539 2319/80/1539 2320/77/1539
f 2199/80/1540 2197/79/1540 2317/79/1540 2319/80/1540
f 2201/79/1541 2202/78/1541 2322/78/1541 2321/79/1541
f 2202/78/1542 2204/77/1542 2324/77/1542 2322/78/1542
f 2204/77/1543 2203/80/1543 2323/80/1543 2324/77/1543
f 2203/80/1544 2201/79/1544 2321/79/1544 2323/80/1544
f 2205/79/1545 2206/78/1545 2326/78/1545 2325/79/1545
f 2206/78/1546 2208/77/1546 2328/77/1546 2326/78/1546
f 2208/77/1547 2207/80/1547 2327/80/1547 2328/77/1547
f 2207/80/1548 2205/79/1548 2325/79/1548 2327/80/1548
f 2209/79/1549 2210/78/1549 2330/78/1549 2329/79/1549
f 2210/78/1550 2212/77/1550 2332/77/1550 2330/78/1550
f 2212/77/1551 2211/80/1551 2331/80/1551 2332/77/1551
f 2211/80/1552 2209/79/1552 2329/79/1552 2331/80/1552
f 2213/79/1553 2214/78/1553 2334/78/1553 2333/79/1553
f 2214/78/1554 2216/77/1554 2336/77/1554 2334/78/1554
f 2216/77/1555 2215/80/1555 2335/80/1555 2336/77/1555
f 2215/80/1556 2213/79/1556 2333/79/1556 2335/80/1556
f 2217/79/1557 2218/78/1557 2338/78/1557 2337/79/1557
f 2218/78/1558 2220/77/1558 2340/77/1558 2338/78/1558
f 2220/77/1559 2219/80/1559 2339/80/1559 2340/77/1559
f 2219/80/1560 2217/79/1560 2337/79/1560 2339/80/1560
f 2221/79/1561 2222/78/1561 2342/78/1561 2341/79/1561
f 2222/78/1562 2224/77/1562 2344/77/1562 2342/78/1562
f 2224/77/1563 2223/80/1563 2343/80/1563 2344/77/1563
f 2223/80/1564 2221/79/1564 2341/79/1564 2343/80/1564
f 2225/79/1565 2226/78/1565 2346/78/1565 2345/79/1565
f 2226/78/1566 2228/77/1566 2348/77/1566 2346/78/1566
f 2228/77/1567 2227/80/1567 2347/80/1567 2348/77/1567
f 2227/80/1568 2225/79/1568 2345/79/1568 2347/80/1568
f 2229/79/1569 2230/78/1569 2350/78/1569 2349/79/1569
f 2230/78/1570 2232/77/1570 2352/77/1570 2350/78/1570
f 2232/77/1571 2231/80/1571 2351/80/1571 2352/77/1571
f 2231/80/1572 2229/79/1572 2349/79/1572 2351/80/1572
f 2233/79/1573 2234/78/1573 2354/78/1573 2353/79/1573
f 2234/78/1574 2236/77/1574 2356/77/1574 2354/78/1574
f 2236/77/1575 2235/80/1575 2355/80/1575 2356/77/1575
f 2235/80/1576 2233/79/1576 2353/79/1576 2355/80/1576
f 2237/79/1577 2238/78/1577 2358/78/1577 2357/79/1577
f 2238/78/1578 2240/77/1578 2360/77/1578 2358/78/1578
f 2240/77/1579 2239/80/1579 2359/80/1579 2360/77/1579
f 2239/80/1580 2237/79/1580 2357/79/1580 2359/80/1580
f 2241/79/1581 2242/78/1581 2362/78/1581 2361/79/1581
f 2242/78/1582 2244/77/1582 2364/77/1582 2362/78/1582
f 2244/77/1583 2243/80/1583 2363/80/1583 2364/77/1583
f 2243/80/1584 2241/79/1584 2361/79/1584 2363/80/1584
f 2245/79/1585 2246/78/1585 2366/78/1585 2365/79/1585
f 2246/78/1586 2248/77/1586 2368/77/1586 2366/78/1586
f 2248/77/1587 2247/80/1587 2367/80/1587 2368/77/1587
f 2247/80/1588 2245/79/1588 2365/79/1588 2367/80/1588
f 2249/79/1589 2250/78/1589 2370/78/1589 2369/79/1589
f 2250/78/1590 2252/77/1590 2372/77/1590 2370/78/1590
f 2252/77/1591 2251/80/1591 2371/80/1591 2372/77/1591
f 2251/80/1592 2249/79/1592 2369/79/1592 2371/80/1592
f 2253/79/1593 2254/78/1593 2374/78/1593 2373/79/1593
f 2254/78/1594 2256/77/1594 2376/77/1594 2374/78/1594
f 2256/77/1595 2255/80/1595 2375/80/1595 2376/77/1595
f 2255/80/1596 2253/79/1596 2373/79/1596 2375/80/1596
f 2257/79/1597 2258/78/1597 2378/78/1597 2377/79/1597
f 2258/78/1598 2260/77/1598 2380/77/1598 2378/78/1598
f 2260/77/1599 2259/80/1599 2379/80/1599 2380/77/1599
f 2259/80/1600 2257/79/1600 2377/79/1600 2379/80/1600
f 2261/79/1601 2262/78/1601 2382/78/1601 2381/79/1601
f 2262/78/1602 2264/77/1602 2384/77/1602 2382/78/1602
f 2264/77/1603 2263/80/1603 2383/80/1603 2384/77/1603
f 2263/80/1604 2261/79/1604 2381/79/1604 2383/80/1604
f 2265/79/1605 2266/78/1605 2386/78/1605 2385/79/1605
f 2266/78/1606 2268/77/1606 2388/77/1606 2386/78/1606
f 2268/77/1607 2267/80/1607 2387/80/1607 2388/77/1607
f 2267/80/1608 2265/79/1608 2385/79/1608 2387/80/1608
f 2269/79/1609 2270/78/1609 2390/78/1609 2389/79/1609
f 2270/78/1610 2272/77/1610 2392/77/1610 2390/78/1610
f 2272/77/1611 2271/80/1611 2391/80/1611 2392/77/1611
f 2271/80/1612 2269/79/1612 2389/79/1612 2391/80/1612
f 2273/79/1613 2274/78/1613 2394/78/1613 2393/79/1613
f 2274/78/1614 2276/77/1614 2396/77/1614 2394/78/1614
f 2276/77/1615 2275/80/1615 2395/80/1615 2396/77/1615
f 2275/80/1616 2273/79/1616 2393/79/1616 2395/80/1616
f 2277/79/1617 2278/78/1617 2398/78/1617 2397/79/1617
f 2278/78/1618 2280/77/1618 2400/77/1618 2398/78/1618
f 2280/77/1619 2279/80/1619 2399/80/1619 2400/77/1619
f 2279/80/1620 2277/79/1620 2397/79/1620 2399/80/1620
o Cylinder
v 1.636100 -0.115930 -0.108628
v 1.636100 0.105647 -0.108628
v 1.638338 -0.115930 -0.109165
v 1.638338 0.105647 -0.109165
v 1.640637 -0.115930 -0.109255
v 1.640637 0.105647 -0.109255
v 1.642910 -0.115930 -0.108895
v 1.642910 0.105647 -0.108895
v 1.645069 -0.115930 -0.108098
v 1.645069 0.105647 -0.108098
v 1.647031 -0.115930 -0.106895
v 1.647031 0.105647 -0.106895
v 1.648721 -0.115930 -0.105333
v 1.648721 0.105647 -0.105333
v 1.650073 -0.115930 -0.103471
v 1.650073 0.105647 -0.103471
v 1.651037 -0.115930 -0.101381
v 1.651037 0.105647 -0.101381
v 1.651574 -0.115930 -0.099143
v 1.651574 0.105647 -0.099143
v 1.651664 -0.115930 -0.096844
v 1.651664 0.105647 -0.096844
v 1.651303 -0.115930 -0.094571
v 1.651303 0.105647 -0.094571
v 1.650506 -0.115930 -0.092412
v 1.650506 0.105647 -0.092412
v 1.649304 -0.115930 -0.090450
v 1.649304 0.105647 -0.090450
v 1.647741 -0.115930 -0.088760
v 1.647741 0.105647 -0.088760
v 1.645880 -0.115930 -0.087407
v 1.645880 0.105647 -0.087407
v 1.643789 -0.115930 -0.086444
v 1.643789 0.105647 -0.086444
v 1.641552 -0.115930 -0.085907
v 1.641552 0.105647 -0.085907
v 1.639252 -0.115930 -0.085817
v 1.639252 0.105647 -0.085817
v 1.636979 -0.115930 -0.086178
v 1.636979 0.105647 -0.086178
v 1.634820 -0.115930 -0.086974
v 1.634820 0.105647 -0.086974
v 1.632858 -0.115930 -0.088177
v 1.632858 0.105647 -0.088177
v 1.631168 -0.115930 -0.089739
v 1.631168 0.105647 -0.089739
v 1.629816 -0.115930 -0.091601
v 1.629816 0.105647 -0.091601
v 1.628853 -0.115930 -0.093691
v 1.628853 0.105647 -0.093691
v 1.628316 -0.115930 -0.095929
v 1.628316 0.105647 -0.095929
v 1.628226 -0.115930 -0.098229
v 1.628226 0.105647 -0.098229
v 1.628586 -0.115930 -0.100502
v 1.628586 0.105647 -0.100502
v 1.629383 -0.115930 -0.102661
v 1.629383 0.105647 -0.102661
v 1.630586 -0.115930 -0.104623
v 1.630586 0.105647 -0.104623
v 1.632148 -0.115930 -0.106313
v 1.632148 0.105647 -0.106313
v 1.634010 -0.115930 -0.107665
v 1.634010 0.105647 -0.107665
vn -0.2333 -0.0000 -0.9724
vn -0.0391 -0.0000 -0.9992
vn 0.1568 -0.0000 -0.9876
vn 0.3463 -0.0000 -0.9381
vn 0.5227 -0.0000 -0.8525
vn 0.6787 -0.0000 -0.7344
vn 0.8092 -0.0000 -0.5876
vn 0.9081 -0.0000 -0.4188
vn 0.9724 -0.0000 -0.2333
vn 0.9992 -0.0000 -0.0391
vn 0.9876 -0.0000 0.1568
vn 0.9383 -0.0000 0.3459
vn 0.8525 -0.0000 0.5227
vn 0.7341 -0.0000 0.6790
vn 0.5876 -0.0000 0.8092
vn 0.4188 -0.0000 0.9081
vn 0.2334 -0.0000 0.9724
vn 0.0391 -0.0000 0.9992
vn -0.1565 -0.0000 0.9877
vn -0.3462 -0.0000 0.9381
vn -0.5227 -0.0000 0.8525
vn -0.6787 -0.0000 0.7344
vn -0.8092 -0.0000 0.5875
vn -0.9082 -0.0000 0.4185
vn -0.9724 -0.0000 0.2333
vn -0.9992 -0.0000 0.0391
vn -0.9877 -0.0000 -0.1564
vn -0.9381 -0.0000 -0.3463
vn -0.8525 -0.0000 -0.5227
vn -0.7344 -0.0000 -0.6787
vn -0.0000 1.0000 -0.0000
vn -0.5876 -0.0000 -0.8092
vn -0.4185 -0.0000 -0.9082
vn -0.0000 -1.0000 -0.0000
vt 1.000000 0.500000
vt 1.000000 1.000000
vt 0.968750 1.000000
vt 0.968750 0.500000
vt 0.937500 1.000000
vt 0.937500 0.500000
vt 0.906250 1.000000
vt 0.906250 0.500000
vt 0.875000 1.000000
vt 0.875000 0.500000
vt 0.843750 1.000000
vt 0.843750 0.500000
vt 0.812500 1.000000
vt 0.812500 0.500000
vt 0.781250 1.000000
vt 0.781250 0.500000
vt 0.750000 1.000000
vt 0.750000 0.500000
vt 0.718750 1.000000
vt 0.718750 0.500000
vt 0.687500 1.000000
vt 0.687500 0.500000
vt 0.656250 1.000000
vt 0.656250 0.500000
vt 0.625000 1.000000
vt 0.625000 0.500000
vt 0.593750 1.000000
vt 0.593750 0.500000
vt 0.562500 1.000000
vt 0.562500 0.500000
vt 0.531250 1.000000
vt 0.531250 0.500000
vt 0.500000 1.000000
vt 0.500000 0.500000
vt 0.468750 1.000000
vt 0.468750 0.500000
vt 0.437500 1.000000
vt 0.437500 0.500000
vt 0.406250 1.000000
vt 0.406250 0.500000
vt 0.375000 1.000000
vt 0.375000 0.500000
vt 0.343750 1.000000
vt 0.343750 0.500000
vt 0.312500 1.000000
vt 0.312500 0.500000
vt 0.281250 1.000000
vt 0.281250 0.500000
vt 0.250000 1.000000
vt 0.250000 0.500000
vt 0.218750 1.000000
vt 0.218750 0.500000
vt 0.187500 1.000000
vt 0.187500 0.500000
vt 0.156250 1.000000
vt 0.156250 0.500000
vt 0.125000 1.000000
vt 0.125000 0.500000
vt 0.093750 1.000000
vt 0.093750 0.500000
vt 0.062500 1.000000
vt 0.062500 0.500000
vt 0.296822 0.485388
vt 0.250000 0.490000
vt 0.203178 0.485388
vt 0.158156 0.471731
vt 0.116663 0.449553
vt 0.080294 0.419706
vt 0.050447 0.383337
vt 0.028269 0.341844
vt 0.014612 0.296822
vt 0.010000 0.250000
vt 0.014612 0.203178
vt 0.028269 0.158156
vt 0.050447 0.116663
vt 0.080294 0.080294
vt 0.116663 0.050447
vt 0.158156 0.028269
vt 0.203178 0.014612
vt 0.250000 0.010000
vt 0.296822 0.014612
vt 0.341844 0.028269
vt 0.383337 0.050447
vt 0.419706 0.080294
vt 0.449553 0.116663
vt 0.471731 0.158156
vt 0.485388 0.203178
vt 0.490000 0.250000
vt 0.485388 0.296822
vt 0.471731 0.341844
vt 0.449553 0.383337
vt 0.419706 0.419706
vt 0.383337 0.449553
vt 0.341844 0.471731
vt 0.031250 1.000000
vt 0.031250 0.500000
vt 0.000000 1.000000
vt 0.000000 0.500000
vt 0.750000 0.490000
vt 0.796822 0.485388
vt 0.841844 0.471731
vt 0.883337 0.449553
vt 0.919706 0.419706
vt 0.949553 0.383337
vt 0.971731 0.341844
vt 0.985388 0.296822
vt 0.990000 0.250000
vt 0.985388 0.203178
vt 0.971731 0.158156
vt 0.949553 0.116663
vt 0.919706 0.080294
vt 0.883337 0.050447
vt 0.841844 0.028269
vt 0.796822 0.014612
vt 0.750000 0.010000
vt 0.703178 0.014612
vt 0.658156 0.028269
vt 0.616663 0.050447
vt 0.580294 0.080294
vt 0.550447 0.116663
vt 0.528269 0.158156
vt 0.514612 0.203178
vt 0.510000 0.250000
vt 0.514612 0.296822
vt 0.528269 0.341844
vt 0.550447 0.383337
vt 0.580294 0.419706
vt 0.616663 0.449553
vt 0.658156 0.471731
vt 0.703178 0.485388
s 1
f 2401/81/1621 2402/82/1621 2404/83/1621 2403/84/1621
f 2403/84/1622 2404/83/1622 2406/85/1622 2405/86/1622
f 2405/86/1623 2406/85/1623 2408/87/1623 2407/88/1623
f 2407/88/1624 2408/87/1624 2410/89/1624 2409/90/1624
f 2409/90/1625 2410/89/1625 2412/91/1625 2411/92/1625
f 2411/92/1626 2412/91/1626 2414/93/1626 2413/94/1626
f 2413/94/1627 2414/93/1627 2416/95/1627 2415/96/1627
f 2415/96/1628 2416/95/1628 2418/97/1628 2417/98/1628
f 2417/98/1629 2418/97/1629 2420/99/1629 2419/100/1629
f 2419/100/1630 2420/99/1630 2422/101/1630 2421/102/1630
f 2421/102/1631 2422/101/1631 2424/103/1631 2423/104/1631
f 2423/104/1632 2424/103/1632 2426/105/1632 2425/106/1632
f 2425/106/1633 2426/105/1633 2428/107/1633 2427/108/1633
f 2427/108/1634 2428/107/1634 2430/109/1634 2429/110/1634
f 2429/110/1635 2430/109/1635 2432/111/1635 2431/112/1635
f 2431/112/1636 2432/111/1636 2434/113/1636 2433/114/1636
f 2433/114/1637 2434/113/1637 2436/115/1637 2435/116/1637
f 2435/116/1638 2436/115/1638 2438/117/1638 2437/118/1638
f 2437/118/1639 2438/117/1639 2440/119/1639 2439/120/1639
f 2439/120/1640 2440/119/1640 2442/121/1640 2441/122/1640
f 2441/122/1641 2442/121/1641 2444/123/1641 2443/124/1641
f 2443/124/1642 2444/123/1642 2446/125/1642 2445/126/1642
f 2445/126/1643 2446/125/1643 2448/127/1643 2447/128/1643
f 2447/128/1644 2448/127/1644 2450/129/1644 2449/130/1644
f 2449/130/1645 2450/129/1645 2452/131/1645 2451/132/1645
f 2451/132/1646 2452/131/1646 2454/133/1646 2453/134/1646
f 2453/134/1647 2454/133/1647 2456/135/1647 2455/136/1647
f 2455/136/1648 2456/135/1648 2458/137/1648 2457/138/1648
f 2457/138/1649 2458/137/1649 2460/139/1649 2459/140/1649
f 2459/140/1650 2460/139/1650 2462/141/1650 2461/142/1650
f 2404/143/1651 2402/144/1651 2464/145/1651 2462/146/1651 2460/147/1651 2458/148/1651 2456/149/1651 2454/150/1651 2452/151/1651 2450/152/1651 2448/153/1651 2446/154/1651 2444/155/1651 2442/156/1651 2440/157/1651 2438/158/1651 2436/159/1651 2434/160/1651 2432/161/1651 2430/162/1651 2428/163/1651 2426/164/1651 2424/165/1651 2422/166/1651 2420/167/1651 2418/168/1651 2416/169/1651 2414/170/1651 2412/171/1651 2410/172/1651 2408/173/1651 2406/174/1651
f 2461/142/1652 2462/141/1652 2464/175/1652 2463/176/1652
f 2463/176/1653 2464/175/1653 2402/177/1653 2401/178/1653
f 2401/179/1654 2403/180/1654 2405/181/1654 2407/182/1654 2409/183/1654 2411/184/1654 2413/185/1654 2415/186/1654 2417/187/1654 2419/188/1654 2421/189/1654 2423/190/1654 2425/191/1654 2427/192/1654 2429/193/1654 2431/194/1654 2433/195/1654 2435/196/1654 2437/197/1654 2439/198/1654 2441/199/1654 2443/200/1654 2445/201/1654 2447/202/1654 2449/203/1654 2451/204/1654 2453/205/1654 2455/206/1654 2457/207/1654 2459/208/1654 2461/209/1654 2463/210/1654
o Cylinder.001
v 1.666232 -0.115930 -0.021698
v 1.666232 0.105647 -0.021698
v 1.668470 -0.115930 -0.022235
v 1.668470 0.105647 -0.022235
v 1.670769 -0.115930 -0.022325
v 1.670769 0.105647 -0.022325
v 1.673042 -0.115930 -0.021965
v 1.673042 0.105647 -0.021965
v 1.675201 -0.115930 -0.021168
v 1.675201 0.105647 -0.021168
v 1.677163 -0.115930 -0.019965
v 1.677163 0.105647 -0.019965
v 1.678853 -0.115930 -0.018403
v 1.678853 0.105647 -0.018403
v 1.680205 -0.115930 -0.016541
v 1.680205 0.105647 -0.016541
v 1.681169 -0.115930 -0.014451
v 1.681169 0.105647 -0.014451
v 1.681706 -0.115930 -0.012213
v 1.681706 0.105647 -0.012213
v 1.681796 -0.115930 -0.009913
v 1.681796 0.105647 -0.009913
v 1.681435 -0.115930 -0.007640
v 1.681435 0.105647 -0.007640
v 1.680639 -0.115930 -0.005482
v 1.680639 0.105647 -0.005482
v 1.679436 -0.115930 -0.003519
v 1.679436 0.105647 -0.003519
v 1.677873 -0.115930 -0.001830
v 1.677873 0.105647 -0.001830
v 1.676012 -0.115930 -0.000477
v 1.676012 0.105647 -0.000477
v 1.673921 -0.115930 0.000486
v 1.673921 0.105647 0.000486
v 1.671684 -0.115930 0.001023
v 1.671684 0.105647 0.001023
v 1.669384 -0.115930 0.001113
v 1.669384 0.105647 0.001113
v 1.667111 -0.115930 0.000753
v 1.667111 0.105647 0.000753
v 1.664952 -0.115930 -0.000044
v 1.664952 0.105647 -0.000044
v 1.662990 -0.115930 -0.001247
v 1.662990 0.105647 -0.001247
v 1.661300 -0.115930 -0.002809
v 1.661300 0.105647 -0.002809
v 1.659948 -0.115930 -0.004671
v 1.659948 0.105647 -0.004671
v 1.658985 -0.115930 -0.006761
v 1.658985 0.105647 -0.006761
v 1.658448 -0.115930 -0.008999
v 1.658448 0.105647 -0.008999
v 1.658358 -0.115930 -0.011299
v 1.658358 0.105647 -0.011299
v 1.658718 -0.115930 -0.013572
v 1.658718 0.105647 -0.013572
v 1.659515 -0.115930 -0.015731
v 1.659515 0.105647 -0.015731
v 1.660718 -0.115930 -0.017693
v 1.660718 0.105647 -0.017693
v 1.662280 -0.115930 -0.019382
v 1.662280 0.105647 -0.019382
v 1.664142 -0.115930 -0.020735
v 1.664142 0.105647 -0.020735
vn -0.2333 -0.0000 -0.9724
vn -0.0391 -0.0000 -0.9992
vn 0.1568 -0.0000 -0.9876
vn 0.3463 -0.0000 -0.9381
vn 0.5224 -0.0000 -0.8527
vn 0.6787 -0.0000 -0.7344
vn 0.8092 -0.0000 -0.5875
vn 0.9081 -0.0000 -0.4189
vn 0.9724 -0.0000 -0.2333
vn 0.9992 -0.0000 -0.0391
vn 0.9876 -0.0000 0.1568
vn 0.9382 -0.0000 0.3461
vn 0.8526 -0.0000 0.5225
vn 0.7340 -0.0000 0.6792
vn 0.5878 -0.0000 0.8090
vn 0.4183 -0.0000 0.9083
vn 0.2334 -0.0000 0.9724
vn 0.0391 -0.0000 0.9992
vn -0.1568 -0.0000 0.9876
vn -0.3463 -0.0000 0.9381
vn -0.5224 -0.0000 0.8527
vn -0.6787 -0.0000 0.7344
vn -0.8092 -0.0000 0.5875
vn -0.9082 -0.0000 0.4185
vn -0.9724 -0.0000 0.2333
vn -0.9992 -0.0000 0.0391
vn -0.9876 -0.0000 -0.1569
vn -0.9382 -0.0000 -0.3460
vn -0.8525 -0.0000 -0.5227
vn -0.7342 -0.0000 -0.6790
vn -0.0000 1.0000 -0.0000
vn -0.5878 -0.0000 -0.8090
vn -0.4185 -0.0000 -0.9082
vn -0.0000 -1.0000 -0.0000
vt 1.000000 0.500000
vt 1.000000 1.000000
vt 0.968750 1.000000
vt 0.968750 0.500000
vt 0.937500 1.000000
vt 0.937500 0.500000
vt 0.906250 1.000000
vt 0.906250 0.500000
vt 0.875000 1.000000
vt 0.875000 0.500000
vt 0.843750 1.000000
vt 0.843750 0.500000
vt 0.812500 1.000000
vt 0.812500 0.500000
vt 0.781250 1.000000
vt 0.781250 0.500000
vt 0.750000 1.000000
vt 0.750000 0.500000
vt 0.718750 1.000000
vt 0.718750 0.500000
vt 0.687500 1.000000
vt 0.687500 0.500000
vt 0.656250 1.000000
vt 0.656250 0.500000
vt 0.625000 1.000000
vt 0.625000 0.500000
vt 0.593750 1.000000
vt 0.593750 0.500000
vt 0.562500 1.000000
vt 0.562500 0.500000
vt 0.531250 1.000000
vt 0.531250 0.500000
vt 0.500000 1.000000
vt 0.500000 0.500000
vt 0.468750 1.000000
vt 0.468750 0.500000
vt 0.437500 1.000000
vt 0.437500 0.500000
vt 0.406250 1.000000
vt 0.406250 0.500000
vt 0.375000 1.000000
vt 0.375000 0.500000
vt 0.343750 1.000000
vt 0.343750 0.500000
vt 0.312500 1.000000
vt 0.312500 0.500000
vt 0.281250 1.000000
vt 0.281250 0.500000
vt 0.250000 1.000000
vt 0.250000 0.500000
vt 0.218750 1.000000
vt 0.218750 0.500000
vt 0.187500 1.000000
vt 0.187500 0.500000
vt 0.156250 1.000000
vt 0.156250 0.500000
vt 0.125000 1.000000
vt 0.125000 0.500000
vt 0.093750 1.000000
vt 0.093750 0.500000
vt 0.062500 1.000000
vt 0.062500 0.500000
vt 0.296822 0.485388
vt 0.250000 0.490000
vt 0.203178 0.485388
vt 0.158156 0.471731
vt 0.116663 0.449553
vt 0.080294 0.419706
vt 0.050447 0.383337
vt 0.028269 0.341844
vt 0.014612 0.296822
vt 0.010000 0.250000
vt 0.014612 0.203178
vt 0.028269 0.158156
vt 0.050447 0.116663
vt 0.080294 0.080294
vt 0.116663 0.050447
vt 0.158156 0.028269
vt 0.203178 0.014612
vt 0.250000 0.010000
vt 0.296822 0.014612
vt 0.341844 0.028269
vt 0.383337 0.050447
vt 0.419706 0.080294
vt 0.449553 0.116663
vt 0.471731 0.158156
vt 0.485388 0.203178
vt 0.490000 0.250000
vt 0.485388 0.296822
vt 0.471731 0.341844
vt 0.449553 0.383337
vt 0.419706 0.419706
vt 0.383337 0.449553
vt 0.341844 0.471731
vt 0.031250 1.000000
vt 0.031250 0.500000
vt 0.000000 1.000000
vt 0.000000 0.500000
vt 0.750000 0.490000
vt 0.796822 0.485388
vt 0.841844 0.471731
vt 0.883337 0.449553
vt 0.919706 0.419706
vt 0.949553 0.383337
vt 0.971731 0.341844
vt 0.985388 0.296822
vt 0.990000 0.250000
vt 0.985388 0.203178
vt 0.971731 0.158156
vt 0.949553 0.116663
vt 0.919706 0.080294
vt 0.883337 0.050447
vt 0.841844 0.028269
vt 0.796822 0.014612
vt 0.750000 0.010000
vt 0.703178 0.014612
vt 0.658156 0.028269
vt 0.616663 0.050447
vt 0.580294 0.080294
vt 0.550447 0.116663
vt 0.528269 0.158156
vt 0.514612 0.203178
vt 0.510000 0.250000
vt 0.514612 0.296822
vt 0.528269 0.341844
vt 0.550447 0.383337
vt 0.580294 0.419706
vt 0.616663 0.449553
vt 0.658156 0.471731
vt 0.703178 0.485388
s 1
f 2465/211/1655 2466/212/1655 2468/213/1655 2467/214/1655
f 2467/214/1656 2468/213/1656 2470/215/1656 2469/216/1656
f 2469/216/1657 2470/215/1657 2472/217/1657 2471/218/1657
f 2471/218/1658 2472/217/1658 2474/219/1658 2473/220/1658
f 2473/220/1659 2474/219/1659 2476/221/1659 2475/222/1659
f 2475/222/1660 2476/221/1660 2478/223/1660 2477/224/1660
f 2477/224/1661 2478/223/1661 2480/225/1661 2479/226/1661
f 2479/226/1662 2480/225/1662 2482/227/1662 2481/228/1662
f 2481/228/1663 2482/227/1663 2484/229/1663 2483/230/1663
f 2483/230/1664 2484/229/1664 2486/231/1664 2485/232/1664
f 2485/232/1665 2486/231/1665 2488/233/1665 2487/234/1665
f 2487/234/1666 2488/233/1666 2490/235/1666 2489/236/1666
f 2489/236/1667 2490/235/1667 2492/237/1667 2491/238/1667
f 2491/238/1668 2492/237/1668 2494/239/1668 2493/240/1668
f 2493/240/1669 2494/239/1669 2496/241/1669 2495/242/1669
f 2495/242/1670 2496/241/1670 2498/243/1670 2497/244/1670
f 2497/244/1671 2498/243/1671 2500/245/1671 2499/246/1671
f 2499/246/1672 2500/245/1672 2502/247/1672 2501/248/1672
f 2501/248/1673 2502/247/1673 2504/249/1673 2503/250/1673
f 2503/250/1674 2504/249/1674 2506/251/1674 2505/252/1674
f 2505/252/1675 2506/251/1675 2508/253/1675 2507/254/1675
f 2507/254/1676 2508/253/1676 2510/255/1676 2509/256/1676
f 2509/256/1677 2510/255/1677 2512/257/1677 2511/258/1677
f 2511/258/1678 2512/257/1678 2514/259/1678 2513/260/1678
f 2513/260/1679 2514/259/1679 2516/261/1679 2515/262/1679
f 2515/262/1680 2516/261/1680 2518/263/1680 2517/264/1680
f 2517/264/1681 2518/263/1681 2520/265/1681 2519/266/1681
f 2519/266/1682 2520/265/1682 2522/267/1682 2521/268/1682
f 2521/268/1683 2522/267/1683 2524/269/1683 2523/270/1683
f 2523/270/1684 2524/269/1684 2526/271/1684 2525/272/1684
f 2468/273/1685 2466/274/1685 2528/275/1685 2526/276/1685 2524/277/1685 2522/278/1685 2520/279/1685 2518/280/1685 2516/281/1685 2514/282/1685 2512/283/1685 2510/284/1685 2508/285/1685 2506/286/1685 2504/287/1685 2502/288/1685 2500/289/1685 2498/290/1685 2496/291/1685 2494/292/1685 2492/293/1685 2490/294/1685 2488/295/1685 2486/296/1685 2484/297/1685 2482/298/1685 2480/299/1685 2478/300/1685 2476/301/1685 2474/302/1685 2472/303/1685 2470/304/1685
f 2525/272/1686 2526/271/1686 2528/305/1686 2527/306/1686
f 2527/306/1687 2528/305/1687 2466/307/1687 2465/308/1687
f 2465/309/1688 2467/310/1688 2469/311/1688 2471/312/1688 2473/313/1688 2475/314/1688 2477/315/1688 2479/316/1688 2481/317/1688 2483/318/1688 2485/319/1688 2487/320/1688 2489/321/1688 2491/322/1688 2493/323/1688 2495/324/1688 2497/325/1688 2499/326/1688 2501/327/1688 2503/328/1688 2505/329/1688 2507/330/1688 2509/331/1688 2511/332/1688 2513/333/1688 2515/334/1688 2517/335/1688 2519/336/1688 2521/337/1688 2523/338/1688 2525/339/1688 2527/340/1688
o Cylinder.002
v 1.694765 -0.115930 0.060619
v 1.694765 0.105647 0.060619
v 1.697003 -0.115930 0.060082
v 1.697003 0.105647 0.060082
v 1.699303 -0.115930 0.059992
v 1.699303 0.105647 0.059992
v 1.701576 -0.115930 0.060352
v 1.701576 0.105647 0.060352
v 1.703735 -0.115930 0.061149
v 1.703735 0.105647 0.061149
v 1.705697 -0.115930 0.062351
v 1.705697 0.105647 0.062351
v 1.707386 -0.115930 0.063914
v 1.707386 0.105647 0.063914
v 1.708739 -0.115930 0.065776
v 1.708739 0.105647 0.065776
v 1.709702 -0.115930 0.067866
v 1.709702 0.105647 0.067866
v 1.710239 -0.115930 0.070104
v 1.710239 0.105647 0.070104
v 1.710329 -0.115930 0.072403
v 1.710329 0.105647 0.072403
v 1.709969 -0.115930 0.074676
v 1.709969 0.105647 0.074676
v 1.709172 -0.115930 0.076835
v 1.709172 0.105647 0.076835
v 1.707969 -0.115930 0.078797
v 1.707969 0.105647 0.078797
v 1.706407 -0.115930 0.080487
v 1.706407 0.105647 0.080487
v 1.704545 -0.115930 0.081839
v 1.704545 0.105647 0.081839
v 1.702455 -0.115930 0.082803
v 1.702455 0.105647 0.082803
v 1.700217 -0.115930 0.083340
v 1.700217 0.105647 0.083340
v 1.697917 -0.115930 0.083430
v 1.697917 0.105647 0.083430
v 1.695644 -0.115930 0.083069
v 1.695644 0.105647 0.083069
v 1.693485 -0.115930 0.082272
v 1.693485 0.105647 0.082272
v 1.691523 -0.115930 0.081070
v 1.691523 0.105647 0.081070
v 1.689834 -0.115930 0.079507
v 1.689834 0.105647 0.079507
v 1.688481 -0.115930 0.077645
v 1.688481 0.105647 0.077645
v 1.687518 -0.115930 0.075555
v 1.687518 0.105647 0.075555
v 1.686981 -0.115930 0.073318
v 1.686981 0.105647 0.073318
v 1.686891 -0.115930 0.071018
v 1.686891 0.105647 0.071018
v 1.687251 -0.115930 0.068745
v 1.687251 0.105647 0.068745
v 1.688048 -0.115930 0.066586
v 1.688048 0.105647 0.066586
v 1.689251 -0.115930 0.064624
v 1.689251 0.105647 0.064624
v 1.690813 -0.115930 0.062934
v 1.690813 0.105647 0.062934
v 1.692675 -0.115930 0.061582
v 1.692675 0.105647 0.061582
vn -0.2333 -0.0000 -0.9724
vn -0.0391 -0.0000 -0.9992
vn 0.1568 -0.0000 -0.9876
vn 0.3463 -0.0000 -0.9381
vn 0.5224 -0.0000 -0.8527
vn 0.6792 -0.0000 -0.7340
vn 0.8090 -0.0000 -0.5878
vn 0.9082 -0.0000 -0.4185
vn 0.9724 -0.0000 -0.2333
vn 0.9992 -0.0000 -0.0391
vn 0.9877 -0.0000 0.1564
vn 0.9383 -0.0000 0.3459
vn 0.8525 -0.0000 0.5227
vn 0.7344 -0.0000 0.6787
vn 0.5876 -0.0000 0.8092
vn 0.4184 -0.0000 0.9083
vn 0.2333 -0.0000 0.9724
vn 0.0391 -0.0000 0.9992
vn -0.1565 -0.0000 0.9877
vn -0.3463 -0.0000 0.9381
vn -0.5227 -0.0000 0.8525
vn -0.6790 -0.0000 0.7342
vn -0.8090 -0.0000 0.5878
vn -0.9082 -0.0000 0.4185
vn -0.9724 -0.0000 0.2331
vn -0.9992 -0.0000 0.0391
vn -0.9877 -0.0000 -0.1564
vn -0.9383 -0.0000 -0.3459
vn -0.8527 -0.0000 -0.5224
vn -0.7344 -0.0000 -0.6787
vn -0.0000 1.0000 -0.0000
vn -0.5875 -0.0000 -0.8092
vn -0.4185 -0.0000 -0.9082
vn -0.0000 -1.0000 -0.0000
vt 1.000000 0.500000
vt 1.000000 1.000000
vt 0.968750 1.000000
vt 0.968750 0.500000
vt 0.937500 1.000000
vt 0.937500 0.500000
vt 0.906250 1.000000
vt 0.906250 0.500000
vt 0.875000 1.000000
vt 0.875000 0.500000
vt 0.843750 1.000000
vt 0.843750 0.500000
vt 0.812500 1.000000
vt 0.812500 0.500000
vt 0.781250 1.000000
vt 0.781250 0.500000
vt 0.750000 1.000000
vt 0.750000 0.500000
vt 0.718750 1.000000
vt 0.718750 0.500000
vt 0.687500 1.000000
vt 0.687500 0.500000
vt 0.656250 1.000000
vt 0.656250 0.500000
vt 0.625000 1.000000
vt 0.625000 0.500000
vt 0.593750 1.000000
vt 0.593750 0.500000
vt 0.562500 1.000000
vt 0.562500 0.500000
vt 0.531250 1.000000
vt 0.531250 0.500000
vt 0.500000 1.000000
vt 0.500000 0.500000
vt 0.468750 1.000000
vt 0.468750 0.500000
vt 0.437500 1.000000
vt 0.437500 0.500000
vt 0.406250 1.000000
vt 0.406250 0.500000
vt 0.375000 1.000000
vt 0.375000 0.500000
vt 0.343750 1.000000
vt 0.343750 0.500000
vt 0.312500 1.000000
vt 0.312500 0.500000
vt 0.281250 1.000000
vt 0.281250 0.500000
vt 0.250000 1.000000
vt 0.250000 0.500000
vt 0.218750 1.000000
vt 0.218750 0.500000
vt 0.187500 1.000000
vt 0.187500 0.500000
vt 0.156250 1.000000
vt 0.156250 0.500000
vt 0.125000 1.000000
vt 0.125000 0.500000
vt 0.093750 1.000000
vt 0.093750 0.500000
vt 0.062500 1.000000
vt 0.062500 0.500000
vt 0.296822 0.485388
vt 0.250000 0.490000
vt 0.203178 0.485388
vt 0.158156 0.471731
vt 0.116663 0.449553
vt 0.080294 0.419706
vt 0.050447 0.383337
vt 0.028269 0.341844
vt 0.014612 0.296822
vt 0.010000 0.250000
vt 0.014612 0.203178
vt 0.028269 0.158156
vt 0.050447 0.116663
vt 0.080294 0.080294
vt 0.116663 0.050447
vt 0.158156 0.028269
vt 0.203178 0.014612
vt 0.250000 0.010000
vt 0.296822 0.014612
vt 0.341844 0.028269
vt 0.383337 0.050447
vt 0.419706 0.080294
vt 0.449553 0.116663
vt 0.471731 0.158156
vt 0.485388 0.203178
vt 0.490000 0.250000
vt 0.485388 0.296822
vt 0.471731 0.341844
vt 0.449553 0.383337
vt 0.419706 0.419706
vt 0.383337 0.449553
vt 0.341844 0.471731
vt 0.031250 1.000000
vt 0.031250 0.500000
vt 0.000000 1.000000
vt 0.000000 0.500000
vt 0.750000 0.490000
vt 0.796822 0.485388
vt 0.841844 0.471731
vt 0.883337 0.449553
vt 0.919706 0.419706
vt 0.949553 0.383337
vt 0.971731 0.341844
vt 0.985388 0.296822
vt 0.990000 0.250000
vt 0.985388 0.203178
vt 0.971731 0.158156
vt 0.949553 0.116663
vt 0.919706 0.080294
vt 0.883337 0.050447
vt 0.841844 0.028269
vt 0.796822 0.014612
vt 0.750000 0.010000
vt 0.703178 0.014612
vt 0.658156 0.028269
vt 0.616663 0.050447
vt 0.580294 0.080294
vt 0.550447 0.116663
vt 0.528269 0.158156
vt 0.514612 0.203178
vt 0.510000 0.250000
vt 0.514612 0.296822
vt 0.528269 0.341844
vt 0.550447 0.383337
vt 0.580294 0.419706
vt 0.616663 0.449553
vt 0.658156 0.471731
vt 0.703178 0.485388
s 1
f 2529/341/1689 2530/342/1689 2532/343/1689 2531/344/1689
f 2531/344/1690 2532/343/1690 2534/345/1690 2533/346/1690
f 2533/346/1691 2534/345/1691 2536/347/1691 2535/348/1691
f 2535/348/1692 2536/347/1692 2538/349/1692 2537/350/1692
f 2537/350/1693 2538/349/1693 2540/351/1693 2539/352/1693
f 2539/352/1694 2540/351/1694 2542/353/1694 2541/354/1694
f 2541/354/1695 2542/353/1695 2544/355/1695 2543/356/1695
f 2543/356/1696 2544/355/1696 2546/357/1696 2545/358/1696
f 2545/358/1697 2546/357/1697 2548/359/1697 2547/360/1697
f 2547/360/1698 2548/359/1698 2550/361/1698 2549/362/1698
f 2549/362/1699 2550/361/1699 2552/363/1699 2551/364/1699
f 2551/364/1700 2552/363/1700 2554/365/1700 2553/366/1700
f 2553/366/1701 2554/365/1701 2556/367/1701 2555/368/1701
f 2555/368/1702 2556/367/1702 2558/369/1702 2557/370/1702
f 2557/370/1703 2558/369/1703 2560/371/1703 2559/372/1703
f 2559/372/1704 2560/371/1704 2562/373/1704 2561/374/1704
f 2561/374/1705 2562/373/1705 2564/375/1705 2563/376/1705
f 2563/376/1706 2564/375/1706 2566/377/1706 2565/378/1706
f 2565/378/1707 2566/377/1707 2568/379/1707 2567/380/1707
f 2567/380/1708 2568/379/1708 2570/381/1708 2569/382/1708
f 2569/382/1709 2570/381/1709 2572/383/1709 2571/384/1709
f 2571/384/1710 2572/383/1710 2574/385/1710 2573/386/1710
f 2573/386/1711 2574/385/1711 2576/387/1711 2575/388/1711
f 2575/388/1712 2576/387/1712 2578/389/1712 2577/390/1712
f 2577/390/1713 2578/389/1713 2580/391/1713 2579/392/1713
f 2579/392/1714 2580/391/1714 2582/393/1714 2581/394/1714
f 2581/394/1715 2582/393/1715 2584/395/1715 2583/396/1715
f 2583/396/1716 2584/395/1716 2586/397/1716 2585/398/1716
f 2585/398/1717 2586/397/1717 2588/399/1717 2587/400/1717
f 2587/400/1718 2588/399/1718 2590/401/1718 2589/402/1718
f 2532/403/1719 2530/404/1719 2592/405/1719 2590/406/1719 2588/407/1719 2586/408/1719 2584/409/1719 2582/410/1719 2580/411/1719 2578/412/1719 2576/413/1719 2574/414/1719 2572/415/1719 2570/416/1719 2568/417/1719 2566/418/1719 2564/419/1719 2562/420/1719 2560/421/1719 2558/422/1719 2556/423/1719 2554/424/1719 2552/425/1719 2550/426/1719 2548/427/1719 2546/428/1719 2544/429/1719 2542/430/1719 2540/431/1719 2538/432/1719 2536/433/1719 2534/434/1719
f 2589/402/1720 2590/401/1720 2592/435/1720 2591/436/1720
f 2591/436/1721 2592/435/1721 2530/437/1721 2529/438/1721
f 2529/439/1722 2531/440/1722 2533/441/1722 2535/442/1722 2537/443/1722 2539/444/1722 2541/445/1722 2543/446/1722 2545/447/1722 2547/448/1722 2549/449/1722 2551/450/1722 2553/451/1722 2555/452/1722 2557/453/1722 2559/454/1722 2561/455/1722 2563/456/1722 2565/457/1722 2567/458/1722 2569/459/1722 2571/460/1722 2573/461/1722 2575/462/1722 2577/463/1722 2579/464/1722 2581/465/1722 2583/466/1722 2585/467/1722 2587/468/1722 2589/469/1722 2591/470/1722
o Cylinder.003
v 1.724188 -0.115930 0.168887
v 1.724188 0.105647 0.168887
v 1.726425 -0.115930 0.168350
v 1.726425 0.105647 0.168350
v 1.728725 -0.115930 0.168260
v 1.728725 0.105647 0.168260
v 1.730998 -0.115930 0.168620
v 1.730998 0.105647 0.168620
v 1.733157 -0.115930 0.169417
v 1.733157 0.105647 0.169417
v 1.735119 -0.115930 0.170619
v 1.735119 0.105647 0.170619
v 1.736809 -0.115930 0.172182
v 1.736809 0.105647 0.172182
v 1.738161 -0.115930 0.174044
v 1.738161 0.105647 0.174044
v 1.739124 -0.115930 0.176134
v 1.739124 0.105647 0.176134
v 1.739661 -0.115930 0.178372
v 1.739661 0.105647 0.178372
v 1.739751 -0.115930 0.180671
v 1.739751 0.105647 0.180671
v 1.739391 -0.115930 0.182944
v 1.739391 0.105647 0.182944
v 1.738594 -0.115930 0.185103
v 1.738594 0.105647 0.185103
v 1.737391 -0.115930 0.187065
v 1.737391 0.105647 0.187065
v 1.735829 -0.115930 0.188755
v 1.735829 0.105647 0.188755
v 1.733967 -0.115930 0.190107
v 1.733967 0.105647 0.190107
v 1.731877 -0.115930 0.191071
v 1.731877 0.105647 0.191071
v 1.729639 -0.115930 0.191607
v 1.729639 0.105647 0.191607
v 1.727340 -0.115930 0.191698
v 1.727340 0.105647 0.191698
v 1.725067 -0.115930 0.191337
v 1.725067 0.105647 0.191337
v 1.722908 -0.115930 0.190540
v 1.722908 0.105647 0.190540
v 1.720946 -0.115930 0.189338
v 1.720946 0.105647 0.189338
v 1.719256 -0.115930 0.187775
v 1.719256 0.105647 0.187775
v 1.717904 -0.115930 0.185913
v 1.717904 0.105647 0.185913
v 1.716940 -0.115930 0.183823
v 1.716940 0.105647 0.183823
v 1.716403 -0.115930 0.181585
v 1.716403 0.105647 0.181585
v 1.716313 -0.115930 0.179286
v 1.716313 0.105647 0.179286
v 1.716674 -0.115930 0.177013
v 1.716674 0.105647 0.177013
v 1.717471 -0.115930 0.174854
v 1.717471 0.105647 0.174854
v 1.718673 -0.115930 0.172892
v 1.718673 0.105647 0.172892
v 1.720236 -0.115930 0.171202
v 1.720236 0.105647 0.171202
v 1.722098 -0.115930 0.169850
v 1.722098 0.105647 0.169850
vn -0.2334 -0.0000 -0.9724
vn -0.0391 -0.0000 -0.9992
vn 0.1568 -0.0000 -0.9876
vn 0.3463 -0.0000 -0.9381
vn 0.5224 -0.0000 -0.8527
vn 0.6790 -0.0000 -0.7342
vn 0.8089 -0.0000 -0.5879
vn 0.9082 -0.0000 -0.4185
vn 0.9724 -0.0000 -0.2333
vn 0.9992 -0.0000 -0.0391
vn 0.9877 -0.0000 0.1564
vn 0.9381 -0.0000 0.3463
vn 0.8525 -0.0000 0.5227
vn 0.7344 -0.0000 0.6787
vn 0.5875 -0.0000 0.8092
vn 0.4184 -0.0000 0.9083
vn 0.2334 -0.0000 0.9724
vn 0.0391 -0.0000 0.9992
vn -0.1565 -0.0000 0.9877
vn -0.3463 -0.0000 0.9381
vn -0.5227 -0.0000 0.8525
vn -0.6790 -0.0000 0.7341
vn -0.8089 -0.0000 0.5880
vn -0.9081 -0.0000 0.4188
vn -0.9724 -0.0000 0.2333
vn -0.9992 -0.0000 0.0391
vn -0.9876 -0.0000 -0.1568
vn -0.9381 -0.0000 -0.3463
vn -0.8527 -0.0000 -0.5224
vn -0.7342 -0.0000 -0.6790
vn -0.0000 1.0000 -0.0000
vn -0.5875 -0.0000 -0.8092
vn -0.4185 -0.0000 -0.9082
vn -0.0000 -1.0000 -0.0000
vt 1.000000 0.500000
vt 1.000000 1.000000
vt 0.968750 1.000000
vt 0.968750 0.500000
vt 0.937500 1.000000
vt 0.937500 0.500000
vt 0.906250 1.000000
vt 0.906250 0.500000
vt 0.875000 1.000000
vt 0.875000 0.500000
vt 0.843750 1.000000
vt 0.843750 0.500000
vt 0.812500 1.000000
vt 0.812500 0.500000
vt 0.781250 1.000000
vt 0.781250 0.500000
vt 0.750000 1.000000
vt 0.750000 0.500000
vt 0.718750 1.000000
vt 0.718750 0.500000
vt 0.687500 1.000000
vt 0.687500 0.500000
vt 0.656250 1.000000
vt 0.656250 0.500000
vt 0.625000 1.000000
vt 0.625000 0.500000
vt 0.593750 1.000000
vt 0.593750 0.500000
vt 0.562500 1.000000
vt 0.562500 0.500000
vt 0.531250 1.000000
vt 0.531250 0.500000
vt 0.500000 1.000000
vt 0.500000 0.500000
vt 0.468750 1.000000
vt 0.468750 0.500000
vt 0.437500 1.000000
vt 0.437500 0.500000
vt 0.406250 1.000000
vt 0.406250 0.500000
vt 0.375000 1.000000
vt 0.375000 0.500000
vt 0.343750 1.000000
vt 0.343750 0.500000
vt 0.312500 1.000000
vt 0.312500 0.500000
vt 0.281250 1.000000
vt 0.281250 0.500000
vt 0.250000 1.000000
vt 0.250000 0.500000
vt 0.218750 1.000000
vt 0.218750 0.500000
vt 0.187500 1.000000
vt 0.187500 0.500000
vt 0.156250 1.000000
vt 0.156250 0.500000
vt 0.125000 1.000000
vt 0.125000 0.500000
vt 0.093750 1.000000
vt 0.093750 0.500000
vt 0.062500 1.000000
vt 0.062500 0.500000
vt 0.296822 0.485388
vt 0.250000 0.490000
vt 0.203178 0.485388
vt 0.158156 0.471731
vt 0.116663 0.449553
vt 0.080294 0.419706
vt 0.050447 0.383337
vt 0.028269 0.341844
vt 0.014612 0.296822
vt 0.010000 0.250000
vt 0.014612 0.203178
vt 0.028269 0.158156
vt 0.050447 0.116663
vt 0.080294 0.080294
vt 0.116663 0.050447
vt 0.158156 0.028269
vt 0.203178 0.014612
vt 0.250000 0.010000
vt 0.296822 0.014612
vt 0.341844 0.028269
vt 0.383337 0.050447
vt 0.419706 0.080294
vt 0.449553 0.116663
vt 0.471731 0.158156
vt 0.485388 0.203178
vt 0.490000 0.250000
vt 0.485388 0.296822
vt 0.471731 0.341844
vt 0.449553 0.383337
vt 0.419706 0.419706
vt 0.383337 0.449553
vt 0.341844 0.471731
vt 0.031250 1.000000
vt 0.031250 0.500000
vt 0.000000 1.000000
vt 0.000000 0.500000
vt 0.750000 0.490000
vt 0.796822 0.485388
vt 0.841844 0.471731
vt 0.883337 0.449553
vt 0.919706 0.419706
vt 0.949553 0.383337
vt 0.971731 0.341844
vt 0.985388 0.296822
vt 0.990000 0.250000
vt 0.985388 0.203178
vt 0.971731 0.158156
vt 0.949553 0.116663
vt 0.919706 0.080294
vt 0.883337 0.050447
vt 0.841844 0.028269
vt 0.796822 0.014612
vt 0.750000 0.010000
vt 0.703178 0.014612
vt 0.658156 0.028269
vt 0.616663 0.050447
vt 0.580294 0.080294
vt 0.550447 0.116663
vt 0.528269 0.158156
vt 0.514612 0.203178
vt 0.510000 0.250000
vt 0.514612 0.296822
vt 0.528269 0.341844
vt 0.550447 0.383337
vt 0.580294 0.419706
vt 0.616663 0.449553
vt 0.658156 0.471731
vt 0.703178 0.485388
s 1
f 2593/471/1723 2594/472/1723 2596/473/1723 2595/474/1723
f 2595/474/1724 2596/473/1724 2598/475/1724 2597/476/1724
f 2597/476/1725 2598/475/1725 2600/477/1725 2599/478/1725
f 2599/478/1726 2600/477/1726 2602/479/1726 2601/480/1726
f 2601/480/1727 2602/479/1727 2604/481/1727 2603/482/1727
f 2603/482/1728 2604/481/1728 2606/483/1728 2605/484/1728
f 2605/484/1729 2606/483/1729 2608/485/1729 2607/486/1729
f 2607/486/1730 2608/485/1730 2610/487/1730 2609/488/1730
f 2609/488/1731 2610/487/1731 2612/489/1731 2611/490/1731
f 2611/490/1732 2612/489/1732 2614/491/1732 2613/492/1732
f 2613/492/1733 2614/491/1733 2616/493/1733 2615/494/1733
f 2615/494/1734 2616/493/1734 2618/495/1734 2617/496/1734
f 2617/496/1735 2618/495/1735 2620/497/1735 2619/498/1735
f 2619/498/1736 2620/497/1736 2622/499/1736 2621/500/1736
f 2621/500/1737 2622/499/1737 2624/501/1737 2623/502/1737
f 2623/502/1738 2624/501/1738 2626/503/1738 2625/504/1738
f 2625/504/1739 2626/503/1739 2628/505/1739 2627/506/1739
f 2627/506/1740 2628/505/1740 2630/507/1740 2629/508/1740
f 2629/508/1741 2630/507/1741 2632/509/1741 2631/510/1741
f 2631/510/1742 2632/509/1742 2634/511/1742 2633/512/1742
f 2633/512/1743 2634/511/1743 2636/513/1743 2635/514/1743
f 2635/514/1744 2636/513/1744 2638/515/1744 2637/516/1744
f 2637/516/1745 2638/515/1745 2640/517/1745 2639/518/1745
f 2639/518/1746 2640/517/1746 2642/519/1746 2641/520/1746
f 2641/520/1747 2642/519/1747 2644/521/1747 2643/522/1747
f 2643/522/1748 2644/521/1748 2646/523/1748 2645/524/1748
f 2645/524/1749 2646/523/1749 2648/525/1749 2647/526/1749
f 2647/526/1750 2648/525/1750 2650/527/1750 2649/528/1750
f 2649/528/1751 2650/527/1751 2652/529/1751 2651/530/1751
f 2651/530/1752 2652/529/1752 2654/531/1752 2653/532/1752
f 2596/533/1753 2594/534/1753 2656/535/1753 2654/536/1753 2652/537/1753 2650/538/1753 2648/539/1753 2646/540/1753 2644/541/1753 2642/542/1753 2640/543/1753 2638/544/1753 2636/545/1753 2634/546/1753 2632/547/1753 2630/548/1753 2628/549/1753 2626/550/1753 2624/551/1753 2622/552/1753 2620/553/1753 2618/554/1753 2616/555/1753 2614/556/1753 2612/557/1753 2610/558/1753 2608/559/1753 2606/560/1753 2604/561/1753 2602/562/1753 2600/563/1753 2598/564/1753
f 2653/532/1754 2654/531/1754 2656/565/1754 2655/566/1754
f 2655/566/1755 2656/565/1755 2594/567/1755 2593/568/1755
f 2593/569/1756 2595/570/1756 2597/571/1756 2599/572/1756 2601/573/1756 2603/574/1756 2605/575/1756 2607/576/1756 2609/577/1756 2611/578/1756 2613/579/1756 2615/580/1756 2617/581/1756 2619/582/1756 2621/583/1756 2623/584/1756 2625/585/1756 2627/586/1756 2629/587/1756 2631/588/1756 2633/589/1756 2635/590/1756 2637/591/1756 2639/592/1756 2641/593/1756 2643/594/1756 2645/595/1756 2647/596/1756 2649/597/1756 2651/598/1756 2653/599/1756 2655/600/1756
o Cylinder.004
v 1.688884 -0.115930 0.322463
v 1.688884 0.105647 0.322463
v 1.691122 -0.115930 0.321927
v 1.691122 0.105647 0.321927
v 1.693421 -0.115930 0.321836
v 1.693421 0.105647 0.321836
v 1.695694 -0.115930 0.322197
v 1.695694 0.105647 0.322197
v 1.697853 -0.115930 0.322994
v 1.697853 0.105647 0.322994
v 1.699815 -0.115930 0.324196
v 1.699815 0.105647 0.324196
v 1.701505 -0.115930 0.325759
v 1.701505 0.105647 0.325759
v 1.702857 -0.115930 0.327621
v 1.702857 0.105647 0.327621
v 1.703821 -0.115930 0.329711
v 1.703821 0.105647 0.329711
v 1.704358 -0.115930 0.331949
v 1.704358 0.105647 0.331949
v 1.704448 -0.115930 0.334248
v 1.704448 0.105647 0.334248
v 1.704087 -0.115930 0.336521
v 1.704087 0.105647 0.336521
v 1.703291 -0.115930 0.338680
v 1.703291 0.105647 0.338680
v 1.702088 -0.115930 0.340642
v 1.702088 0.105647 0.340642
v 1.700526 -0.115930 0.342332
v 1.700526 0.105647 0.342332
v 1.698664 -0.115930 0.343684
v 1.698664 0.105647 0.343684
v 1.696573 -0.115930 0.344647
v 1.696573 0.105647 0.344647
v 1.694336 -0.115930 0.345184
v 1.694336 0.105647 0.345184
v 1.692036 -0.115930 0.345274
v 1.692036 0.105647 0.345274
v 1.689763 -0.115930 0.344914
v 1.689763 0.105647 0.344914
v 1.687604 -0.115930 0.344117
v 1.687604 0.105647 0.344117
v 1.685642 -0.115930 0.342915
v 1.685642 0.105647 0.342915
v 1.683952 -0.115930 0.341352
v 1.683952 0.105647 0.341352
v 1.682600 -0.115930 0.339490
v 1.682600 0.105647 0.339490
v 1.681637 -0.115930 0.337400
v 1.681637 0.105647 0.337400
v 1.681100 -0.115930 0.335162
v 1.681100 0.105647 0.335162
v 1.681010 -0.115930 0.332863
v 1.681010 0.105647 0.332863
v 1.681370 -0.115930 0.330590
v 1.681370 0.105647 0.330590
v 1.682167 -0.115930 0.328431
v 1.682167 0.105647 0.328431
v 1.683370 -0.115930 0.326469
v 1.683370 0.105647 0.326469
v 1.684932 -0.115930 0.324779
v 1.684932 0.105647 0.324779
v 1.686794 -0.115930 0.323427
v 1.686794 0.105647 0.323427
vn -0.2335 -0.0000 -0.9724
vn -0.0391 -0.0000 -0.9992
vn 0.1565 -0.0000 -0.9877
vn 0.3463 -0.0000 -0.9381
vn 0.5227 -0.0000 -0.8525
vn 0.6790 -0.0000 -0.7341
vn 0.8092 -0.0000 -0.5876
vn 0.9081 -0.0000 -0.4188
vn 0.9724 -0.0000 -0.2333
vn 0.9992 -0.0000 -0.0391
vn 0.9876 -0.0000 0.1568
vn 0.9381 -0.0000 0.3464
vn 0.8525 -0.0000 0.5227
vn 0.7344 -0.0000 0.6787
vn 0.5875 -0.0000 0.8092
vn 0.4188 -0.0000 0.9081
vn 0.2334 -0.0000 0.9724
vn 0.0391 -0.0000 0.9992
vn -0.1568 -0.0000 0.9876
vn -0.3463 -0.0000 0.9381
vn -0.5224 -0.0000 0.8527
vn -0.6790 -0.0000 0.7342
vn -0.8092 -0.0000 0.5875
vn -0.9082 -0.0000 0.4185
vn -0.9724 -0.0000 0.2333
vn -0.9992 -0.0000 0.0391
vn -0.9877 -0.0000 -0.1564
vn -0.9381 -0.0000 -0.3463
vn -0.8525 -0.0000 -0.5227
vn -0.7344 -0.0000 -0.6787
vn -0.0000 1.0000 -0.0000
vn -0.5876 -0.0000 -0.8092
vn -0.4188 -0.0000 -0.9081
vn -0.0000 -1.0000 -0.0000
vt 1.000000 0.500000
vt 1.000000 1.000000
vt 0.968750 1.000000
vt 0.968750 0.500000
vt 0.937500 1.000000
vt 0.937500 0.500000
vt 0.906250 1.000000
vt 0.906250 0.500000
vt 0.875000 1.000000
vt 0.875000 0.500000
vt 0.843750 1.000000
vt 0.843750 0.500000
vt 0.812500 1.000000
vt 0.812500 0.500000
vt 0.781250 1.000000
vt 0.781250 0.500000
vt 0.750000 1.000000
vt 0.750000 0.500000
vt 0.718750 1.000000
vt 0.718750 0.500000
vt 0.687500 1.000000
vt 0.687500 0.500000
vt 0.656250 1.000000
vt 0.656250 0.500000
vt 0.625000 1.000000
vt 0.625000 0.500000
vt 0.593750 1.000000
vt 0.593750 0.500000
vt 0.562500 1.000000
vt 0.562500 0.500000
vt 0.531250 1.000000
vt 0.531250 0.500000
vt 0.500000 1.000000
vt 0.500000 0.500000
vt 0.468750 1.000000
vt 0.468750 0.500000
vt 0.437500 1.000000
vt 0.437500 0.500000
vt 0.406250 1.000000
vt 0.406250 0.500000
vt 0.375000 1.000000
vt 0.375000 0.500000
vt 0.343750 1.000000
vt 0.343750 0.500000
vt 0.312500 1.000000
vt 0.312500 0.500000
vt 0.281250 1.000000
vt 0.281250 0.500000
vt 0.250000 1.000000
vt 0.250000 0.500000
vt 0.218750 1.000000
vt 0.218750 0.500000
vt 0.187500 1.000000
vt 0.187500 0.500000
vt 0.156250 1.000000
vt 0.156250 0.500000
vt 0.125000 1.000000
vt 0.125000 0.500000
vt 0.093750 1.000000
vt 0.093750 0.500000
vt 0.062500 1.000000
vt 0.062500 0.500000
vt 0.296822 0.485388
vt 0.250000 0.490000
vt 0.203178 0.485388
vt 0.158156 0.471731
vt 0.116663 0.449553
vt 0.080294 0.419706
vt 0.050447 0.383337
vt 0.028269 0.341844
vt 0.014612 0.296822
vt 0.010000 0.250000
vt 0.014612 0.203178
vt 0.028269 0.158156
vt 0.050447 0.116663
vt 0.080294 0.080294
vt 0.116663 0.050447
vt 0.158156 0.028269
vt 0.203178 0.014612
vt 0.250000 0.010000
vt 0.296822 0.014612
vt 0.341844 0.028269
vt 0.383337 0.050447
vt 0.419706 0.080294
vt 0.449553 0.116663
vt 0.471731 0.158156
vt 0.485388 0.203178
vt 0.490000 0.250000
vt 0.485388 0.296822
vt 0.471731 0.341844
vt 0.449553 0.383337
vt 0.419706 0.419706
vt 0.383337 0.449553
vt 0.341844 0.471731
vt 0.031250 1.000000
vt 0.031250 0.500000
vt 0.000000 1.000000
vt 0.000000 0.500000
vt 0.750000 0.490000
vt 0.796822 0.485388
vt 0.841844 0.471731
vt 0.883337 0.449553
vt 0.919706 0.419706
vt 0.949553 0.383337
vt 0.971731 0.341844
vt 0.985388 0.296822
vt 0.990000 0.250000
vt 0.985388 0.203178
vt 0.971731 0.158156
vt 0.949553 0.116663
vt 0.919706 0.080294
vt 0.883337 0.050447
vt 0.841844 0.028269
vt 0.796822 0.014612
vt 0.750000 0.010000
vt 0.703178 0.014612
vt 0.658156 0.028269
vt 0.616663 0.050447
vt 0.580294 0.080294
vt 0.550447 0.116663
vt 0.528269 0.158156
vt 0.514612 0.203178
vt 0.510000 0.250000
vt 0.514612 0.296822
vt 0.528269 0.341844
vt 0.550447 0.383337
vt 0.580294 0.419706
vt 0.616663 0.449553
vt 0.658156 0.471731
vt 0.703178 0.485388
s 1
f 2657/601/1757 2658/602/1757 2660/603/1757 2659/604/1757
f 2659/604/1758 2660/603/1758 2662/605/1758 2661/606/1758
f 2661/606/1759 2662/605/1759 2664/607/1759 2663/608/1759
f 2663/608/1760 2664/607/1760 2666/609/1760 2665/610/1760
f 2665/610/1761 2666/609/1761 2668/611/1761 2667/612/1761
f 2667/612/1762 2668/611/1762 2670/613/1762 2669/614/1762
f 2669/614/1763 2670/613/1763 2672/615/1763 2671/616/1763
f 2671/616/1764 2672/615/1764 2674/617/1764 2673/618/1764
f 2673/618/1765 2674/617/1765 2676/619/1765 2675/620/1765
f 2675/620/1766 2676/619/1766 2678/621/1766 2677/622/1766
f 2677/622/1767 2678/621/1767 2680/623/1767 2679/624/1767
f 2679/624/1768 2680/623/1768 2682/625/1768 2681/626/1768
f 2681/626/1769 2682/625/1769 2684/627/1769 2683/628/1769
f 2683/628/1770 2684/627/1770 2686/629/1770 2685/630/1770
f 2685/630/1771 2686/629/1771 2688/631/1771 2687/632/1771
f 2687/632/1772 2688/631/1772 2690/633/1772 2689/634/1772
f 2689/634/1773 2690/633/1773 2692/635/1773 2691/636/1773
f 2691/636/1774 2692/635/1774 2694/637/1774 2693/638/1774
f 2693/638/1775 2694/637/1775 2696/639/1775 2695/640/1775
f 2695/640/1776 2696/639/1776 2698/641/1776 2697/642/1776
f 2697/642/1777 2698/641/1777 2700/643/1777 2699/644/1777
f 2699/644/1778 2700/643/1778 2702/645/1778 2701/646/1778
f 2701/646/1779 2702/645/1779 2704/647/1779 2703/648/1779
f 2703/648/1780 2704/647/1780 2706/649/1780 2705/650/1780
f 2705/650/1781 2706/649/1781 2708/651/1781 2707/652/1781
f 2707/652/1782 2708/651/1782 2710/653/1782 2709/654/1782
f 2709/654/1783 2710/653/1783 2712/655/1783 2711/656/1783
f 2711/656/1784 2712/655/1784 2714/657/1784 2713/658/1784
f 2713/658/1785 2714/657/1785 2716/659/1785 2715/660/1785
f 2715/660/1786 2716/659/1786 2718/661/1786 2717/662/1786
f 2660/663/1787 2658/664/1787 2720/665/1787 2718/666/1787 2716/667/1787 2714/668/1787 2712/669/1787 2710/670/1787 2708/671/1787 2706/672/1787 2704/673/1787 2702/674/1787 2700/675/1787 2698/676/1787 2696/677/1787 2694/678/1787 2692/679/1787 2690/680/1787 2688/681/1787 2686/682/1787 2684/683/1787 2682/684/1787 2680/685/1787 2678/686/1787 2676/687/1787 2674/688/1787 2672/689/1787 2670/690/1787 2668/691/1787 2666/692/1787 2664/693/1787 2662/694/1787
f 2717/662/1788 2718/661/1788 2720/695/1788 2719/696/1788
f 2719/696/1789 2720/695/1789 2658/697/1789 2657/698/1789
f 2657/699/1790 2659/700/1790 2661/701/1790 2663/702/1790 2665/703/1790 2667/704/1790 2669/705/1790 2671/706/1790 2673/707/1790 2675/708/1790 2677/709/1790 2679/710/1790 2681/711/1790 2683/712/1790 2685/713/1790 2687/714/1790 2689/715/1790 2691/716/1790 2693/717/1790 2695/718/1790 2697/719/1790 2699/720/1790 2701/721/1790 2703/722/1790 2705/723/1790 2707/724/1790 2709/725/1790 2711/726/1790 2713/727/1790 2715/728/1790 2717/729/1790 2719/730/1790
o Cylinder.005
v 1.687786 -0.115930 0.472640
v 1.687786 0.105647 0.472640
v 1.690023 -0.115930 0.472103
v 1.690023 0.105647 0.472103
v 1.692323 -0.115930 0.472013
v 1.692323 0.105647 0.472013
v 1.694596 -0.115930 0.472374
v 1.694596 0.105647 0.472374
v 1.696755 -0.115930 0.473170
v 1.696755 0.105647 0.473170
v 1.698717 -0.115930 0.474373
v 1.698717 0.105647 0.474373
v 1.700407 -0.115930 0.475935
v 1.700407 0.105647 0.475935
v 1.701759 -0.115930 0.477797
v 1.701759 0.105647 0.477797
v 1.702722 -0.115930 0.479887
v 1.702722 0.105647 0.479887
v 1.703259 -0.115930 0.482125
v 1.703259 0.105647 0.482125
v 1.703349 -0.115930 0.484425
v 1.703349 0.105647 0.484425
v 1.702989 -0.115930 0.486698
v 1.702989 0.105647 0.486698
v 1.702192 -0.115930 0.488857
v 1.702192 0.105647 0.488857
v 1.700989 -0.115930 0.490819
v 1.700989 0.105647 0.490819
v 1.699427 -0.115930 0.492509
v 1.699427 0.105647 0.492509
v 1.697565 -0.115930 0.493861
v 1.697565 0.105647 0.493861
v 1.695475 -0.115930 0.494824
v 1.695475 0.105647 0.494824
v 1.693237 -0.115930 0.495361
v 1.693237 0.105647 0.495361
v 1.690938 -0.115930 0.495451
v 1.690938 0.105647 0.495451
v 1.688665 -0.115930 0.495091
v 1.688665 0.105647 0.495091
v 1.686506 -0.115930 0.494294
v 1.686506 0.105647 0.494294
v 1.684544 -0.115930 0.493091
v 1.684544 0.105647 0.493091
v 1.682854 -0.115930 0.491529
v 1.682854 0.105647 0.491529
v 1.681502 -0.115930 0.489667
v 1.681502 0.105647 0.489667
v 1.680538 -0.115930 0.487577
v 1.680538 0.105647 0.487577
v 1.680001 -0.115930 0.485339
v 1.680001 0.105647 0.485339
v 1.679911 -0.115930 0.483040
v 1.679911 0.105647 0.483040
v 1.680272 -0.115930 0.480767
v 1.680272 0.105647 0.480767
v 1.681068 -0.115930 0.478608
v 1.681068 0.105647 0.478608
v 1.682271 -0.115930 0.476646
v 1.682271 0.105647 0.476646
v 1.683833 -0.115930 0.474956
v 1.683833 0.105647 0.474956
v 1.685695 -0.115930 0.473603
v 1.685695 0.105647 0.473603
vn -0.2334 -0.0000 -0.9724
vn -0.0391 -0.0000 -0.9992
vn 0.1568 -0.0000 -0.9876
vn 0.3464 -0.0000 -0.9381
vn 0.5224 -0.0000 -0.8527
vn 0.6787 -0.0000 -0.7344
vn 0.8092 -0.0000 -0.5875
vn 0.9082 -0.0000 -0.4185
vn 0.9724 -0.0000 -0.2333
vn 0.9992 -0.0000 -0.0391
vn 0.9877 -0.0000 0.1564
vn 0.9381 -0.0000 0.3463
vn 0.8525 -0.0000 0.5227
vn 0.7344 -0.0000 0.6787
vn 0.5875 -0.0000 0.8092
vn 0.4185 -0.0000 0.9082
vn 0.2333 -0.0000 0.9724
vn 0.0391 -0.0000 0.9992
vn -0.1564 -0.0000 0.9877
vn -0.3463 -0.0000 0.9381
vn -0.5227 -0.0000 0.8525
vn -0.6788 -0.0000 0.7344
vn -0.8092 -0.0000 0.5876
vn -0.9083 -0.0000 0.4184
vn -0.9724 -0.0000 0.2333
vn -0.9992 -0.0000 0.0391
vn -0.9876 -0.0000 -0.1568
vn -0.9381 -0.0000 -0.3465
vn -0.8525 -0.0000 -0.5227
vn -0.7344 -0.0000 -0.6788
vn -0.0000 1.0000 -0.0000
vn -0.5878 -0.0000 -0.8090
vn -0.4188 -0.0000 -0.9081
vn -0.0000 -1.0000 -0.0000
vt 1.000000 0.500000
vt 1.000000 1.000000
vt 0.968750 1.000000
vt 0.968750 0.500000
vt 0.937500 1.000000
vt 0.937500 0.500000
vt 0.906250 1.000000
vt 0.906250 0.500000
vt 0.875000 1.000000
vt 0.875000 0.500000
vt 0.843750 1.000000
vt 0.843750 0.500000
vt 0.812500 1.000000
vt 0.812500 0.500000
vt 0.781250 1.000000
vt 0.781250 0.500000
vt 0.750000 1.000000
vt 0.750000 0.500000
vt 0.718750 1.000000
vt 0.718750 0.500000
vt 0.687500 1.000000
vt 0.687500 0.500000
vt 0.656250 1.000000
vt 0.656250 0.500000
vt 0.625000 1.000000
vt 0.625000 0.500000
vt 0.593750 1.000000
vt 0.593750 0.500000
vt 0.562500 1.000000
vt 0.562500 0.500000
vt 0.531250 1.000000
vt 0.531250 0.500000
vt 0.500000 1.000000
vt 0.500000 0.500000
vt 0.468750 1.000000
vt 0.468750 0.500000
vt 0.437500 1.000000
vt 0.437500 0.500000
vt 0.406250 1.000000
vt 0.406250 0.500000
vt 0.375000 1.000000
vt 0.375000 0.500000
vt 0.343750 1.000000
vt 0.343750 0.500000
vt 0.312500 1.000000
vt 0.312500 0.500000
vt 0.281250 1.000000
vt 0.281250 0.500000
vt 0.250000 1.000000
vt 0.250000 0.500000
vt 0.218750 1.000000
vt 0.218750 0.500000
vt 0.187500 1.000000
vt 0.187500 0.500000
vt 0.156250 1.000000
vt 0.156250 0.500000
vt 0.125000 1.000000
vt 0.125000 0.500000
vt 0.093750 1.000000
vt 0.093750 0.500000
vt 0.062500 1.000000
vt 0.062500 0.500000
vt 0.296822 0.485388
vt 0.250000 0.490000
vt 0.203178 0.485388
vt 0.158156 0.471731
vt 0.116663 0.449553
vt 0.080294 0.419706
vt 0.050447 0.383337
vt 0.028269 0.341844
vt 0.014612 0.296822
vt 0.010000 0.250000
vt 0.014612 0.203178
vt 0.028269 0.158156
vt 0.050447 0.116663
vt 0.080294 0.080294
vt 0.116663 0.050447
vt 0.158156 0.028269
vt 0.203178 0.014612
vt 0.250000 0.010000
vt 0.296822 0.014612
vt 0.341844 0.028269
vt 0.383337 0.050447
vt 0.419706 0.080294
vt 0.449553 0.116663
vt 0.471731 0.158156
vt 0.485388 0.203178
vt 0.490000 0.250000
vt 0.485388 0.296822
vt 0.471731 0.341844
vt 0.449553 0.383337
vt 0.419706 0.419706
vt 0.383337 0.449553
vt 0.341844 0.471731
vt 0.031250 1.000000
vt 0.031250 0.500000
vt 0.000000 1.000000
vt 0.000000 0.500000
vt 0.750000 0.490000
vt 0.796822 0.485388
vt 0.841844 0.471731
vt 0.883337 0.449553
vt 0.919706 0.419706
vt 0.949553 0.383337
vt 0.971731 0.341844
vt 0.985388 0.296822
vt 0.990000 0.250000
vt 0.985388 0.203178
vt 0.971731 0.158156
vt 0.949553 0.116663
vt 0.919706 0.080294
vt 0.883337 0.050447
vt 0.841844 0.028269
vt 0.796822 0.014612
vt 0.750000 0.010000
vt 0.703178 0.014612
vt 0.658156 0.028269
vt 0.616663 0.050447
vt 0.580294 0.080294
vt 0.550447 0.116663
vt 0.528269 0.158156
vt 0.514612 0.203178
vt 0.510000 0.250000
vt 0.514612 0.296822
vt 0.528269 0.341844
vt 0.550447 0.383337
vt 0.580294 0.419706
vt 0.616663 0.449553
vt 0.658156 0.471731
vt 0.703178 0.485388
s 1
f 2721/731/1791 2722/732/1791 2724/733/1791 2723/734/1791
f 2723/734/1792 2724/733/1792 2726/735/1792 2725/736/1792
f 2725/736/1793 2726/735/1793 2728/737/1793 2727/738/1793
f 2727/738/1794 2728/737/1794 2730/739/1794 2729/740/1794
f 2729/740/1795 2730/739/1795 2732/741/1795 2731/742/1795
f 2731/742/1796 2732/741/1796 2734/743/1796 2733/744/1796
f 2733/744/1797 2734/743/1797 2736/745/1797 2735/746/1797
f 2735/746/1798 2736/745/1798 2738/747/1798 2737/748/1798
f 2737/748/1799 2738/747/1799 2740/749/1799 2739/750/1799
f 2739/750/1800 2740/749/1800 2742/751/1800 2741/752/1800
f 2741/752/1801 2742/751/1801 2744/753/1801 2743/754/1801
f 2743/754/1802 2744/753/1802 2746/755/1802 2745/756/1802
f 2745/756/1803 2746/755/1803 2748/757/1803 2747/758/1803
f 2747/758/1804 2748/757/1804 2750/759/1804 2749/760/1804
f 2749/760/1805 2750/759/1805 2752/761/1805 2751/762/1805
f 2751/762/1806 2752/761/1806 2754/763/1806 2753/764/1806
f 2753/764/1807 2754/763/1807 2756/765/1807 2755/766/1807
f 2755/766/1808 2756/765/1808 2758/767/1808 2757/768/1808
f 2757/768/1809 2758/767/1809 2760/769/1809 2759/770/1809
f 2759/770/1810 2760/769/1810 2762/771/1810 2761/772/1810
f 2761/772/1811 2762/771/1811 2764/773/1811 2763/774/1811
f 2763/774/1812 2764/773/1812 2766/775/1812 2765/776/1812
f 2765/776/1813 2766/775/1813 2768/777/1813 2767/778/1813
f 2767/778/1814 2768/777/1814 2770/779/1814 2769/780/1814
f 2769/780/1815 2770/779/1815 2772/781/1815 2771/782/1815
f 2771/782/1816 2772/781/1816 2774/783/1816 2773/784/1816
f 2773/784/1817 2774/783/1817 2776/785/1817 2775/786/1817
f 2775/786/1818 2776/785/1818 2778/787/1818 2777/788/1818
f 2777/788/1819 2778/787/1819 2780/789/1819 2779/790/1819
f 2779/790/1820 2780/789/1820 2782/791/1820 2781/792/1820
f 2724/793/1821 2722/794/1821 2784/795/1821 2782/796/1821 2780/797/1821 2778/798/1821 2776/799/1821 2774/800/1821 2772/801/1821 2770/802/1821 2768/803/1821 2766/804/1821 2764/805/1821 2762/806/1821 2760/807/1821 2758/808/1821 2756/809/1821 2754/810/1821 2752/811/1821 2750/812/1821 2748/813/1821 2746/814/1821 2744/815/1821 2742/816/1821 2740/817/1821 2738/818/1821 2736/819/1821 2734/820/1821 2732/821/1821 2730/822/1821 2728/823/1821 2726/824/1821
f 2781/792/1822 2782/791/1822 2784/825/1822 2783/826/1822
f 2783/826/1823 2784/825/1823 2722/827/1823 2721/828/1823
f 2721/829/1824 2723/830/1824 2725/831/1824 2727/832/1824 2729/833/1824 2731/834/1824 2733/835/1824 2735/836/1824 2737/837/1824 2739/838/1824 2741/839/1824 2743/840/1824 2745/841/1824 2747/842/1824 2749/843/1824 2751/844/1824 2753/845/1824 2755/846/1824 2757/847/1824 2759/848/1824 2761/849/1824 2763/850/1824 2765/851/1824 2767/852/1824 2769/853/1824 2771/854/1824 2773/855/1824 2775/856/1824 2777/857/1824 2779/858/1824 2781/859/1824 2783/860/1824
o Cylinder.006
v 1.666527 -0.115930 0.627389
v 1.666527 0.105647 0.627389
v 1.668765 -0.115930 0.626852
v 1.668765 0.105647 0.626852
v 1.671064 -0.115930 0.626762
v 1.671064 0.105647 0.626762
v 1.673337 -0.115930 0.627122
v 1.673337 0.105647 0.627122
v 1.675496 -0.115930 0.627919
v 1.675496 0.105647 0.627919
v 1.677458 -0.115930 0.629121
v 1.677458 0.105647 0.629121
v 1.679148 -0.115930 0.630684
v 1.679148 0.105647 0.630684
v 1.680501 -0.115930 0.632546
v 1.680501 0.105647 0.632546
v 1.681464 -0.115930 0.634636
v 1.681464 0.105647 0.634636
v 1.682001 -0.115930 0.636874
v 1.682001 0.105647 0.636874
v 1.682091 -0.115930 0.639173
v 1.682091 0.105647 0.639173
v 1.681731 -0.115930 0.641446
v 1.681731 0.105647 0.641446
v 1.680934 -0.115930 0.643605
v 1.680934 0.105647 0.643605
v 1.679731 -0.115930 0.645567
v 1.679731 0.105647 0.645567
v 1.678169 -0.115930 0.647257
v 1.678169 0.105647 0.647257
v 1.676307 -0.115930 0.648609
v 1.676307 0.105647 0.648609
v 1.674217 -0.115930 0.649573
v 1.674217 0.105647 0.649573
v 1.671979 -0.115930 0.650110
v 1.671979 0.105647 0.650110
v 1.669679 -0.115930 0.650200
v 1.669679 0.105647 0.650200
v 1.667406 -0.115930 0.649839
v 1.667406 0.105647 0.649839
v 1.665247 -0.115930 0.649043
v 1.665247 0.105647 0.649043
v 1.663285 -0.115930 0.647840
v 1.663285 0.105647 0.647840
v 1.661595 -0.115930 0.646277
v 1.661595 0.105647 0.646277
v 1.660243 -0.115930 0.644415
v 1.660243 0.105647 0.644415
v 1.659280 -0.115930 0.642325
v 1.659280 0.105647 0.642325
v 1.658743 -0.115930 0.640088
v 1.658743 0.105647 0.640088
v 1.658653 -0.115930 0.637788
v 1.658653 0.105647 0.637788
v 1.659013 -0.115930 0.635515
v 1.659013 0.105647 0.635515
v 1.659810 -0.115930 0.633356
v 1.659810 0.105647 0.633356
v 1.661013 -0.115930 0.631394
v 1.661013 0.105647 0.631394
v 1.662575 -0.115930 0.629704
v 1.662575 0.105647 0.629704
v 1.664437 -0.115930 0.628352
v 1.664437 0.105647 0.628352
vn -0.2334 -0.0000 -0.9724
vn -0.0391 -0.0000 -0.9992
vn 0.1564 -0.0000 -0.9877
vn 0.3463 -0.0000 -0.9381
vn 0.5224 -0.0000 -0.8527
vn 0.6790 -0.0000 -0.7341
vn 0.8090 -0.0000 -0.5879
vn 0.9082 -0.0000 -0.4185
vn 0.9724 -0.0000 -0.2333
vn 0.9992 -0.0000 -0.0391
vn 0.9877 -0.0000 0.1564
vn 0.9381 -0.0000 0.3463
vn 0.8525 -0.0000 0.5227
vn 0.7344 -0.0000 0.6787
vn 0.5875 -0.0000 0.8092
vn 0.4189 -0.0000 0.9081
vn 0.2333 -0.0000 0.9724
vn 0.0391 -0.0000 0.9992
vn -0.1568 -0.0000 0.9876
vn -0.3464 -0.0000 0.9381
vn -0.5227 -0.0000 0.8525
vn -0.6790 -0.0000 0.7342
vn -0.8092 -0.0000 0.5875
vn -0.9082 -0.0000 0.4185
vn -0.9724 -0.0000 0.2334
vn -0.9992 -0.0000 0.0391
vn -0.9877 -0.0000 -0.1564
vn -0.9381 -0.0000 -0.3463
vn -0.8525 -0.0000 -0.5227
vn -0.7344 -0.0000 -0.6787
vn -0.0000 1.0000 -0.0000
vn -0.5875 -0.0000 -0.8092
vn -0.4185 -0.0000 -0.9082
vn -0.0000 -1.0000 -0.0000
vt 1.000000 0.500000
vt 1.000000 1.000000
vt 0.968750 1.000000
vt 0.968750 0.500000
vt 0.937500 1.000000
vt 0.937500 0.500000
vt 0.906250 1.000000
vt 0.906250 0.500000
vt 0.875000 1.000000
vt 0.875000 0.500000
vt 0.843750 1.000000
vt 0.843750 0.500000
vt 0.812500 1.000000
vt 0.812500 0.500000
vt 0.781250 1.000000
vt 0.781250 0.500000
vt 0.750000 1.000000
vt 0.750000 0.500000
vt 0.718750 1.000000
vt 0.718750 0.500000
vt 0.687500 1.000000
vt 0.687500 0.500000
vt 0.656250 1.000000
vt 0.656250 0.500000
vt 0.625000 1.000000
vt 0.625000 0.500000
vt 0.593750 1.000000
vt 0.593750 0.500000
vt 0.562500 1.000000
vt 0.562500 0.500000
vt 0.531250 1.000000
vt 0.531250 0.500000
vt 0.500000 1.000000
vt 0.500000 0.500000
vt 0.468750 1.000000
vt 0.468750 0.500000
vt 0.437500 1.000000
vt 0.437500 0.500000
vt 0.406250 1.000000
vt 0.406250 0.500000
vt 0.375000 1.000000
vt 0.375000 0.500000
vt 0.343750 1.000000
vt 0.343750 0.500000
vt 0.312500 1.000000
vt 0.312500 0.500000
vt 0.281250 1.000000
vt 0.281250 0.500000
vt 0.250000 1.000000
vt 0.250000 0.500000
vt 0.218750 1.000000
vt 0.218750 0.500000
vt 0.187500 1.000000
vt 0.187500 0.500000
vt 0.156250 1.000000
vt 0.156250 0.500000
vt 0.125000 1.000000
vt 0.125000 0.500000
vt 0.093750 1.000000
vt 0.093750 0.500000
vt 0.062500 1.000000
vt 0.062500 0.500000
vt 0.296822 0.485388
vt 0.250000 0.490000
vt 0.203178 0.485388
vt 0.158156 0.471731
vt 0.116663 0.449553
vt 0.080294 0.419706
vt 0.050447 0.383337
vt 0.028269 0.341844
vt 0.014612 0.296822
vt 0.010000 0.250000
vt 0.014612 0.203178
vt 0.028269 0.158156
vt 0.050447 0.116663
vt 0.080294 0.080294
vt 0.116663 0.050447
vt 0.158156 0.028269
vt 0.203178 0.014612
vt 0.250000 0.010000
vt 0.296822 0.014612
vt 0.341844 0.028269
vt 0.383337 0.050447
vt 0.419706 0.080294
vt 0.449553 0.116663
vt 0.471731 0.158156
vt 0.485388 0.203178
vt 0.490000 0.250000
vt 0.485388 0.296822
vt 0.471731 0.341844
vt 0.449553 0.383337
vt 0.419706 0.419706
vt 0.383337 0.449553
vt 0.341844 0.471731
vt 0.031250 1.000000
vt 0.031250 0.500000
vt 0.000000 1.000000
vt 0.000000 0.500000
vt 0.750000 0.490000
vt 0.796822 0.485388
vt 0.841844 0.471731
vt 0.883337 0.449553
vt 0.919706 0.419706
vt 0.949553 0.383337
vt 0.971731 0.341844
vt 0.985388 0.296822
vt 0.990000 0.250000
vt 0.985388 0.203178
vt 0.971731 0.158156
vt 0.949553 0.116663
vt 0.919706 0.080294
vt 0.883337 0.050447
vt 0.841844 0.028269
vt 0.796822 0.014612
vt 0.750000 0.010000
vt 0.703178 0.014612
vt 0.658156 0.028269
vt 0.616663 0.050447
vt 0.580294 0.080294
vt 0.550447 0.116663
vt 0.528269 0.158156
vt 0.514612 0.203178
vt 0.510000 0.250000
vt 0.514612 0.296822
vt 0.528269 0.341844
vt 0.550447 0.383337
vt 0.580294 0.419706
vt 0.616663 0.449553
vt 0.658156 0.471731
vt 0.703178 0.485388
s 1
f 2785/861/1825 2786/862/1825 2788/863/1825 2787/864/1825
f 2787/864/1826 2788/863/1826 2790/865/1826 2789/866/1826
f 2789/866/1827 2790/865/1827 2792/867/1827 2791/868/1827
f 2791/868/1828 2792/867/1828 2794/869/1828 2793/870/1828
f 2793/870/1829 2794/869/1829 2796/871/1829 2795/872/1829
f 2795/872/1830 2796/871/1830 2798/873/1830 2797/874/1830
f 2797/874/1831 2798/873/1831 2800/875/1831 2799/876/1831
f 2799/876/1832 2800/875/1832 2802/877/1832 2801/878/1832
f 2801/878/1833 2802/877/1833 2804/879/1833 2803/880/1833
f 2803/880/1834 2804/879/1834 2806/881/1834 2805/882/1834
f 2805/882/1835 2806/881/1835 2808/883/1835 2807/884/1835
f 2807/884/1836 2808/883/1836 2810/885/1836 2809/886/1836
f 2809/886/1837 2810/885/1837 2812/887/1837 2811/888/1837
f 2811/888/1838 2812/887/1838 2814/889/1838 2813/890/1838
f 2813/890/1839 2814/889/1839 2816/891/1839 2815/892/1839
f 2815/892/1840 2816/891/1840 2818/893/1840 2817/894/1840
f 2817/894/1841 2818/893/1841 2820/895/1841 2819/896/1841
f 2819/896/1842 2820/895/1842 2822/897/1842 2821/898/1842
f 2821/898/1843 2822/897/1843 2824/899/1843 2823/900/1843
f 2823/900/1844 2824/899/1844 2826/901/1844 2825/902/1844
f 2825/902/1845 2826/901/1845 2828/903/1845 2827/904/1845
f 2827/904/1846 2828/903/1846 2830/905/1846 2829/906/1846
f 2829/906/1847 2830/905/1847 2832/907/1847 2831/908/1847
f 2831/908/1848 2832/907/1848 2834/909/1848 2833/910/1848
f 2833/910/1849 2834/909/1849 2836/911/1849 2835/912/1849
f 2835/912/1850 2836/911/1850 2838/913/1850 2837/914/1850
f 2837/914/1851 2838/913/1851 2840/915/1851 2839/916/1851
f 2839/916/1852 2840/915/1852 2842/917/1852 2841/918/1852
f 2841/918/1853 2842/917/1853 2844/919/1853 2843/920/1853
f 2843/920/1854 2844/919/1854 2846/921/1854 2845/922/1854
f 2788/923/1855 2786/924/1855 2848/925/1855 2846/926/1855 2844/927/1855 2842/928/1855 2840/929/1855 2838/930/1855 2836/931/1855 2834/932/1855 2832/933/1855 2830/934/1855 2828/935/1855 2826/936/1855 2824/937/1855 2822/938/1855 2820/939/1855 2818/940/1855 2816/941/1855 2814/942/1855 2812/943/1855 2810/944/1855 2808/945/1855 2806/946/1855 2804/947/1855 2802/948/1855 2800/949/1855 2798/950/1855 2796/951/1855 2794/952/1855 2792/953/1855 2790/954/1855
f 2845/922/1856 2846/921/1856 2848/955/1856 2847/956/1856
f 2847/956/1857 2848/955/1857 2786/957/1857 2785/958/1857
f 2785/959/1858 2787/960/1858 2789/961/1858 2791/962/1858 2793/963/1858 2795/964/1858 2797/965/1858 2799/966/1858 2801/967/1858 2803/968/1858 2805/969/1858 2807/970/1858 2809/971/1858 2811/972/1858 2813/973/1858 2815/974/1858 2817/975/1858 2819/976/1858 2821/977/1858 2823/978/1858 2825/979/1858 2827/980/1858 2829/981/1858 2831/982/1858 2833/983/1858 2835/984/1858 2837/985/1858 2839/986/1858 2841/987/1858 2843/988/1858 2845/989/1858 2847/990/1858
o Cylinder.007
v 1.581395 -0.115930 0.813942
v 1.581395 0.105647 0.813942
v 1.583633 -0.115930 0.813405
v 1.583633 0.105647 0.813405
v 1.585932 -0.115930 0.813315
v 1.585932 0.105647 0.813315
v 1.588205 -0.115930 0.813675
v 1.588205 0.105647 0.813675
v 1.590364 -0.115930 0.814472
v 1.590364 0.105647 0.814472
v 1.592326 -0.115930 0.815675
v 1.592326 0.105647 0.815675
v 1.594016 -0.115930 0.817237
v 1.594016 0.105647 0.817237
v 1.595368 -0.115930 0.819099
v 1.595368 0.105647 0.819099
v 1.596332 -0.115930 0.821189
v 1.596332 0.105647 0.821189
v 1.596869 -0.115930 0.823427
v 1.596869 0.105647 0.823427
v 1.596959 -0.115930 0.825726
v 1.596959 0.105647 0.825726
v 1.596598 -0.115930 0.827999
v 1.596598 0.105647 0.827999
v 1.595801 -0.115930 0.830158
v 1.595801 0.105647 0.830158
v 1.594599 -0.115930 0.832120
v 1.594599 0.105647 0.832120
v 1.593036 -0.115930 0.833810
v 1.593036 0.105647 0.833810
v 1.591174 -0.115930 0.835163
v 1.591174 0.105647 0.835163
v 1.589084 -0.115930 0.836126
v 1.589084 0.105647 0.836126
v 1.586847 -0.115930 0.836663
v 1.586847 0.105647 0.836663
v 1.584547 -0.115930 0.836753
v 1.584547 0.105647 0.836753
v 1.582274 -0.115930 0.836392
v 1.582274 0.105647 0.836392
v 1.580115 -0.115930 0.835596
v 1.580115 0.105647 0.835596
v 1.578153 -0.115930 0.834393
v 1.578153 0.105647 0.834393
v 1.576463 -0.115930 0.832831
v 1.576463 0.105647 0.832831
v 1.575111 -0.115930 0.830969
v 1.575111 0.105647 0.830969
v 1.574148 -0.115930 0.828879
v 1.574148 0.105647 0.828879
v 1.573611 -0.115930 0.826641
v 1.573611 0.105647 0.826641
v 1.573521 -0.115930 0.824341
v 1.573521 0.105647 0.824341
v 1.573881 -0.115930 0.822068
v 1.573881 0.105647 0.822068
v 1.574678 -0.115930 0.819909
v 1.574678 0.105647 0.819909
v 1.575881 -0.115930 0.817947
v 1.575881 0.105647 0.817947
v 1.577443 -0.115930 0.816257
v 1.577443 0.105647 0.816257
v 1.579305 -0.115930 0.814905
v 1.579305 0.105647 0.814905
vn -0.2334 -0.0000 -0.9724
vn -0.0391 -0.0000 -0.9992
vn 0.1564 -0.0000 -0.9877
vn 0.3463 -0.0000 -0.9381
vn 0.5227 -0.0000 -0.8525
vn 0.6788 -0.0000 -0.7343
vn 0.8092 -0.0000 -0.5876
vn 0.9083 -0.0000 -0.4184
vn 0.9724 -0.0000 -0.2333
vn 0.9992 -0.0000 -0.0391
vn 0.9876 -0.0000 0.1568
vn 0.9381 -0.0000 0.3463
vn 0.8527 -0.0000 0.5224
vn 0.7342 -0.0000 0.6790
vn 0.5878 -0.0000 0.8090
vn 0.4185 -0.0000 0.9082
vn 0.2334 -0.0000 0.9724
vn 0.0391 -0.0000 0.9992
vn -0.1568 -0.0000 0.9876
vn -0.3464 -0.0000 0.9381
vn -0.5227 -0.0000 0.8525
vn -0.6787 -0.0000 0.7344
vn -0.8089 -0.0000 0.5879
vn -0.9082 -0.0000 0.4185
vn -0.9724 -0.0000 0.2333
vn -0.9992 -0.0000 0.0391
vn -0.9877 -0.0000 -0.1564
vn -0.9381 -0.0000 -0.3463
vn -0.8525 -0.0000 -0.5227
vn -0.7344 -0.0000 -0.6787
vn -0.0000 1.0000 -0.0000
vn -0.5875 -0.0000 -0.8092
vn -0.4185 -0.0000 -0.9082
vn -0.0000 -1.0000 -0.0000
vt 1.000000 0.500000
vt 1.000000 1.000000
vt 0.968750 1.000000
vt 0.968750 0.500000
vt 0.937500 1.000000
vt 0.937500 0.500000
vt 0.906250 1.000000
vt 0.906250 0.500000
vt 0.875000 1.000000
vt 0.875000 0.500000
vt 0.843750 1.000000
vt 0.843750 0.500000
vt 0.812500 1.000000
vt 0.812500 0.500000
vt 0.781250 1.000000
vt 0.781250 0.500000
vt 0.750000 1.000000
vt 0.750000 0.500000
vt 0.718750 1.000000
vt 0.718750 0.500000
vt 0.687500 1.000000
vt 0.687500 0.500000
vt 0.656250 1.000000
vt 0.656250 0.500000
vt 0.625000 1.000000
vt 0.625000 0.500000
vt 0.593750 1.000000
vt 0.593750 0.500000
vt 0.562500 1.000000
vt 0.562500 0.500000
vt 0.531250 1.000000
vt 0.531250 0.500000
vt 0.500000 1.000000
vt 0.500000 0.500000
vt 0.468750 1.000000
vt 0.468750 0.500000
vt 0.437500 1.000000
vt 0.437500 0.500000
vt 0.406250 1.000000
vt 0.406250 0.500000
vt 0.375000 1.000000
vt 0.375000 0.500000
vt 0.343750 1.000000
vt 0.343750 0.500000
vt 0.312500 1.000000
vt 0.312500 0.500000
vt 0.281250 1.000000
vt 0.281250 0.500000
vt 0.250000 1.000000
vt 0.250000 0.500000
vt 0.218750 1.000000
vt 0.218750 0.500000
vt 0.187500 1.000000
vt 0.187500 0.500000
vt 0.156250 1.000000
vt 0.156250 0.500000
vt 0.125000 1.000000
vt 0.125000 0.500000
vt 0.093750 1.000000
vt 0.093750 0.500000
vt 0.062500 1.000000
vt 0.062500 0.500000
vt 0.296822 0.485388
vt 0.250000 0.490000
vt 0.203178 0.485388
vt 0.158156 0.471731
vt 0.116663 0.449553
vt 0.080294 0.419706
vt 0.050447 0.383337
vt 0.028269 0.341844
vt 0.014612 0.296822
vt 0.010000 0.250000
vt 0.014612 0.203178
vt 0.028269 0.158156
vt 0.050447 0.116663
vt 0.080294 0.080294
vt 0.116663 0.050447
vt 0.158156 0.028269
vt 0.203178 0.014612
vt 0.250000 0.010000
vt 0.296822 0.014612
vt 0.341844 0.028269
vt 0.383337 0.050447
vt 0.419706 0.080294
vt 0.449553 0.116663
vt 0.471731 0.158156
vt 0.485388 0.203178
vt 0.490000 0.250000
vt 0.485388 0.296822
vt 0.471731 0.341844
vt 0.449553 0.383337
vt 0.419706 0.419706
vt 0.383337 0.449553
vt 0.341844 0.471731
vt 0.031250 1.000000
vt 0.031250 0.500000
vt 0.000000 1.000000
vt 0.000000 0.500000
vt 0.750000 0.490000
vt 0.796822 0.485388
vt 0.841844 0.471731
vt 0.883337 0.449553
vt 0.919706 0.419706
vt 0.949553 0.383337
vt 0.971731 0.341844
vt 0.985388 0.296822
vt 0.990000 0.250000
vt 0.985388 0.203178
vt 0.971731 0.158156
vt 0.949553 0.116663
vt 0.919706 0.080294
vt 0.883337 0.050447
vt 0.841844 0.028269
vt 0.796822 0.014612
vt 0.750000 0.010000
vt 0.703178 0.014612
vt 0.658156 0.028269
vt 0.616663 0.050447
vt 0.580294 0.080294
vt 0.550447 0.116663
vt 0.528269 0.158156
vt 0.514612 0.203178
vt 0.510000 0.250000
vt 0.514612 0.296822
vt 0.528269 0.341844
vt 0.550447 0.383337
vt 0.580294 0.419706
vt 0.616663 0.449553
vt 0.658156 0.471731
vt 0.703178 0.485388
s 1
f 2849/991/1859 2850/992/1859 2852/993/1859 2851/994/1859
f 2851/994/1860 2852/993/1860 2854/995/1860 2853/996/1860
f 2853/996/1861 2854/995/1861 2856/997/1861 2855/998/1861
f 2855/998/1862 2856/997/1862 2858/999/1862 2857/1000/1862
f 2857/1000/1863 2858/999/1863 2860/1001/1863 2859/1002/1863
f 2859/1002/1864 2860/1001/1864 2862/1003/1864 2861/1004/1864
f 2861/1004/1865 2862/1003/1865 2864/1005/1865 2863/1006/1865
f 2863/1006/1866 2864/1005/1866 2866/1007/1866 2865/1008/1866
f 2865/1008/1867 2866/1007/1867 2868/1009/1867 2867/1010/1867
f 2867/1010/1868 2868/1009/1868 2870/1011/1868 2869/1012/1868
f 2869/1012/1869 2870/1011/1869 2872/1013/1869 2871/1014/1869
f 2871/1014/1870 2872/1013/1870 2874/1015/1870 2873/1016/1870
f 2873/1016/1871 2874/1015/1871 2876/1017/1871 2875/1018/1871
f 2875/1018/1872 2876/1017/1872 2878/1019/1872 2877/1020/1872
f 2877/1020/1873 2878/1019/1873 2880/1021/1873 2879/1022/1873
f 2879/1022/1874 2880/1021/1874 2882/1023/1874 2881/1024/1874
f 2881/1024/1875 2882/1023/1875 2884/1025/1875 2883/1026/1875
f 2883/1026/1876 2884/1025/1876 2886/1027/1876 2885/1028/1876
f 2885/1028/1877 2886/1027/1877 2888/1029/1877 2887/1030/1877
f 2887/1030/1878 2888/1029/1878 2890/1031/1878 2889/1032/1878
f 2889/1032/1879 2890/1031/1879 2892/1033/1879 2891/1034/1879
f 2891/1034/1880 2892/1033/1880 2894/1035/1880 2893/1036/1880
f 2893/1036/1881 2894/1035/1881 2896/1037/1881 2895/1038/1881
f 2895/1038/1882 2896/1037/1882 2898/1039/1882 2897/1040/1882
f 2897/1040/1883 2898/1039/1883 2900/1041/1883 2899/1042/1883
f 2899/1042/1884 2900/1041/1884 2902/1043/1884 2901/1044/1884
f 2901/1044/1885 2902/1043/1885 2904/1045/1885 2903/1046/1885
f 2903/1046/1886 2904/1045/1886 2906/1047/1886 2905/1048/1886
f 2905/1048/1887 2906/1047/1887 2908/1049/1887 2907/1050/1887
f 2907/1050/1888 2908/1049/1888 2910/1051/1888 2909/1052/1888
f 2852/1053/1889 2850/1054/1889 2912/1055/1889 2910/1056/1889 2908/1057/1889 2906/1058/1889 2904/1059/1889 2902/1060/1889 2900/1061/1889 2898/1062/1889 2896/1063/1889 2894/1064/1889 2892/1065/1889 2890/1066/1889 2888/1067/1889 2886/1068/1889 2884/1069/1889 2882/1070/1889 2880/1071/1889 2878/1072/1889 2876/1073/1889 2874/1074/1889 2872/1075/1889 2870/1076/1889 2868/1077/1889 2866/1078/1889 2864/1079/1889 2862/1080/1889 2860/1081/1889 2858/1082/1889 2856/1083/1889 2854/1084/1889
f 2909/1052/1890 2910/1051/1890 2912/1085/1890 2911/1086/1890
f 2911/1086/1891 2912/1085/1891 2850/1087/1891 2849/1088/1891
f 2849/1089/1892 2851/1090/1892 2853/1091/1892 2855/1092/1892 2857/1093/1892 2859/1094/1892 2861/1095/1892 2863/1096/1892 2865/1097/1892 2867/1098/1892 2869/1099/1892 2871/1100/1892 2873/1101/1892 2875/1102/1892 2877/1103/1892 2879/1104/1892 2881/1105/1892 2883/1106/1892 2885/1107/1892 2887/1108/1892 2889/1109/1892 2891/1110/1892 2893/1111/1892 2895/1112/1892 2897/1113/1892 2899/1114/1892 2901/1115/1892 2903/1116/1892 2905/1117/1892 2907/1118/1892 2909/1119/1892 2911/1120/1892
o Cylinder.008
v 1.243052 -0.115930 -0.104377
v 1.243052 0.105647 -0.104377
v 1.245290 -0.115930 -0.104914
v 1.245290 0.105647 -0.104914
v 1.247589 -0.115930 -0.105004
v 1.247589 0.105647 -0.105004
v 1.249862 -0.115930 -0.104644
v 1.249862 0.105647 -0.104644
v 1.252021 -0.115930 -0.103847
v 1.252021 0.105647 -0.103847
v 1.253983 -0.115930 -0.102644
v 1.253983 0.105647 -0.102644
v 1.255673 -0.115930 -0.101082
v 1.255673 0.105647 -0.101082
v 1.257025 -0.115930 -0.099220
v 1.257025 0.105647 -0.099220
v 1.257988 -0.115930 -0.097130
v 1.257988 0.105647 -0.097130
v 1.258525 -0.115930 -0.094892
v 1.258525 0.105647 -0.094892
v 1.258615 -0.115930 -0.092593
v 1.258615 0.105647 -0.092593
v 1.258255 -0.115930 -0.090320
v 1.258255 0.105647 -0.090320
v 1.257458 -0.115930 -0.088161
v 1.257458 0.105647 -0.088161
v 1.256256 -0.115930 -0.086199
v 1.256256 0.105647 -0.086199
v 1.254693 -0.115930 -0.084509
v 1.254693 0.105647 -0.084509
v 1.252831 -0.115930 -0.083156
v 1.252831 0.105647 -0.083156
v 1.250741 -0.115930 -0.082193
v 1.250741 0.105647 -0.082193
v 1.248503 -0.115930 -0.081656
v 1.248503 0.105647 -0.081656
v 1.246204 -0.115930 -0.081566
v 1.246204 0.105647 -0.081566
v 1.243931 -0.115930 -0.081926
v 1.243931 0.105647 -0.081926
v 1.241772 -0.115930 -0.082723
v 1.241772 0.105647 -0.082723
v 1.239810 -0.115930 -0.083926
v 1.239810 0.105647 -0.083926
v 1.238120 -0.115930 -0.085488
v 1.238120 0.105647 -0.085488
v 1.236768 -0.115930 -0.087350
v 1.236768 0.105647 -0.087350
v 1.235805 -0.115930 -0.089440
v 1.235805 0.105647 -0.089440
v 1.235268 -0.115930 -0.091678
v 1.235268 0.105647 -0.091678
v 1.235178 -0.115930 -0.093978
v 1.235178 0.105647 -0.093978
v 1.235538 -0.115930 -0.096251
v 1.235538 0.105647 -0.096251
v 1.236335 -0.115930 -0.098410
v 1.236335 0.105647 -0.098410
v 1.237537 -0.115930 -0.100372
v 1.237537 0.105647 -0.100372
v 1.239100 -0.115930 -0.102062
v 1.239100 0.105647 -0.102062
v 1.240962 -0.115930 -0.103414
v 1.240962 0.105647 -0.103414
vn -0.2333 -0.0000 -0.9724
vn -0.0391 -0.0000 -0.9992
vn 0.1568 -0.0000 -0.9876
vn 0.3463 -0.0000 -0.9381
vn 0.5227 -0.0000 -0.8525
vn 0.6787 -0.0000 -0.7344
vn 0.8092 -0.0000 -0.5875
vn 0.9082 -0.0000 -0.4185
vn 0.9724 -0.0000 -0.2333
vn 0.9992 -0.0000 -0.0391
vn 0.9877 -0.0000 0.1564
vn 0.9383 -0.0000 0.3459
vn 0.8527 -0.0000 0.5224
vn 0.7342 -0.0000 0.6790
vn 0.5878 -0.0000 0.8090
vn 0.4185 -0.0000 0.9082
vn 0.2333 -0.0000 0.9724
vn 0.0391 -0.0000 0.9992
vn -0.1568 -0.0000 0.9876
vn -0.3463 -0.0000 0.9381
vn -0.5227 -0.0000 0.8525
vn -0.6787 -0.0000 0.7344
vn -0.8092 -0.0000 0.5875
vn -0.9082 -0.0000 0.4185
vn -0.9724 -0.0000 0.2333
vn -0.9992 -0.0000 0.0391
vn -0.9877 -0.0000 -0.1564
vn -0.9383 -0.0000 -0.3459
vn -0.8527 -0.0000 -0.5224
vn -0.7342 -0.0000 -0.6790
vn -0.0000 1.0000 -0.0000
vn -0.5878 -0.0000 -0.8090
vn -0.4185 -0.0000 -0.9082
vn -0.0000 -1.0000 -0.0000
vt 1.000000 0.500000
vt 1.000000 1.000000
vt 0.968750 1.000000
vt 0.968750 0.500000
vt 0.937500 1.000000
vt 0.937500 0.500000
vt 0.906250 1.000000
vt 0.906250 0.500000
vt 0.875000 1.000000
vt 0.875000 0.500000
vt 0.843750 1.000000
vt 0.843750 0.500000
vt 0.812500 1.000000
vt 0.812500 0.500000
vt 0.781250 1.000000
vt 0.781250 0.500000
vt 0.750000 1.000000
vt 0.750000 0.500000
vt 0.718750 1.000000
vt 0.718750 0.500000
vt 0.687500 1.000000
vt 0.687500 0.500000
vt 0.656250 1.000000
vt 0.656250 0.500000
vt 0.625000 1.000000
vt 0.625000 0.500000
vt 0.593750 1.000000
vt 0.593750 0.500000
vt 0.562500 1.000000
vt 0.562500 0.500000
vt 0.531250 1.000000
vt 0.531250 0.500000
vt 0.500000 1.000000
vt 0.500000 0.500000
vt 0.468750 1.000000
vt 0.468750 0.500000
vt 0.437500 1.000000
vt 0.437500 0.500000
vt 0.406250 1.000000
vt 0.406250 0.500000
vt 0.375000 1.000000
vt 0.375000 0.500000
vt 0.343750 1.000000
vt 0.343750 0.500000
vt 0.312500 1.000000
vt 0.312500 0.500000
vt 0.281250 1.000000
vt 0.281250 0.500000
vt 0.250000 1.000000
vt 0.250000 0.500000
vt 0.218750 1.000000
vt 0.218750 0.500000
vt 0.187500 1.000000
vt 0.187500 0.500000
vt 0.156250 1.000000
vt 0.156250 0.500000
vt 0.125000 1.000000
vt 0.125000 0.500000
vt 0.093750 1.000000
vt 0.093750 0.500000
vt 0.062500 1.000000
vt 0.062500 0.500000
vt 0.296822 0.485388
vt 0.250000 0.490000
vt 0.203178 0.485388
vt 0.158156 0.471731
vt 0.116663 0.449553
vt 0.080294 0.419706
vt 0.050447 0.383337
vt 0.028269 0.341844
vt 0.014612 0.296822
vt 0.010000 0.250000
vt 0.014612 0.203178
vt 0.028269 0.158156
vt 0.050447 0.116663
vt 0.080294 0.080294
vt 0.116663 0.050447
vt 0.158156 0.028269
vt 0.203178 0.014612
vt 0.250000 0.010000
vt 0.296822 0.014612
vt 0.341844 0.028269
vt 0.383337 0.050447
vt 0.419706 0.080294
vt 0.449553 0.116663
vt 0.471731 0.158156
vt 0.485388 0.203178
vt 0.490000 0.250000
vt 0.485388 0.296822
vt 0.471731 0.341844
vt 0.449553 0.383337
vt 0.419706 0.419706
vt 0.383337 0.449553
vt 0.341844 0.471731
vt 0.031250 1.000000
vt 0.031250 0.500000
vt 0.000000 1.000000
vt 0.000000 0.500000
vt 0.750000 0.490000
vt 0.796822 0.485388
vt 0.841844 0.471731
vt 0.883337 0.449553
vt 0.919706 0.419706
vt 0.949553 0.383337
vt 0.971731 0.341844
vt 0.985388 0.296822
vt 0.990000 0.250000
vt 0.985388 0.203178
vt 0.971731 0.158156
vt 0.949553 0.116663
vt 0.919706 0.080294
vt 0.883337 0.050447
vt 0.841844 0.028269
vt 0.796822 0.014612
vt 0.750000 0.010000
vt 0.703178 0.014612
vt 0.658156 0.028269
vt 0.616663 0.050447
vt 0.580294 0.080294
vt 0.550447 0.116663
vt 0.528269 0.158156
vt 0.514612 0.203178
vt 0.510000 0.250000
vt 0.514612 0.296822
vt 0.528269 0.341844
vt 0.550447 0.383337
vt 0.580294 0.419706
vt 0.616663 0.449553
vt 0.658156 0.471731
vt 0.703178 0.485388
s 1
f 2913/1121/1893 2914/1122/1893 2916/1123/1893 2915/1124/1893
f 2915/1124/1894 2916/1123/1894 2918/1125/1894 2917/1126/1894
f 2917/1126/1895 2918/1125/1895 2920/1127/1895 2919/1128/1895
f 2919/1128/1896 2920/1127/1896 2922/1129/1896 2921/1130/1896
f 2921/1130/1897 2922/1129/1897 2924/1131/1897 2923/1132/1897
f 2923/1132/1898 2924/1131/1898 2926/1133/1898 2925/1134/1898
f 2925/1134/1899 2926/1133/1899 2928/1135/1899 2927/1136/1899
f 2927/1136/1900 2928/1135/1900 2930/1137/1900 2929/1138/1900
f 2929/1138/1901 2930/1137/1901 2932/1139/1901 2931/1140/1901
f 2931/1140/1902 2932/1139/1902 2934/1141/1902 2933/1142/1902
f 2933/1142/1903 2934/1141/1903 2936/1143/1903 2935/1144/1903
f 2935/1144/1904 2936/1143/1904 2938/1145/1904 2937/1146/1904
f 2937/1146/1905 2938/1145/1905 2940/1147/1905 2939/1148/1905
f 2939/1148/1906 2940/1147/1906 2942/1149/1906 2941/1150/1906
f 2941/1150/1907 2942/1149/1907 2944/1151/1907 2943/1152/1907
f 2943/1152/1908 2944/1151/1908 2946/1153/1908 2945/1154/1908
f 2945/1154/1909 2946/1153/1909 2948/1155/1909 2947/1156/1909
f 2947/1156/1910 2948/1155/1910 2950/1157/1910 2949/1158/1910
f 2949/1158/1911 2950/1157/1911 2952/1159/1911 2951/1160/1911
f 2951/1160/1912 2952/1159/1912 2954/1161/1912 2953/1162/1912
f 2953/1162/1913 2954/1161/1913 2956/1163/1913 2955/1164/1913
f 2955/1164/1914 2956/1163/1914 2958/1165/1914 2957/1166/1914
f 2957/1166/1915 2958/1165/1915 2960/1167/1915 2959/1168/1915
f 2959/1168/1916 2960/1167/1916 2962/1169/1916 2961/1170/1916
f 2961/1170/1917 2962/1169/1917 2964/1171/1917 2963/1172/1917
f 2963/1172/1918 2964/1171/1918 2966/1173/1918 2965/1174/1918
f 2965/1174/1919 2966/1173/1919 2968/1175/1919 2967/1176/1919
f 2967/1176/1920 2968/1175/1920 2970/1177/1920 2969/1178/1920
f 2969/1178/1921 2970/1177/1921 2972/1179/1921 2971/1180/1921
f 2971/1180/1922 2972/1179/1922 2974/1181/1922 2973/1182/1922
f 2916/1183/1923 2914/1184/1923 2976/1185/1923 2974/1186/1923 2972/1187/1923 2970/1188/1923 2968/1189/1923 2966/1190/1923 2964/1191/1923 2962/1192/1923 2960/1193/1923 2958/1194/1923 2956/1195/1923 2954/1196/1923 2952/1197/1923 2950/1198/1923 2948/1199/1923 2946/1200/1923 2944/1201/1923 2942/1202/1923 2940/1203/1923 2938/1204/1923 2936/1205/1923 2934/1206/1923 2932/1207/1923 2930/1208/1923 2928/1209/1923 2926/1210/1923 2924/1211/1923 2922/1212/1923 2920/1213/1923 2918/1214/1923
f 2973/1182/1924 2974/1181/1924 2976/1215/1924 2975/1216/1924
f 2975/1216/1925 2976/1215/1925 2914/1217/1925 2913/1218/1925
f 2913/1219/1926 2915/1220/1926 2917/1221/1926 2919/1222/1926 2921/1223/1926 2923/1224/1926 2925/1225/1926 2927/1226/1926 2929/1227/1926 2931/1228/1926 2933/1229/1926 2935/1230/1926 2937/1231/1926 2939/1232/1926 2941/1233/1926 2943/1234/1926 2945/1235/1926 2947/1236/1926 2949/1237/1926 2951/1238/1926 2953/1239/1926 2955/1240/1926 2957/1241/1926 2959/1242/1926 2961/1243/1926 2963/1244/1926 2965/1245/1926 2967/1246/1926 2969/1247/1926 2971/1248/1926 2973/1249/1926 2975/1250/1926
o Cylinder.009
v 1.636100 -0.115930 -0.108628
v 1.636100 0.105647 -0.108628
v 1.638338 -0.115930 -0.109165
v 1.638338 0.105647 -0.109165
v 1.640637 -0.115930 -0.109255
v 1.640637 0.105647 -0.109255
v 1.642910 -0.115930 -0.108895
v 1.642910 0.105647 -0.108895
v 1.645069 -0.115930 -0.108098
v 1.645069 0.105647 -0.108098
v 1.647031 -0.115930 -0.106895
v 1.647031 0.105647 -0.106895
v 1.648721 -0.115930 -0.105333
v 1.648721 0.105647 -0.105333
v 1.650073 -0.115930 -0.103471
v 1.650073 0.105647 -0.103471
v 1.651037 -0.115930 -0.101381
v 1.651037 0.105647 -0.101381
v 1.651574 -0.115930 -0.099143
v 1.651574 0.105647 -0.099143
v 1.651664 -0.115930 -0.096844
v 1.651664 0.105647 -0.096844
v 1.651303 -0.115930 -0.094571
v 1.651303 0.105647 -0.094571
v 1.650506 -0.115930 -0.092412
v 1.650506 0.105647 -0.092412
v 1.649304 -0.115930 -0.090450
v 1.649304 0.105647 -0.090450
v 1.647741 -0.115930 -0.088760
v 1.647741 0.105647 -0.088760
v 1.645880 -0.115930 -0.087407
v 1.645880 0.105647 -0.087407
v 1.643789 -0.115930 -0.086444
v 1.643789 0.105647 -0.086444
v 1.641552 -0.115930 -0.085907
v 1.641552 0.105647 -0.085907
v 1.639252 -0.115930 -0.085817
v 1.639252 0.105647 -0.085817
v 1.636979 -0.115930 -0.086178
v 1.636979 0.105647 -0.086178
v 1.634820 -0.115930 -0.086974
v 1.634820 0.105647 -0.086974
v 1.632858 -0.115930 -0.088177
v 1.632858 0.105647 -0.088177
v 1.631168 -0.115930 -0.089739
v 1.631168 0.105647 -0.089739
v 1.629816 -0.115930 -0.091601
v 1.629816 0.105647 -0.091601
v 1.628853 -0.115930 -0.093691
v 1.628853 0.105647 -0.093691
v 1.628316 -0.115930 -0.095929
v 1.628316 0.105647 -0.095929
v 1.628226 -0.115930 -0.098229
v 1.628226 0.105647 -0.098229
v 1.628586 -0.115930 -0.100502
v 1.628586 0.105647 -0.100502
v 1.629383 -0.115930 -0.102661
v 1.629383 0.105647 -0.102661
v 1.630586 -0.115930 -0.104623
v 1.630586 0.105647 -0.104623
v 1.632148 -0.115930 -0.106313
v 1.632148 0.105647 -0.106313
v 1.634010 -0.115930 -0.107665
v 1.634010 0.105647 -0.107665
vn -0.2333 -0.0000 -0.9724
vn -0.0391 -0.0000 -0.9992
vn 0.1568 -0.0000 -0.9876
vn 0.3463 -0.0000 -0.9381
vn 0.5227 -0.0000 -0.8525
vn 0.6787 -0.0000 -0.7344
vn 0.8092 -0.0000 -0.5876
vn 0.9081 -0.0000 -0.4188
vn 0.9724 -0.0000 -0.2333
vn 0.9992 -0.0000 -0.0391
vn 0.9876 -0.0000 0.1568
vn 0.9383 -0.0000 0.3459
vn 0.8525 -0.0000 0.5227
vn 0.7341 -0.0000 0.6790
vn 0.5876 -0.0000 0.8092
vn 0.4188 -0.0000 0.9081
vn 0.2334 -0.0000 0.9724
vn 0.0391 -0.0000 0.9992
vn -0.1565 -0.0000 0.9877
vn -0.3462 -0.0000 0.9381
vn -0.5227 -0.0000 0.8525
vn -0.6787 -0.0000 0.7344
vn -0.8092 -0.0000 0.5875
vn -0.9082 -0.0000 0.4185
vn -0.9724 -0.0000 0.2333
vn -0.9992 -0.0000 0.0391
vn -0.9877 -0.0000 -0.1564
vn -0.9381 -0.0000 -0.3463
vn -0.8525 -0.0000 -0.5227
vn -0.7344 -0.0000 -0.6787
vn -0.0000 1.0000 -0.0000
vn -0.5876 -0.0000 -0.8092
vn -0.4185 -0.0000 -0.9082
vn -0.0000 -1.0000 -0.0000
vt 1.000000 0.500000
vt 1.000000 1.000000
vt 0.968750 1.000000
vt 0.968750 0.500000
vt 0.937500 1.000000
vt 0.937500 0.500000
vt 0.906250 1.000000
vt 0.906250 0.500000
vt 0.875000 1.000000
vt 0.875000 0.500000
vt 0.843750 1.000000
vt 0.843750 0.500000
vt 0.812500 1.000000
vt 0.812500 0.500000
vt 0.781250 1.000000
vt 0.781250 0.500000
vt 0.750000 1.000000
vt 0.750000 0.500000
vt 0.718750 1.000000
vt 0.718750 0.500000
vt 0.687500 1.000000
vt 0.687500 0.500000
vt 0.656250 1.000000
vt 0.656250 0.500000
vt 0.625000 1.000000
vt 0.625000 0.500000
vt 0.593750 1.000000
vt 0.593750 0.500000
vt 0.562500 1.000000
vt 0.562500 0.500000
vt 0.531250 1.000000
vt 0.531250 0.500000
vt 0.500000 1.000000
vt 0.500000 0.500000
vt 0.468750 1.000000
vt 0.468750 0.500000
vt 0.437500 1.000000
vt 0.437500 0.500000
vt 0.406250 1.000000
vt 0.406250 0.500000
vt 0.375000 1.000000
vt 0.375000 0.500000
vt 0.343750 1.000000
vt 0.343750 0.500000
vt 0.312500 1.000000
vt 0.312500 0.500000
vt 0.281250 1.000000
vt 0.281250 0.500000
vt 0.250000 1.000000
vt 0.250000 0.500000
vt 0.218750 1.000000
vt 0.218750 0.500000
vt 0.187500 1.000000
vt 0.187500 0.500000
vt 0.156250 1.000000
vt 0.156250 0.500000
vt 0.125000 1.000000
vt 0.125000 0.500000
vt 0.093750 1.000000
vt 0.093750 0.500000
vt 0.062500 1.000000
vt 0.062500 0.500000
vt 0.296822 0.485388
vt 0.250000 0.490000
vt 0.203178 0.485388
vt 0.158156 0.471731
vt 0.116663 0.449553
vt 0.080294 0.419706
vt 0.050447 0.383337
vt 0.028269 0.341844
vt 0.014612 0.296822
vt 0.010000 0.250000
vt 0.014612 0.203178
vt 0.028269 0.158156
vt 0.050447 0.116663
vt 0.080294 0.080294
vt 0.116663 0.050447
vt 0.158156 0.028269
vt 0.203178 0.014612
vt 0.250000 0.010000
vt 0.296822 0.014612
vt 0.341844 0.028269
vt 0.383337 0.050447
vt 0.419706 0.080294
vt 0.449553 0.116663
vt 0.471731 0.158156
vt 0.485388 0.203178
vt 0.490000 0.250000
vt 0.485388 0.296822
vt 0.471731 0.341844
vt 0.449553 0.383337
vt 0.419706 0.419706
vt 0.383337 0.449553
vt 0.341844 0.471731
vt 0.031250 1.000000
vt 0.031250 0.500000
vt 0.000000 1.000000
vt 0.000000 0.500000
vt 0.750000 0.490000
vt 0.796822 0.485388
vt 0.841844 0.471731
vt 0.883337 0.449553
vt 0.919706 0.419706
vt 0.949553 0.383337
vt 0.971731 0.341844
vt 0.985388 0.296822
vt 0.990000 0.250000
vt 0.985388 0.203178
vt 0.971731 0.158156
vt 0.949553 0.116663
vt 0.919706 0.080294
vt 0.883337 0.050447
vt 0.841844 0.028269
vt 0.796822 0.014612
vt 0.750000 0.010000
vt 0.703178 0.014612
vt 0.658156 0.028269
vt 0.616663 0.050447
vt 0.580294 0.080294
vt 0.550447 0.116663
vt 0.528269 0.158156
vt 0.514612 0.203178
vt 0.510000 0.250000
vt 0.514612 0.296822
vt 0.528269 0.341844
vt 0.550447 0.383337
vt 0.580294 0.419706
vt 0.616663 0.449553
vt 0.658156 0.471731
vt 0.703178 0.485388
s 1
f 2977/1251/1927 2978/1252/1927 2980/1253/1927 2979/1254/1927
f 2979/1254/1928 2980/1253/1928 2982/1255/1928 2981/1256/1928
f 2981/1256/1929 2982/1255/1929 2984/1257/1929 2983/1258/1929
f 2983/1258/1930 2984/1257/1930 2986/1259/1930 2985/1260/1930
f 2985/1260/1931 2986/1259/1931 2988/1261/1931 2987/1262/1931
f 2987/1262/1932 2988/1261/1932 2990/1263/1932 2989/1264/1932
f 2989/1264/1933 2990/1263/1933 2992/1265/1933 2991/1266/1933
f 2991/1266/1934 2992/1265/1934 2994/1267/1934 2993/1268/1934
f 2993/1268/1935 2994/1267/1935 2996/1269/1935 2995/1270/1935
f 2995/1270/1936 2996/1269/1936 2998/1271/1936 2997/1272/1936
f 2997/1272/1937 2998/1271/1937 3000/1273/1937 2999/1274/1937
f 2999/1274/1938 3000/1273/1938 3002/1275/1938 3001/1276/1938
f 3001/1276/1939 3002/1275/1939 3004/1277/1939 3003/1278/1939
f 3003/1278/1940 3004/1277/1940 3006/1279/1940 3005/1280/1940
f 3005/1280/1941 3006/1279/1941 3008/1281/1941 3007/1282/1941
f 3007/1282/1942 3008/1281/1942 3010/1283/1942 3009/1284/1942
f 3009/1284/1943 3010/1283/1943 3012/1285/1943 3011/1286/1943
f 3011/1286/1944 3012/1285/1944 3014/1287/1944 3013/1288/1944
f 3013/1288/1945 3014/1287/1945 3016/1289/1945 3015/1290/1945
f 3015/1290/1946 3016/1289/1946 3018/1291/1946 3017/1292/1946
f 3017/1292/1947 3018/1291/1947 3020/1293/1947 3019/1294/1947
f 3019/1294/1948 3020/1293/1948 3022/1295/1948 3021/1296/1948
f 3021/1296/1949 3022/1295/1949 3024/1297/1949 3023/1298/1949
f 3023/1298/1950 3024/1297/1950 3026/1299/1950 3025/1300/1950
f 3025/1300/1951 3026/1299/1951 3028/1301/1951 3027/1302/1951
f 3027/1302/1952 3028/1301/1952 3030/1303/1952 3029/1304/1952
f 3029/1304/1953 3030/1303/1953 3032/1305/1953 3031/1306/1953
f 3031/1306/1954 3032/1305/1954 3034/1307/1954 3033/1308/1954
f 3033/1308/1955 3034/1307/1955 3036/1309/1955 3035/1310/1955
f 3035/1310/1956 3036/1309/1956 3038/1311/1956 3037/1312/1956
f 2980/1313/1957 2978/1314/1957 3040/1315/1957 3038/1316/1957 3036/1317/1957 3034/1318/1957 3032/1319/1957 3030/1320/1957 3028/1321/1957 3026/1322/1957 3024/1323/1957 3022/1324/1957 3020/1325/1957 3018/1326/1957 3016/1327/1957 3014/1328/1957 3012/1329/1957 3010/1330/1957 3008/1331/1957 3006/1332/1957 3004/1333/1957 3002/1334/1957 3000/1335/1957 2998/1336/1957 2996/1337/1957 2994/1338/1957 2992/1339/1957 2990/1340/1957 2988/1341/1957 2986/1342/1957 2984/1343/1957 2982/1344/1957
f 3037/1312/1958 3038/1311/1958 3040/1345/1958 3039/1346/1958
f 3039/1346/1959 3040/1345/1959 2978/1347/1959 2977/1348/1959
f 2977/1349/1960 2979/1350/1960 2981/1351/1960 2983/1352/1960 2985/1353/1960 2987/1354/1960 2989/1355/1960 2991/1356/1960 2993/1357/1960 2995/1358/1960 2997/1359/1960 2999/1360/1960 3001/1361/1960 3003/1362/1960 3005/1363/1960 3007/1364/1960 3009/1365/1960 3011/1366/1960 3013/1367/1960 3015/1368/1960 3017/1369/1960 3019/1370/1960 3021/1371/1960 3023/1372/1960 3025/1373/1960 3027/1374/1960 3029/1375/1960 3031/1376/1960 3033/1377/1960 3035/1378/1960 3037/1379/1960 3039/1380/1960
o Cylinder.010
v 1.666232 -0.115930 -0.021698
v 1.666232 0.105647 -0.021698
v 1.668470 -0.115930 -0.022235
v 1.668470 0.105647 -0.022235
v 1.670769 -0.115930 -0.022325
v 1.670769 0.105647 -0.022325
v 1.673042 -0.115930 -0.021965
v 1.673042 0.105647 -0.021965
v 1.675201 -0.115930 -0.021168
v 1.675201 0.105647 -0.021168
v 1.677163 -0.115930 -0.019965
v 1.677163 0.105647 -0.019965
v 1.678853 -0.115930 -0.018403
v 1.678853 0.105647 -0.018403
v 1.680205 -0.115930 -0.016541
v 1.680205 0.105647 -0.016541
v 1.681169 -0.115930 -0.014451
v 1.681169 0.105647 -0.014451
v 1.681706 -0.115930 -0.012213
v 1.681706 0.105647 -0.012213
v 1.681796 -0.115930 -0.009913
v 1.681796 0.105647 -0.009913
v 1.681435 -0.115930 -0.007640
v 1.681435 0.105647 -0.007640
v 1.680639 -0.115930 -0.005482
v 1.680639 0.105647 -0.005482
v 1.679436 -0.115930 -0.003519
v 1.679436 0.105647 -0.003519
v 1.677873 -0.115930 -0.001830
v 1.677873 0.105647 -0.001830
v 1.676012 -0.115930 -0.000477
v 1.676012 0.105647 -0.000477
v 1.673921 -0.115930 0.000486
v 1.673921 0.105647 0.000486
v 1.671684 -0.115930 0.001023
v 1.671684 0.105647 0.001023
v 1.669384 -0.115930 0.001113
v 1.669384 0.105647 0.001113
v 1.667111 -0.115930 0.000753
v 1.667111 0.105647 0.000753
v 1.664952 -0.115930 -0.000044
v 1.664952 0.105647 -0.000044
v 1.662990 -0.115930 -0.001247
v 1.662990 0.105647 -0.001247
v 1.661300 -0.115930 -0.002809
v 1.661300 0.105647 -0.002809
v 1.659948 -0.115930 -0.004671
v 1.659948 0.105647 -0.004671
v 1.658985 -0.115930 -0.006761
v 1.658985 0.105647 -0.006761
v 1.658448 -0.115930 -0.008999
v 1.658448 0.105647 -0.008999
v 1.658358 -0.115930 -0.011299
v 1.658358 0.105647 -0.011299
v 1.658718 -0.115930 -0.013572
v 1.658718 0.105647 -0.013572
v 1.659515 -0.115930 -0.015731
v 1.659515 0.105647 -0.015731
v 1.660718 -0.115930 -0.017693
v 1.660718 0.105647 -0.017693
v 1.662280 -0.115930 -0.019382
v 1.662280 0.105647 -0.019382
v 1.664142 -0.115930 -0.020735
v 1.664142 0.105647 -0.020735
vn -0.2333 -0.0000 -0.9724
vn -0.0391 -0.0000 -0.9992
vn 0.1568 -0.0000 -0.9876
vn 0.3463 -0.0000 -0.9381
vn 0.5224 -0.0000 -0.8527
vn 0.6787 -0.0000 -0.7344
vn 0.8092 -0.0000 -0.5875
vn 0.9081 -0.0000 -0.4189
vn 0.9724 -0.0000 -0.2333
vn 0.9992 -0.0000 -0.0391
vn 0.9876 -0.0000 0.1568
vn 0.9382 -0.0000 0.3461
vn 0.8526 -0.0000 0.5225
vn 0.7340 -0.0000 0.6792
vn 0.5878 -0.0000 0.8090
vn 0.4183 -0.0000 0.9083
vn 0.2334 -0.0000 0.9724
vn 0.0391 -0.0000 0.9992
vn -0.1568 -0.0000 0.9876
vn -0.3463 -0.0000 0.9381
vn -0.5224 -0.0000 0.8527
vn -0.6787 -0.0000 0.7344
vn -0.8092 -0.0000 0.5875
vn -0.9082 -0.0000 0.4185
vn -0.9724 -0.0000 0.2333
vn -0.9992 -0.0000 0.0391
vn -0.9876 -0.0000 -0.1569
vn -0.9382 -0.0000 -0.3460
vn -0.8525 -0.0000 -0.5227
vn -0.7342 -0.0000 -0.6790
vn -0.0000 1.0000 -0.0000
vn -0.5878 -0.0000 -0.8090
vn -0.4185 -0.0000 -0.9082
vn -0.0000 -1.0000 -0.0000
vt 1.000000 0.500000
vt 1.000000 1.000000
vt 0.968750 1.000000
vt 0.968750 0.500000
vt 0.937500 1.000000
vt 0.937500 0.500000
vt 0.906250 1.000000
vt 0.906250 0.500000
vt 0.875000 1.000000
vt 0.875000 0.500000
vt 0.843750 1.000000
vt 0.843750 0.500000
vt 0.812500 1.000000
vt 0.812500 0.500000
vt 0.781250 1.000000
vt 0.781250 0.500000
vt 0.750000 1.000000
vt 0.750000 0.500000
vt 0.718750 1.000000
vt 0.718750 0.500000
vt 0.687500 1.000000
vt 0.687500 0.500000
vt 0.656250 1.000000
vt 0.656250 0.500000
vt 0.625000 1.000000
vt 0.625000 0.500000
vt 0.593750 1.000000
vt 0.593750 0.500000
vt 0.562500 1.000000
vt 0.562500 0.500000
vt 0.531250 1.000000
vt 0.531250 0.500000
vt 0.500000 1.000000
vt 0.500000 0.500000
vt 0.468750 1.000000
vt 0.468750 0.500000
vt 0.437500 1.000000
vt 0.437500 0.500000
vt 0.406250 1.000000
vt 0.406250 0.500000
vt 0.375000 1.000000
vt 0.375000 0.500000
vt 0.343750 1.000000
vt 0.343750 0.500000
vt 0.312500 1.000000
vt 0.312500 0.500000
vt 0.281250 1.000000
vt 0.281250 0.500000
vt 0.250000 1.000000
vt 0.250000 0.500000
vt 0.218750 1.000000
vt 0.218750 0.500000
vt 0.187500 1.000000
vt 0.187500 0.500000
vt 0.156250 1.000000
vt 0.156250 0.500000
vt 0.125000 1.000000
vt 0.125000 0.500000
vt 0.093750 1.000000
vt 0.093750 0.500000
vt 0.062500 1.000000
vt 0.062500 0.500000
vt 0.296822 0.485388
vt 0.250000 0.490000
vt 0.203178 0.485388
vt 0.158156 0.471731
vt 0.116663 0.449553
vt 0.080294 0.419706
vt 0.050447 0.383337
vt 0.028269 0.341844
vt 0.014612 0.296822
vt 0.010000 0.250000
vt 0.014612 0.203178
vt 0.028269 0.158156
vt 0.050447 0.116663
vt 0.080294 0.080294
vt 0.116663 0.050447
vt 0.158156 0.028269
vt 0.203178 0.014612
vt 0.250000 0.010000
vt 0.296822 0.014612
vt 0.341844 0.028269
vt 0.383337 0.050447
vt 0.419706 0.080294
vt 0.449553 0.116663
vt 0.471731 0.158156
vt 0.485388 0.203178
vt 0.490000 0.250000
vt 0.485388 0.296822
vt 0.471731 0.341844
vt 0.449553 0.383337
vt 0.419706 0.419706
vt 0.383337 0.449553
vt 0.341844 0.471731
vt 0.031250 1.000000
vt 0.031250 0.500000
vt 0.000000 1.000000
vt 0.000000 0.500000
vt 0.750000 0.490000
vt 0.796822 0.485388
vt 0.841844 0.471731
vt 0.883337 0.449553
vt 0.919706 0.419706
vt 0.949553 0.383337
vt 0.971731 0.341844
vt 0.985388 0.296822
vt 0.990000 0.250000
vt 0.985388 0.203178
vt 0.971731 0.158156
vt 0.949553 0.116663
vt 0.919706 0.080294
vt 0.883337 0.050447
vt 0.841844 0.028269
vt 0.796822 0.014612
vt 0.750000 0.010000
vt 0.703178 0.014612
vt 0.658156 0.028269
vt 0.616663 0.050447
vt 0.580294 0.080294
vt 0.550447 0.116663
vt 0.528269 0.158156
vt 0.514612 0.203178
vt 0.510000 0.250000
vt 0.514612 0.296822
vt 0.528269 0.341844
vt 0.550447 0.383337
vt 0.580294 0.419706
vt 0.616663 0.449553
vt 0.658156 0.471731
vt 0.703178 0.485388
s 1
f 3041/1381/1961 3042/1382/1961 3044/1383/1961 3043/1384/1961
f 3043/1384/1962 3044/1383/1962 3046/1385/1962 3045/1386/1962
f 3045/1386/1963 3046/1385/1963 3048/1387/1963 3047/1388/1963
f 3047/1388/1964 3048/1387/1964 3050/1389/1964 3049/1390/1964
f 3049/1390/1965 3050/1389/1965 3052/1391/1965 3051/1392/1965
f 3051/1392/1966 3052/1391/1966 3054/1393/1966 3053/1394/1966
f 3053/1394/1967 3054/1393/1967 3056/1395/1967 3055/1396/1967
f 3055/1396/1968 3056/1395/1968 3058/1397/1968 3057/1398/1968
f 3057/1398/1969 3058/1397/1969 3060/1399/1969 3059/1400/1969
f 3059/1400/1970 3060/1399/1970 3062/1401/1970 3061/1402/1970
f 3061/1402/1971 3062/1401/1971 3064/1403/1971 3063/1404/1971
f 3063/1404/1972 3064/1403/1972 3066/1405/1972 3065/1406/1972
f 3065/1406/1973 3066/1405/1973 3068/1407/1973 3067/1408/1973
f 3067/1408/1974 3068/1407/1974 3070/1409/1974 3069/1410/1974
f 3069/1410/1975 3070/1409/1975 3072/1411/1975 3071/1412/1975
f 3071/1412/1976 3072/1411/1976 3074/1413/1976 3073/1414/1976
f 3073/1414/1977 3074/1413/1977 3076/1415/1977 3075/1416/1977
f 3075/1416/1978 3076/1415/1978 3078/1417/1978 3077/1418/1978
f 3077/1418/1979 3078/1417/1979 3080/1419/1979 3079/1420/1979
f 3079/1420/1980 3080/1419/1980 3082/1421/1980 3081/1422/1980
f 3081/1422/1981 3082/1421/1981 3084/1423/1981 3083/1424/1981
f 3083/1424/1982 3084/1423/1982 3086/1425/1982 3085/1426/1982
f 3085/1426/1983 3086/1425/1983 3088/1427/1983 3087/1428/1983
f 3087/1428/1984 3088/1427/1984 3090/1429/1984 3089/1430/1984
f 3089/1430/1985 3090/1429/1985 3092/1431/1985 3091/1432/1985
f 3091/1432/1986 3092/1431/1986 3094/1433/1986 3093/1434/1986
f 3093/1434/1987 3094/1433/1987 3096/1435/1987 3095/1436/1987
f 3095/1436/1988 3096/1435/1988 3098/1437/1988 3097/1438/1988
f 3097/1438/1989 3098/1437/1989 3100/1439/1989 3099/1440/1989
f 3099/1440/1990 3100/1439/1990 3102/1441/1990 3101/1442/1990
f 3044/1443/1991 3042/1444/1991 3104/1445/1991 3102/1446/1991 3100/1447/1991 3098/1448/1991 3096/1449/1991 3094/1450/1991 3092/1451/1991 3090/1452/1991 3088/1453/1991 3086/1454/1991 3084/1455/1991 3082/1456/1991 3080/1457/1991 3078/1458/1991 3076/1459/1991 3074/1460/1991 3072/1461/1991 3070/1462/1991 3068/1463/1991 3066/1464/1991 3064/1465/1991 3062/1466/1991 3060/1467/1991 3058/1468/1991 3056/1469/1991 3054/1470/1991 3052/1471/1991 3050/1472/1991 3048/1473/1991 3046/1474/1991
f 3101/1442/1992 3102/1441/1992 3104/1475/1992 3103/1476/1992
f 3103/1476/1993 3104/1475/1993 3042/1477/1993 3041/1478/1993
f 3041/1479/1994 3043/1480/1994 3045/1481/1994 3047/1482/1994 3049/1483/1994 3051/1484/1994 3053/1485/1994 3055/1486/1994 3057/1487/1994 3059/1488/1994 3061/1489/1994 3063/1490/1994 3065/1491/1994 3067/1492/1994 3069/1493/1994 3071/1494/1994 3073/1495/1994 3075/1496/1994 3077/1497/1994 3079/1498/1994 3081/1499/1994 3083/1500/1994 3085/1501/1994 3087/1502/1994 3089/1503/1994 3091/1504/1994 3093/1505/1994 3095/1506/1994 3097/1507/1994 3099/1508/1994 3101/1509/1994 3103/1510/1994
o Cylinder.011
v 1.694765 -0.115930 0.060619
v 1.694765 0.105647 0.060619
v 1.697003 -0.115930 0.060082
v 1.697003 0.105647 0.060082
v 1.699303 -0.115930 0.059992
v 1.699303 0.105647 0.059992
v 1.701576 -0.115930 0.060352
v 1.701576 0.105647 0.060352
v 1.703735 -0.115930 0.061149
v 1.703735 0.105647 0.061149
v 1.705697 -0.115930 0.062351
v 1.705697 0.105647 0.062351
v 1.707386 -0.115930 0.063914
v 1.707386 0.105647 0.063914
v 1.708739 -0.115930 0.065776
v 1.708739 0.105647 0.065776
v 1.709702 -0.115930 0.067866
v 1.709702 0.105647 0.067866
v 1.710239 -0.115930 0.070104
v 1.710239 0.105647 0.070104
v 1.710329 -0.115930 0.072403
v 1.710329 0.105647 0.072403
v 1.709969 -0.115930 0.074676
v 1.709969 0.105647 0.074676
v 1.709172 -0.115930 0.076835
v 1.709172 0.105647 0.076835
v 1.707969 -0.115930 0.078797
v 1.707969 0.105647 0.078797
v 1.706407 -0.115930 0.080487
v 1.706407 0.105647 0.080487
v 1.704545 -0.115930 0.081839
v 1.704545 0.105647 0.081839
v 1.702455 -0.115930 0.082803
v 1.702455 0.105647 0.082803
v 1.700217 -0.115930 0.083340
v 1.700217 0.105647 0.083340
v 1.697917 -0.115930 0.083430
v 1.697917 0.105647 0.083430
v 1.695644 -0.115930 0.083069
v 1.695644 0.105647 0.083069
v 1.693485 -0.115930 0.082272
v 1.693485 0.105647 0.082272
v 1.691523 -0.115930 0.081070
v 1.691523 0.105647 0.081070
v 1.689834 -0.115930 0.079507
v 1.689834 0.105647 0.079507
v 1.688481 -0.115930 0.077645
v 1.688481 0.105647 0.077645
v 1.687518 -0.115930 0.075555
v 1.687518 0.105647 0.075555
v 1.686981 -0.115930 0.073318
v 1.686981 0.105647 0.073318
v 1.686891 -0.115930 0.071018
v 1.686891 0.105647 0.071018
v 1.687251 -0.115930 0.068745
v 1.687251 0.105647 0.068745
v 1.688048 -0.115930 0.066586
v 1.688048 0.105647 0.066586
v 1.689251 -0.115930 0.064624
v 1.689251 0.105647 0.064624
v 1.690813 -0.115930 0.062934
v 1.690813 0.105647 0.062934
v 1.692675 -0.115930 0.061582
v 1.692675 0.105647 0.061582
vn -0.2333 -0.0000 -0.9724
vn -0.0391 -0.0000 -0.9992
vn 0.1568 -0.0000 -0.9876
vn 0.3463 -0.0000 -0.9381
vn 0.5224 -0.0000 -0.8527
vn 0.6792 -0.0000 -0.7340
vn 0.8090 -0.0000 -0.5878
vn 0.9082 -0.0000 -0.4185
vn 0.9724 -0.0000 -0.2333
vn 0.9992 -0.0000 -0.0391
vn 0.9877 -0.0000 0.1564
vn 0.9383 -0.0000 0.3459
vn 0.8525 -0.0000 0.5227
vn 0.7344 -0.0000 0.6787
vn 0.5876 -0.0000 0.8092
vn 0.4184 -0.0000 0.9083
vn 0.2333 -0.0000 0.9724
vn 0.0391 -0.0000 0.9992
vn -0.1565 -0.0000 0.9877
vn -0.3463 -0.0000 0.9381
vn -0.5227 -0.0000 0.8525
vn -0.6790 -0.0000 0.7342
vn -0.8090 -0.0000 0.5878
vn -0.9082 -0.0000 0.4185
vn -0.9724 -0.0000 0.2331
vn -0.9992 -0.0000 0.0391
vn -0.9877 -0.0000 -0.1564
vn -0.9383 -0.0000 -0.3459
vn -0.8527 -0.0000 -0.5224
vn -0.7344 -0.0000 -0.6787
vn -0.0000 1.0000 -0.0000
vn -0.5875 -0.0000 -0.8092
vn -0.4185 -0.0000 -0.9082
vn -0.0000 -1.0000 -0.0000
vt 1.000000 0.500000
vt 1.000000 1.000000
vt 0.968750 1.000000
vt 0.968750 0.500000
vt 0.937500 1.000000
vt 0.937500 0.500000
vt 0.906250 1.000000
vt 0.906250 0.500000
vt 0.875000 1.000000
vt 0.875000 0.500000
vt 0.843750 1.000000
vt 0.843750 0.500000
vt 0.812500 1.000000
vt 0.812500 0.500000
vt 0.781250 1.000000
vt 0.781250 0.500000
vt 0.750000 1.000000
vt 0.750000 0.500000
vt 0.718750 1.000000
vt 0.718750 0.500000
vt 0.687500 1.000000
vt 0.687500 0.500000
vt 0.656250 1.000000
vt 0.656250 0.500000
vt 0.625000 1.000000
vt 0.625000 0.500000
vt 0.593750 1.000000
vt 0.593750 0.500000
vt 0.562500 1.000000
vt 0.562500 0.500000
vt 0.531250 1.000000
vt 0.531250 0.500000
vt 0.500000 1.000000
vt 0.500000 0.500000
vt 0.468750 1.000000
vt 0.468750 0.500000
vt 0.437500 1.000000
vt 0.437500 0.500000
vt 0.406250 1.000000
vt 0.406250 0.500000
vt 0.375000 1.000000
vt 0.375000 0.500000
vt 0.343750 1.000000
vt 0.343750 0.500000
vt 0.312500 1.000000
vt 0.312500 0.500000
vt 0.281250 1.000000
vt 0.281250 0.500000
vt 0.250000 1.000000
vt 0.250000 0.500000
vt 0.218750 1.000000
vt 0.218750 0.500000
vt 0.187500 1.000000
vt 0.187500 0.500000
vt 0.156250 1.000000
vt 0.156250 0.500000
vt 0.125000 1.000000
vt 0.125000 0.500000
vt 0.093750 1.000000
vt 0.093750 0.500000
vt 0.062500 1.000000
vt 0.062500 0.500000
vt 0.296822 0.485388
vt 0.250000 0.490000
vt 0.203178 0.485388
vt 0.158156 0.471731
vt 0.116663 0.449553
vt 0.080294 0.419706
vt 0.050447 0.383337
vt 0.028269 0.341844
vt 0.014612 0.296822
vt 0.010000 0.250000
vt 0.014612 0.203178
vt 0.028269 0.158156
vt 0.050447 0.116663
vt 0.080294 0.080294
vt 0.116663 0.050447
vt 0.158156 0.028269
vt 0.203178 0.014612
vt 0.250000 0.010000
vt 0.296822 0.014612
vt 0.341844 0.028269
vt 0.383337 0.050447
vt 0.419706 0.080294
vt 0.449553 0.116663
vt 0.471731 0.158156
vt 0.485388 0.203178
vt 0.490000 0.250000
vt 0.485388 0.296822
vt 0.471731 0.341844
vt 0.449553 0.383337
vt 0.419706 0.419706
vt 0.383337 0.449553
vt 0.341844 0.471731
vt 0.031250 1.000000
vt 0.031250 0.500000
vt 0.000000 1.000000
vt 0.000000 0.500000
vt 0.750000 0.490000
vt 0.796822 0.485388
vt 0.841844 0.471731
vt 0.883337 0.449553
vt 0.919706 0.419706
vt 0.949553 0.383337
vt 0.971731 0.341844
vt 0.985388 0.296822
vt 0.990000 0.250000
vt 0.985388 0.203178
vt 0.971731 0.158156
vt 0.949553 0.116663
vt 0.919706 0.080294
vt 0.883337 0.050447
vt 0.841844 0.028269
vt 0.796822 0.014612
vt 0.750000 0.010000
vt 0.703178 0.014612
vt 0.658156 0.028269
vt 0.616663 0.050447
vt 0.580294 0.080294
vt 0.550447 0.116663
vt 0.528269 0.158156
vt 0.514612 0.203178
vt 0.510000 0.250000
vt 0.514612 0.296822
vt 0.528269 0.341844
vt 0.550447 0.383337
vt 0.580294 0.419706
vt 0.616663 0.449553
vt 0.658156 0.471731
vt 0.703178 0.485388
s 1
f 3105/1511/1995 3106/1512/1995 3108/1513/1995 3107/1514/1995
f 3107/1514/1996 3108/1513/1996 3110/1515/1996 3109/1516/1996
f 3109/1516/1997 3110/1515/1997 3112/1517/1997 3111/1518/1997
f 3111/1518/1998 3112/1517/1998 3114/1519/1998 3113/1520/1998
f 3113/1520/1999 3114/1519/1999 3116/1521/1999 3115/1522/1999
f 3115/1522/2000 3116/1521/2000 3118/1523/2000 3117/1524/2000
f 3117/1524/2001 3118/1523/2001 3120/1525/2001 3119/1526/2001
f 3119/1526/2002 3120/1525/2002 3122/1527/2002 3121/1528/2002
f 3121/1528/2003 3122/1527/2003 3124/1529/2003 3123/1530/2003
f 3123/1530/2004 3124/1529/2004 3126/1531/2004 3125/1532/2004
f 3125/1532/2005 3126/1531/2005 3128/1533/2005 3127/1534/2005
f 3127/1534/2006 3128/1533/2006 3130/1535/2006 3129/1536/2006
f 3129/1536/2007 3130/1535/2007 3132/1537/2007 3131/1538/2007
f 3131/1538/2008 3132/1537/2008 3134/1539/2008 3133/1540/2008
f 3133/1540/2009 3134/1539/2009 3136/1541/2009 3135/1542/2009
f 3135/1542/2010 3136/1541/2010 3138/1543/2010 3137/1544/2010
f 3137/1544/2011 3138/1543/2011 3140/1545/2011 3139/1546/2011
f 3139/1546/2012 3140/1545/2012 3142/1547/2012 3141/1548/2012
f 3141/1548/2013 3142/1547/2013 3144/1549/2013 3143/1550/2013
f 3143/1550/2014 3144/1549/2014 3146/1551/2014 3145/1552/2014
f 3145/1552/2015 3146/1551/2015 3148/1553/2015 3147/1554/2015
f 3147/1554/2016 3148/1553/2016 3150/1555/2016 3149/1556/2016
f 3149/1556/2017 3150/1555/2017 3152/1557/2017 3151/1558/2017
f 3151/1558/2018 3152/1557/2018 3154/1559/2018 3153/1560/2018
f 3153/1560/2019 3154/1559/2019 3156/1561/2019 3155/1562/2019
f 3155/1562/2020 3156/1561/2020 3158/1563/2020 3157/1564/2020
f 3157/1564/2021 3158/1563/2021 3160/1565/2021 3159/1566/2021
f 3159/1566/2022 3160/1565/2022 3162/1567/2022 3161/1568/2022
f 3161/1568/2023 3162/1567/2023 3164/1569/2023 3163/1570/2023
f 3163/1570/2024 3164/1569/2024 3166/1571/2024 3165/1572/2024
f 3108/1573/2025 3106/1574/2025 3168/1575/2025 3166/1576/2025 3164/1577/2025 3162/1578/2025 3160/1579/2025 3158/1580/2025 3156/1581/2025 3154/1582/2025 3152/1583/2025 3150/1584/2025 3148/1585/2025 3146/1586/2025 3144/1587/2025 3142/1588/2025 3140/1589/2025 3138/1590/2025 3136/1591/2025 3134/1592/2025 3132/1593/2025 3130/1594/2025 3128/1595/2025 3126/1596/2025 3124/1597/2025 3122/1598/2025 3120/1599/2025 3118/1600/2025 3116/1601/2025 3114/1602/2025 3112/1603/2025 3110/1604/2025
f 3165/1572/2026 3166/1571/2026 3168/1605/2026 3167/1606/2026
f 3167/1606/2027 3168/1605/2027 3106/1607/2027 3105/1608/2027
f 3105/1609/2028 3107/1610/2028 3109/1611/2028 3111/1612/2028 3113/1613/2028 3115/1614/2028 3117/1615/2028 3119/1616/2028 3121/1617/2028 3123/1618/2028 3125/1619/2028 3127/1620/2028 3129/1621/2028 3131/1622/2028 3133/1623/2028 3135/1624/2028 3137/1625/2028 3139/1626/2028 3141/1627/2028 3143/1628/2028 3145/1629/2028 3147/1630/2028 3149/1631/2028 3151/1632/2028 3153/1633/2028 3155/1634/2028 3157/1635/2028 3159/1636/2028 3161/1637/2028 3163/1638/2028 3165/1639/2028 3167/1640/2028
o Cylinder.012
v 1.724188 -0.115930 0.168887
v 1.724188 0.105647 0.168887
v 1.726425 -0.115930 0.168350
v 1.726425 0.105647 0.168350
v 1.728725 -0.115930 0.168260
v 1.728725 0.105647 0.168260
v 1.730998 -0.115930 0.168620
v 1.730998 0.105647 0.168620
v 1.733157 -0.115930 0.169417
v 1.733157 0.105647 0.169417
v 1.735119 -0.115930 0.170619
v 1.735119 0.105647 0.170619
v 1.736809 -0.115930 0.172182
v 1.736809 0.105647 0.172182
v 1.738161 -0.115930 0.174044
v 1.738161 0.105647 0.174044
v 1.739124 -0.115930 0.176134
v 1.739124 0.105647 0.176134
v 1.739661 -0.115930 0.178372
v 1.739661 0.105647 0.178372
v 1.739751 -0.115930 0.180671
v 1.739751 0.105647 0.180671
v 1.739391 -0.115930 0.182944
v 1.739391 0.105647 0.182944
v 1.738594 -0.115930 0.185103
v 1.738594 0.105647 0.185103
v 1.737391 -0.115930 0.187065
v 1.737391 0.105647 0.187065
v 1.735829 -0.115930 0.188755
v 1.735829 0.105647 0.188755
v 1.733967 -0.115930 0.190107
v 1.733967 0.105647 0.190107
v 1.731877 -0.115930 0.191071
v 1.731877 0.105647 0.191071
v 1.729639 -0.115930 0.191607
v 1.729639 0.105647 0.191607
v 1.727340 -0.115930 0.191698
v 1.727340 0.105647 0.191698
v 1.725067 -0.115930 0.191337
v 1.725067 0.105647 0.191337
v 1.722908 -0.115930 0.190540
v 1.722908 0.105647 0.190540
v 1.720946 -0.115930 0.189338
v 1.720946 0.105647 0.189338
v 1.719256 -0.115930 0.187775
v 1.719256 0.105647 0.187775
v 1.717904 -0.115930 0.185913
v 1.717904 0.105647 0.185913
v 1.716940 -0.115930 0.183823
v 1.716940 0.105647 0.183823
v 1.716403 -0.115930 0.181585
v 1.716403 0.105647 0.181585
v 1.716313 -0.115930 0.179286
v 1.716313 0.105647 0.179286
v 1.716674 -0.115930 0.177013
v 1.716674 0.105647 0.177013
v 1.717471 -0.115930 0.174854
v 1.717471 0.105647 0.174854
v 1.718673 -0.115930 0.172892
v 1.718673 0.105647 0.172892
v 1.720236 -0.115930 0.171202
v 1.720236 0.105647 0.171202
v 1.722098 -0.115930 0.169850
v 1.722098 0.105647 0.169850
vn -0.2334 -0.0000 -0.9724
vn -0.0391 -0.0000 -0.9992
vn 0.1568 -0.0000 -0.9876
vn 0.3463 -0.0000 -0.9381
vn 0.5224 -0.0000 -0.8527
vn 0.6790 -0.0000 -0.7342
vn 0.8089 -0.0000 -0.5879
vn 0.9082 -0.0000 -0.4185
vn 0.9724 -0.0000 -0.2333
vn 0.9992 -0.0000 -0.0391
vn 0.9877 -0.0000 0.1564
vn 0.9381 -0.0000 0.3463
vn 0.8525 -0.0000 0.5227
vn 0.7344 -0.0000 0.6787
vn 0.5875 -0.0000 0.8092
vn 0.4184 -0.0000 0.9083
vn 0.2334 -0.0000 0.9724
vn 0.0391 -0.0000 0.9992
vn -0.1565 -0.0000 0.9877
vn -0.3463 -0.0000 0.9381
vn -0.5227 -0.0000 0.8525
vn -0.6790 -0.0000 0.7341
vn -0.8089 -0.0000 0.5880
vn -0.9081 -0.0000 0.4188
vn -0.9724 -0.0000 0.2333
vn -0.9992 -0.0000 0.0391
vn -0.9876 -0.0000 -0.1568
vn -0.9381 -0.0000 -0.3463
vn -0.8527 -0.0000 -0.5224
vn -0.7342 -0.0000 -0.6790
vn -0.0000 1.0000 -0.0000
vn -0.5875 -0.0000 -0.8092
vn -0.4185 -0.0000 -0.9082
vn -0.0000 -1.0000 -0.0000
vt 1.000000 0.500000
vt 1.000000 1.000000
vt 0.968750 1.000000
vt 0.968750 0.500000
vt 0.937500 1.000000
vt 0.937500 0.500000
vt 0.906250 1.000000
vt 0.906250 0.500000
vt 0.875000 1.000000
vt 0.875000 0.500000
vt 0.843750 1.000000
vt 0.843750 0.500000
vt 0.812500 1.000000
vt 0.812500 0.500000
vt 0.781250 1.000000
vt 0.781250 0.500000
vt 0.750000 1.000000
vt 0.750000 0.500000
vt 0.718750 1.000000
vt 0.718750 0.500000
vt 0.687500 1.000000
vt 0.687500 0.500000
vt 0.656250 1.000000
vt 0.656250 0.500000
vt 0.625000 1.000000
vt 0.625000 0.500000
vt 0.593750 1.000000
vt 0.593750 0.500000
vt 0.562500 1.000000
vt 0.562500 0.500000
vt 0.531250 1.000000
vt 0.531250 0.500000
vt 0.500000 1.000000
vt 0.500000 0.500000
vt 0.468750 1.000000
vt 0.468750 0.500000
vt 0.437500 1.000000
vt 0.437500 0.500000
vt 0.406250 1.000000
vt 0.406250 0.500000
vt 0.375000 1.000000
vt 0.375000 0.500000
vt 0.343750 1.000000
vt 0.343750 0.500000
vt 0.312500 1.000000
vt 0.312500 0.500000
vt 0.281250 1.000000
vt 0.281250 0.500000
vt 0.250000 1.000000
vt 0.250000 0.500000
vt 0.218750 1.000000
vt 0.218750 0.500000
vt 0.187500 1.000000
vt 0.187500 0.500000
vt 0.156250 1.000000
vt 0.156250 0.500000
vt 0.125000 1.000000
vt 0.125000 0.500000
vt 0.093750 1.000000
vt 0.093750 0.500000
vt 0.062500 1.000000
vt 0.062500 0.500000
vt 0.296822 0.485388
vt 0.250000 0.490000
vt 0.203178 0.485388
vt 0.158156 0.471731
vt 0.116663 0.449553
vt 0.080294 0.419706
vt 0.050447 0.383337
vt 0.028269 0.341844
vt 0.014612 0.296822
vt 0.010000 0.250000
vt 0.014612 0.203178
vt 0.028269 0.158156
vt 0.050447 0.116663
vt 0.080294 0.080294
vt 0.116663 0.050447
vt 0.158156 0.028269
vt 0.203178 0.014612
vt 0.250000 0.010000
vt 0.296822 0.014612
vt 0.341844 0.028269
vt 0.383337 0.050447
vt 0.419706 0.080294
vt 0.449553 0.116663
vt 0.471731 0.158156
vt 0.485388 0.203178
vt 0.490000 0.250000
vt 0.485388 0.296822
vt 0.471731 0.341844
vt 0.449553 0.383337
vt 0.419706 0.419706
vt 0.383337 0.449553
vt 0.341844 0.471731
vt 0.031250 1.000000
vt 0.031250 0.500000
vt 0.000000 1.000000
vt 0.000000 0.500000
vt 0.750000 0.490000
vt 0.796822 0.485388
vt 0.841844 0.471731
vt 0.883337 0.449553
vt 0.919706 0.419706
vt 0.949553 0.383337
vt 0.971731 0.341844
vt 0.985388 0.296822
vt 0.990000 0.250000
vt 0.985388 0.203178
vt 0.971731 0.158156
vt 0.949553 0.116663
vt 0.919706 0.080294
vt 0.883337 0.050447
vt 0.841844 0.028269
vt 0.796822 0.014612
vt 0.750000 0.010000
vt 0.703178 0.014612
vt 0.658156 0.028269
vt 0.616663 0.050447
vt 0.580294 0.080294
vt 0.550447 0.116663
vt 0.528269 0.158156
vt 0.514612 0.203178
vt 0.510000 0.250000
vt 0.514612 0.296822
vt 0.528269 0.341844
vt 0.550447 0.383337
vt 0.580294 0.419706
vt 0.616663 0.449553
vt 0.658156 0.471731
vt 0.703178 0.485388
s 1
f 3169/1641/2029 3170/1642/2029 3172/1643/2029 3171/1644/2029
f 3171/1644/2030 3172/1643/2030 3174/1645/2030 3173/1646/2030
f 3173/1646/2031 3174/1645/2031 3176/1647/2031 3175/1648/2031
f 3175/1648/2032 3176/1647/2032 3178/1649/2032 3177/1650/2032
f 3177/1650/2033 3178/1649/2033 3180/1651/2033 3179/1652/2033
f 3179/1652/2034 3180/1651/2034 3182/1653/2034 3181/1654/2034
f 3181/1654/2035 3182/1653/2035 3184/1655/2035 3183/1656/2035
f 3183/1656/2036 3184/1655/2036 3186/1657/2036 3185/1658/2036
f 3185/1658/2037 3186/1657/2037 3188/1659/2037 3187/1660/2037
f 3187/1660/2038 3188/1659/2038 3190/1661/2038 3189/1662/2038
f 3189/1662/2039 3190/1661/2039 3192/1663/2039 3191/1664/2039
f 3191/1664/2040 3192/1663/2040 3194/1665/2040 3193/1666/2040
f 3193/1666/2041 3194/1665/2041 3196/1667/2041 3195/1668/2041
f 3195/1668/2042 3196/1667/2042 3198/1669/2042 3197/1670/2042
f 3197/1670/2043 3198/1669/2043 3200/1671/2043 3199/1672/2043
f 3199/1672/2044 3200/1671/2044 3202/1673/2044 3201/1674/2044
f 3201/1674/2045 3202/1673/2045 3204/1675/2045 3203/1676/2045
f 3203/1676/2046 3204/1675/2046 3206/1677/2046 3205/1678/2046
f 3205/1678/2047 3206/1677/2047 3208/1679/2047 3207/1680/2047
f 3207/1680/2048 3208/1679/2048 3210/1681/2048 3209/1682/2048
f 3209/1682/2049 3210/1681/2049 3212/1683/2049 3211/1684/2049
f 3211/1684/2050 3212/1683/2050 3214/1685/2050 3213/1686/2050
f 3213/1686/2051 3214/1685/2051 3216/1687/2051 3215/1688/2051
f 3215/1688/2052 3216/1687/2052 3218/1689/2052 3217/1690/2052
f 3217/1690/2053 3218/1689/2053 3220/1691/2053 3219/1692/2053
f 3219/1692/2054 3220/1691/2054 3222/1693/2054 3221/1694/2054
f 3221/1694/2055 3222/1693/2055 3224/1695/2055 3223/1696/2055
f 3223/1696/2056 3224/1695/2056 3226/1697/2056 3225/1698/2056
f 3225/1698/2057 3226/1697/2057 3228/1699/2057 3227/1700/2057
f 3227/1700/2058 3228/1699/2058 3230/1701/2058 3229/1702/2058
f 3172/1703/2059 3170/1704/2059 3232/1705/2059 3230/1706/2059 3228/1707/2059 3226/1708/2059 3224/1709/2059 3222/1710/2059 3220/1711/2059 3218/1712/2059 3216/1713/2059 3214/1714/2059 3212/1715/2059 3210/1716/2059 3208/1717/2059 3206/1718/2059 3204/1719/2059 3202/1720/2059 3200/1721/2059 3198/1722/2059 3196/1723/2059 3194/1724/2059 3192/1725/2059 3190/1726/2059 3188/1727/2059 3186/1728/2059 3184/1729/2059 3182/1730/2059 3180/1731/2059 3178/1732/2059 3176/1733/2059 3174/1734/2059
f 3229/1702/2060 3230/1701/2060 3232/1735/2060 3231/1736/2060
f 3231/1736/2061 3232/1735/2061 3170/1737/2061 3169/1738/2061
f 3169/1739/2062 3171/1740/2062 3173/1741/2062 3175/1742/2062 3177/1743/2062 3179/1744/2062 3181/1745/2062 3183/1746/2062 3185/1747/2062 3187/1748/2062 3189/1749/2062 3191/1750/2062 3193/1751/2062 3195/1752/2062 3197/1753/2062 3199/1754/2062 3201/1755/2062 3203/1756/2062 3205/1757/2062 3207/1758/2062 3209/1759/2062 3211/1760/2062 3213/1761/2062 3215/1762/2062 3217/1763/2062 3219/1764/2062 3221/1765/2062 3223/1766/2062 3225/1767/2062 3227/1768/2062 3229/1769/2062 3231/1770/2062
o Cylinder.013
v 1.688884 -0.115930 0.322463
v 1.688884 0.105647 0.322463
v 1.691122 -0.115930 0.321927
v 1.691122 0.105647 0.321927
v 1.693421 -0.115930 0.321836
v 1.693421 0.105647 0.321836
v 1.695694 -0.115930 0.322197
v 1.695694 0.105647 0.322197
v 1.697853 -0.115930 0.322994
v 1.697853 0.105647 0.322994
v 1.699815 -0.115930 0.324196
v 1.699815 0.105647 0.324196
v 1.701505 -0.115930 0.325759
v 1.701505 0.105647 0.325759
v 1.702857 -0.115930 0.327621
v 1.702857 0.105647 0.327621
v 1.703821 -0.115930 0.329711
v 1.703821 0.105647 0.329711
v 1.704358 -0.115930 0.331949
v 1.704358 0.105647 0.331949
v 1.704448 -0.115930 0.334248
v 1.704448 0.105647 0.334248
v 1.704087 -0.115930 0.336521
v 1.704087 0.105647 0.336521
v 1.703291 -0.115930 0.338680
v 1.703291 0.105647 0.338680
v 1.702088 -0.115930 0.340642
v 1.702088 0.105647 0.340642
v 1.700526 -0.115930 0.342332
v 1.700526 0.105647 0.342332
v 1.698664 -0.115930 0.343684
v 1.698664 0.105647 0.343684
v 1.696573 -0.115930 0.344647
v 1.696573 0.105647 0.344647
v 1.694336 -0.115930 0.345184
v 1.694336 0.105647 0.345184
v 1.692036 -0.115930 0.345274
v 1.692036 0.105647 0.345274
v 1.689763 -0.115930 0.344914
v 1.689763 0.105647 0.344914
v 1.687604 -0.115930 0.344117
v 1.687604 0.105647 0.344117
v 1.685642 -0.115930 0.342915
v 1.685642 0.105647 0.342915
v 1.683952 -0.115930 0.341352
v 1.683952 0.105647 0.341352
v 1.682600 -0.115930 0.339490
v 1.682600 0.105647 0.339490
v 1.681637 -0.115930 0.337400
v 1.681637 0.105647 0.337400
v 1.681100 -0.115930 0.335162
v 1.681100 0.105647 0.335162
v 1.681010 -0.115930 0.332863
v 1.681010 0.105647 0.332863
v 1.681370 -0.115930 0.330590
v 1.681370 0.105647 0.330590
v 1.682167 -0.115930 0.328431
v 1.682167 0.105647 0.328431
v 1.683370 -0.115930 0.326469
v 1.683370 0.105647 0.326469
v 1.684932 -0.115930 0.324779
v 1.684932 0.105647 0.324779
v 1.686794 -0.115930 0.323427
v 1.686794 0.105647 0.323427
vn -0.2335 -0.0000 -0.9724
vn -0.0391 -0.0000 -0.9992
vn 0.1565 -0.0000 -0.9877
vn 0.3463 -0.0000 -0.9381
vn 0.5227 -0.0000 -0.8525
vn 0.6790 -0.0000 -0.7341
vn 0.8092 -0.0000 -0.5876
vn 0.9081 -0.0000 -0.4188
vn 0.9724 -0.0000 -0.2333
vn 0.9992 -0.0000 -0.0391
vn 0.9876 -0.0000 0.1568
vn 0.9381 -0.0000 0.3464
vn 0.8525 -0.0000 0.5227
vn 0.7344 -0.0000 0.6787
vn 0.5875 -0.0000 0.8092
vn 0.4188 -0.0000 0.9081
vn 0.2334 -0.0000 0.9724
vn 0.0391 -0.0000 0.9992
vn -0.1568 -0.0000 0.9876
vn -0.3463 -0.0000 0.9381
vn -0.5224 -0.0000 0.8527
vn -0.6790 -0.0000 0.7342
vn -0.8092 -0.0000 0.5875
vn -0.9082 -0.0000 0.4185
vn -0.9724 -0.0000 0.2333
vn -0.9992 -0.0000 0.0391
vn -0.9877 -0.0000 -0.1564
vn -0.9381 -0.0000 -0.3463
vn -0.8525 -0.0000 -0.5227
vn -0.7344 -0.0000 -0.6787
vn -0.0000 1.0000 -0.0000
vn -0.5876 -0.0000 -0.8092
vn -0.4188 -0.0000 -0.9081
vn -0.0000 -1.0000 -0.0000
vt 1.000000 0.500000
vt 1.000000 1.000000
vt 0.968750 1.000000
vt 0.968750 0.500000
vt 0.937500 1.000000
vt 0.937500 0.500000
vt 0.906250 1.000000
vt 0.906250 0.500000
vt 0.875000 1.000000
vt 0.875000 0.500000
vt 0.843750 1.000000
vt 0.843750 0.500000
vt 0.812500 1.000000
vt 0.812500 0.500000
vt 0.781250 1.000000
vt 0.781250 0.500000
vt 0.750000 1.000000
vt 0.750000 0.500000
vt 0.718750 1.000000
vt 0.718750 0.500000
vt 0.687500 1.000000
vt 0.687500 0.500000
vt 0.656250 1.000000
vt 0.656250 0.500000
vt 0.625000 1.000000
vt 0.625000 0.500000
vt 0.593750 1.000000
vt 0.593750 0.500000
vt 0.562500 1.000000
vt 0.562500 0.500000
vt 0.531250 1.000000
vt 0.531250 0.500000
vt 0.500000 1.000000
vt 0.500000 0.500000
vt 0.468750 1.000000
vt 0.468750 0.500000
vt 0.437500 1.000000
vt 0.437500 0.500000
vt 0.406250 1.000000
vt 0.406250 0.500000
vt 0.375000 1.000000
vt 0.375000 0.500000
vt 0.343750 1.000000
vt 0.343750 0.500000
vt 0.312500 1.000000
vt 0.312500 0.500000
vt 0.281250 1.000000
vt 0.281250 0.500000
vt 0.250000 1.000000
vt 0.250000 0.500000
vt 0.218750 1.000000
vt 0.218750 0.500000
vt 0.187500 1.000000
vt 0.187500 0.500000
vt 0.156250 1.000000
vt 0.156250 0.500000
vt 0.125000 1.000000
vt 0.125000 0.500000
vt 0.093750 1.000000
vt 0.093750 0.500000
vt 0.062500 1.000000
vt 0.062500 0.500000
vt 0.296822 0.485388
vt 0.250000 0.490000
vt 0.203178 0.485388
vt 0.158156 0.471731
vt 0.116663 0.449553
vt 0.080294 0.419706
vt 0.050447 0.383337
vt 0.028269 0.341844
vt 0.014612 0.296822
vt 0.010000 0.250000
vt 0.014612 0.203178
vt 0.028269 0.158156
vt 0.050447 0.116663
vt 0.080294 0.080294
vt 0.116663 0.050447
vt 0.158156 0.028269
vt 0.203178 0.014612
vt 0.250000 0.010000
vt 0.296822 0.014612
vt 0.341844 0.028269
vt 0.383337 0.050447
vt 0.419706 0.080294
vt 0.449553 0.116663
vt 0.471731 0.158156
vt 0.485388 0.203178
vt 0.490000 0.250000
vt 0.485388 0.296822
vt 0.471731 0.341844
vt 0.449553 0.383337
vt 0.419706 0.419706
vt 0.383337 0.449553
vt 0.341844 0.471731
vt 0.031250 1.000000
vt 0.031250 0.500000
vt 0.000000 1.000000
vt 0.000000 0.500000
vt 0.750000 0.490000
vt 0.796822 0.485388
vt 0.841844 0.471731
vt 0.883337 0.449553
vt 0.919706 0.419706
vt 0.949553 0.383337
vt 0.971731 0.341844
vt 0.985388 0.296822
vt 0.990000 0.250000
vt 0.985388 0.203178
vt 0.971731 0.158156
vt 0.949553 0.116663
vt 0.919706 0.080294
vt 0.883337 0.050447
vt 0.841844 0.028269
vt 0.796822 0.014612
vt 0.750000 0.010000
vt 0.703178 0.014612
vt 0.658156 0.028269
vt 0.616663 0.050447
vt 0.580294 0.080294
vt 0.550447 0.116663
vt 0.528269 0.158156
vt 0.514612 0.203178
vt 0.510000 0.250000
vt 0.514612 0.296822
vt 0.528269 0.341844
vt 0.550447 0.383337
vt 0.580294 0.419706
vt 0.616663 0.449553
vt 0.658156 0.471731
vt 0.703178 0.485388
s 1
f 3233/1771/2063 3234/1772/2063 3236/1773/2063 3235/1774/2063
f 3235/1774/2064 3236/1773/2064 3238/1775/2064 3237/1776/2064
f 3237/1776/2065 3238/1775/2065 3240/1777/2065 3239/1778/2065
f 3239/1778/2066 3240/1777/2066 3242/1779/2066 3241/1780/2066
f 3241/1780/2067 3242/1779/2067 3244/1781/2067 3243/1782/2067
f 3243/1782/2068 3244/1781/2068 3246/1783/2068 3245/1784/2068
f 3245/1784/2069 3246/1783/2069 3248/1785/2069 3247/1786/2069
f 3247/1786/2070 3248/1785/2070 3250/1787/2070 3249/1788/2070
f 3249/1788/2071 3250/1787/2071 3252/1789/2071 3251/1790/2071
f 3251/1790/2072 3252/1789/2072 3254/1791/2072 3253/1792/2072
f 3253/1792/2073 3254/1791/2073 3256/1793/2073 3255/1794/2073
f 3255/1794/2074 3256/1793/2074 3258/1795/2074 3257/1796/2074
f 3257/1796/2075 3258/1795/2075 3260/1797/2075 3259/1798/2075
f 3259/1798/2076 3260/1797/2076 3262/1799/2076 3261/1800/2076
f 3261/1800/2077 3262/1799/2077 3264/1801/2077 3263/1802/2077
f 3263/1802/2078 3264/1801/2078 3266/1803/2078 3265/1804/2078
f 3265/1804/2079 3266/1803/2079 3268/1805/2079 3267/1806/2079
f 3267/1806/2080 3268/1805/2080 3270/1807/2080 3269/1808/2080
f 3269/1808/2081 3270/1807/2081 3272/1809/2081 3271/1810/2081
f 3271/1810/2082 3272/1809/2082 3274/1811/2082 3273/1812/2082
f 3273/1812/2083 3274/1811/2083 3276/1813/2083 3275/1814/2083
f 3275/1814/2084 3276/1813/2084 3278/1815/2084 3277/1816/2084
f 3277/1816/2085 3278/1815/2085 3280/1817/2085 3279/1818/2085
f 3279/1818/2086 3280/1817/2086 3282/1819/2086 3281/1820/2086
f 3281/1820/2087 3282/1819/2087 3284/1821/2087 3283/1822/2087
f 3283/1822/2088 3284/1821/2088 3286/1823/2088 3285/1824/2088
f 3285/1824/2089 3286/1823/2089 3288/1825/2089 3287/1826/2089
f 3287/1826/2090 3288/1825/2090 3290/1827/2090 3289/1828/2090
f 3289/1828/2091 3290/1827/2091 3292/1829/2091 3291/1830/2091
f 3291/1830/2092 3292/1829/2092 3294/1831/2092 3293/1832/2092
f 3236/1833/2093 3234/1834/2093 3296/1835/2093 3294/1836/2093 3292/1837/2093 3290/1838/2093 3288/1839/2093 3286/1840/2093 3284/1841/2093 3282/1842/2093 3280/1843/2093 3278/1844/2093 3276/1845/2093 3274/1846/2093 3272/1847/2093 3270/1848/2093 3268/1849/2093 3266/1850/2093 3264/1851/2093 3262/1852/2093 3260/1853/2093 3258/1854/2093 3256/1855/2093 3254/1856/2093 3252/1857/2093 3250/1858/2093 3248/1859/2093 3246/1860/2093 3244/1861/2093 3242/1862/2093 3240/1863/2093 3238/1864/2093
f 3293/1832/2094 3294/1831/2094 3296/1865/2094 3295/1866/2094
f 3295/1866/2095 3296/1865/2095 3234/1867/2095 3233/1868/2095
f 3233/1869/2096 3235/1870/2096 3237/1871/2096 3239/1872/2096 3241/1873/2096 3243/1874/2096 3245/1875/2096 3247/1876/2096 3249/1877/2096 3251/1878/2096 3253/1879/2096 3255/1880/2096 3257/1881/2096 3259/1882/2096 3261/1883/2096 3263/1884/2096 3265/1885/2096 3267/1886/2096 3269/1887/2096 3271/1888/2096 3273/1889/2096 3275/1890/2096 3277/1891/2096 3279/1892/2096 3281/1893/2096 3283/1894/2096 3285/1895/2096 3287/1896/2096 3289/1897/2096 3291/1898/2096 3293/1899/2096 3295/1900/2096
o Cylinder.014
v 1.687786 -0.115930 0.472640
v 1.687786 0.105647 0.472640
v 1.690023 -0.115930 0.472103
v 1.690023 0.105647 0.472103
v 1.692323 -0.115930 0.472013
v 1.692323 0.105647 0.472013
v 1.694596 -0.115930 0.472374
v 1.694596 0.105647 0.472374
v 1.696755 -0.115930 0.473170
v 1.696755 0.105647 0.473170
v 1.698717 -0.115930 0.474373
v 1.698717 0.105647 0.474373
v 1.700407 -0.115930 0.475935
v 1.700407 0.105647 0.475935
v 1.701759 -0.115930 0.477797
v 1.701759 0.105647 0.477797
v 1.702722 -0.115930 0.479887
v 1.702722 0.105647 0.479887
v 1.703259 -0.115930 0.482125
v 1.703259 0.105647 0.482125
v 1.703349 -0.115930 0.484425
v 1.703349 0.105647 0.484425
v 1.702989 -0.115930 0.486698
v 1.702989 0.105647 0.486698
v 1.702192 -0.115930 0.488857
v 1.702192 0.105647 0.488857
v 1.700989 -0.115930 0.490819
v 1.700989 0.105647 0.490819
v 1.699427 -0.115930 0.492509
v 1.699427 0.105647 0.492509
v 1.697565 -0.115930 0.493861
v 1.697565 0.105647 0.493861
v 1.695475 -0.115930 0.494824
v 1.695475 0.105647 0.494824
v 1.693237 -0.115930 0.495361
v 1.693237 0.105647 0.495361
v 1.690938 -0.115930 0.495451
v 1.690938 0.105647 0.495451
v 1.688665 -0.115930 0.495091
v 1.688665 0.105647 0.495091
v 1.686506 -0.115930 0.494294
v 1.686506 0.105647 0.494294
v 1.684544 -0.115930 0.493091
v 1.684544 0.105647 0.493091
v 1.682854 -0.115930 0.491529
v 1.682854 0.105647 0.491529
v 1.681502 -0.115930 0.489667
v 1.681502 0.105647 0.489667
v 1.680538 -0.115930 0.487577
v 1.680538 0.105647 0.487577
v 1.680001 -0.115930 0.485339
v 1.680001 0.105647 0.485339
v 1.679911 -0.115930 0.483040
v 1.679911 0.105647 0.483040
v 1.680272 -0.115930 0.480767
v 1.680272 0.105647 0.480767
v 1.681068 -0.115930 0.478608
v 1.681068 0.105647 0.478608
v 1.682271 -0.115930 0.476646
v 1.682271 0.105647 0.476646
v 1.683833 -0.115930 0.474956
v 1.683833 0.105647 0.474956
v 1.685695 -0.115930 0.473603
v 1.685695 0.105647 0.473603
vn -0.2334 -0.0000 -0.9724
vn -0.0391 -0.0000 -0.9992
vn 0.1568 -0.0000 -0.9876
vn 0.3464 -0.0000 -0.9381
vn 0.5224 -0.0000 -0.8527
vn 0.6787 -0.0000 -0.7344
vn 0.8092 -0.0000 -0.5875
vn 0.9082 -0.0000 -0.4185
vn 0.9724 -0.0000 -0.2333
vn 0.9992 -0.0000 -0.0391
vn 0.9877 -0.0000 0.1564
vn 0.9381 -0.0000 0.3463
vn 0.8525 -0.0000 0.5227
vn 0.7344 -0.0000 0.6787
vn 0.5875 -0.0000 0.8092
vn 0.4185 -0.0000 0.9082
vn 0.2333 -0.0000 0.9724
vn 0.0391 -0.0000 0.9992
vn -0.1564 -0.0000 0.9877
vn -0.3463 -0.0000 0.9381
vn -0.5227 -0.0000 0.8525
vn -0.6788 -0.0000 0.7344
vn -0.8092 -0.0000 0.5876
vn -0.9083 -0.0000 0.4184
vn -0.9724 -0.0000 0.2333
vn -0.9992 -0.0000 0.0391
vn -0.9876 -0.0000 -0.1568
vn -0.9381 -0.0000 -0.3465
vn -0.8525 -0.0000 -0.5227
vn -0.7344 -0.0000 -0.6788
vn -0.0000 1.0000 -0.0000
vn -0.5878 -0.0000 -0.8090
vn -0.4188 -0.0000 -0.9081
vn -0.0000 -1.0000 -0.0000
vt 1.000000 0.500000
vt 1.000000 1.000000
vt 0.968750 1.000000
vt 0.968750 0.500000
vt 0.937500 1.000000
vt 0.937500 0.500000
vt 0.906250 1.000000
vt 0.906250 0.500000
vt 0.875000 1.000000
vt 0.875000 0.500000
vt 0.843750 1.000000
vt 0.843750 0.500000
vt 0.812500 1.000000
vt 0.812500 0.500000
vt 0.781250 1.000000
vt 0.781250 0.500000
vt 0.750000 1.000000
vt 0.750000 0.500000
vt 0.718750 1.000000
vt 0.718750 0.500000
vt 0.687500 1.000000
vt 0.687500 0.500000
vt 0.656250 1.000000
vt 0.656250 0.500000
vt 0.625000 1.000000
vt 0.625000 0.500000
vt 0.593750 1.000000
vt 0.593750 0.500000
vt 0.562500 1.000000
vt 0.562500 0.500000
vt 0.531250 1.000000
vt 0.531250 0.500000
vt 0.500000 1.000000
vt 0.500000 0.500000
vt 0.468750 1.000000
vt 0.468750 0.500000
vt 0.437500 1.000000
vt 0.437500 0.500000
vt 0.406250 1.000000
vt 0.406250 0.500000
vt 0.375000 1.000000
vt 0.375000 0.500000
vt 0.343750 1.000000
vt 0.343750 0.500000
vt 0.312500 1.000000
vt 0.312500 0.500000
vt 0.281250 1.000000
vt 0.281250 0.500000
vt 0.250000 1.000000
vt 0.250000 0.500000
vt 0.218750 1.000000
vt 0.218750 0.500000
vt 0.187500 1.000000
vt 0.187500 0.500000
vt 0.156250 1.000000
vt 0.156250 0.500000
vt 0.125000 1.000000
vt 0.125000 0.500000
vt 0.093750 1.000000
vt 0.093750 0.500000
vt 0.062500 1.000000
vt 0.062500 0.500000
vt 0.296822 0.485388
vt 0.250000 0.490000
vt 0.203178 0.485388
vt 0.158156 0.471731
vt 0.116663 0.449553
vt 0.080294 0.419706
vt 0.050447 0.383337
vt 0.028269 0.341844
vt 0.014612 0.296822
vt 0.010000 0.250000
vt 0.014612 0.203178
vt 0.028269 0.158156
vt 0.050447 0.116663
vt 0.080294 0.080294
vt 0.116663 0.050447
vt 0.158156 0.028269
vt 0.203178 0.014612
vt 0.250000 0.010000
vt 0.296822 0.014612
vt 0.341844 0.028269
vt 0.383337 0.050447
vt 0.419706 0.080294
vt 0.449553 0.116663
vt 0.471731 0.158156
vt 0.485388 0.203178
vt 0.490000 0.250000
vt 0.485388 0.296822
vt 0.471731 0.341844
vt 0.449553 0.383337
vt 0.419706 0.419706
vt 0.383337 0.449553
vt 0.341844 0.471731
vt 0.031250 1.000000
vt 0.031250 0.500000
vt 0.000000 1.000000
vt 0.000000 0.500000
vt 0.750000 0.490000
vt 0.796822 0.485388
vt 0.841844 0.471731
vt 0.883337 0.449553
vt 0.919706 0.419706
vt 0.949553 0.383337
vt 0.971731 0.341844
vt 0.985388 0.296822
vt 0.990000 0.250000
vt 0.985388 0.203178
vt 0.971731 0.158156
vt 0.949553 0.116663
vt 0.919706 0.080294
vt 0.883337 0.050447
vt 0.841844 0.028269
vt 0.796822 0.014612
vt 0.750000 0.010000
vt 0.703178 0.014612
vt 0.658156 0.028269
vt 0.616663 0.050447
vt 0.580294 0.080294
vt 0.550447 0.116663
vt 0.528269 0.158156
vt 0.514612 0.203178
vt 0.510000 0.250000
vt 0.514612 0.296822
vt 0.528269 0.341844
vt 0.550447 0.383337
vt 0.580294 0.419706
vt 0.616663 0.449553
vt 0.658156 0.471731
vt 0.703178 0.485388
s 1
f 3297/1901/2097 3298/1902/2097 3300/1903/2097 3299/1904/2097
f 3299/1904/2098 3300/1903/2098 3302/1905/2098 3301/1906/2098
f 3301/1906/2099 3302/1905/2099 3304/1907/2099 3303/1908/2099
f 3303/1908/2100 3304/1907/2100 3306/1909/2100 3305/1910/2100
f 3305/1910/2101 3306/1909/2101 3308/1911/2101 3307/1912/2101
f 3307/1912/2102 3308/1911/2102 3310/1913/2102 3309/1914/2102
f 3309/1914/2103 3310/1913/2103 3312/1915/2103 3311/1916/2103
f 3311/1916/2104 3312/1915/2104 3314/1917/2104 3313/1918/2104
f 3313/1918/2105 3314/1917/2105 3316/1919/2105 3315/1920/2105
f 3315/1920/2106 3316/1919/2106 3318/1921/2106 3317/1922/2106
f 3317/1922/2107 3318/1921/2107 3320/1923/2107 3319/1924/2107
f 3319/1924/2108 3320/1923/2108 3322/1925/2108 3321/1926/2108
f 3321/1926/2109 3322/1925/2109 3324/1927/2109 3323/1928/2109
f 3323/1928/2110 3324/1927/2110 3326/1929/2110 3325/1930/2110
f 3325/1930/2111 3326/1929/2111 3328/1931/2111 3327/1932/2111
f 3327/1932/2112 3328/1931/2112 3330/1933/2112 3329/1934/2112
f 3329/1934/2113 3330/1933/2113 3332/1935/2113 3331/1936/2113
f 3331/1936/2114 3332/1935/2114 3334/1937/2114 3333/1938/2114
f 3333/1938/2115 3334/1937/2115 3336/1939/2115 3335/1940/2115
f 3335/1940/2116 3336/1939/2116 3338/1941/2116 3337/1942/2116
f 3337/1942/2117 3338/1941/2117 3340/1943/2117 3339/1944/2117
f 3339/1944/2118 3340/1943/2118 3342/1945/2118 3341/1946/2118
f 3341/1946/2119 3342/1945/2119 3344/1947/2119 3343/1948/2119
f 3343/1948/2120 3344/1947/2120 3346/1949/2120 3345/1950/2120
f 3345/1950/2121 3346/1949/2121 3348/1951/2121 3347/1952/2121
f 3347/1952/2122 3348/1951/2122 3350/1953/2122 3349/1954/2122
f 3349/1954/2123 3350/1953/2123 3352/1955/2123 3351/1956/2123
f 3351/1956/2124 3352/1955/2124 3354/1957/2124 3353/1958/2124
f 3353/1958/2125 3354/1957/2125 3356/1959/2125 3355/1960/2125
f 3355/1960/2126 3356/1959/2126 3358/1961/2126 3357/1962/2126
f 3300/1963/2127 3298/1964/2127 3360/1965/2127 3358/1966/2127 3356/1967/2127 3354/1968/2127 3352/1969/2127 3350/1970/2127 3348/1971/2127 3346/1972/2127 3344/1973/2127 3342/1974/2127 3340/1975/2127 3338/1976/2127 3336/1977/2127 3334/1978/2127 3332/1979/2127 3330/1980/2127 3328/1981/2127 3326/1982/2127 3324/1983/2127 3322/1984/2127 3320/1985/2127 3318/1986/2127 3316/1987/2127 3314/1988/2127 3312/1989/2127 3310/1990/2127 3308/1991/2127 3306/1992/2127 3304/1993/2127 3302/1994/2127
f 3357/1962/2128 3358/1961/2128 3360/1995/2128 3359/1996/2128
f 3359/1996/2129 3360/1995/2129 3298/1997/2129 3297/1998/2129
f 3297/1999/2130 3299/2000/2130 3301/2001/2130 3303/2002/2130 3305/2003/2130 3307/2004/2130 3309/2005/2130 3311/2006/2130 3313/2007/2130 3315/2008/2130 3317/2009/2130 3319/2010/2130 3321/2011/2130 3323/2012/2130 3325/2013/2130 3327/2014/2130 3329/2015/2130 3331/2016/2130 3333/2017/2130 3335/2018/2130 3337/2019/2130 3339/2020/2130 3341/2021/2130 3343/2022/2130 3345/2023/2130 3347/2024/2130 3349/2025/2130 3351/2026/2130 3353/2027/2130 3355/2028/2130 3357/2029/2130 3359/2030/2130
o Cylinder.015
v 1.666527 -0.115930 0.627389
v 1.666527 0.105647 0.627389
v 1.668765 -0.115930 0.626852
v 1.668765 0.105647 0.626852
v 1.671064 -0.115930 0.626762
v 1.671064 0.105647 0.626762
v 1.673337 -0.115930 0.627122
v 1.673337 0.105647 0.627122
v 1.675496 -0.115930 0.627919
v 1.675496 0.105647 0.627919
v 1.677458 -0.115930 0.629121
v 1.677458 0.105647 0.629121
v 1.679148 -0.115930 0.630684
v 1.679148 0.105647 0.630684
v 1.680501 -0.115930 0.632546
v 1.680501 0.105647 0.632546
v 1.681464 -0.115930 0.634636
v 1.681464 0.105647 0.634636
v 1.682001 -0.115930 0.636874
v 1.682001 0.105647 0.636874
v 1.682091 -0.115930 0.639173
v 1.682091 0.105647 0.639173
v 1.681731 -0.115930 0.641446
v 1.681731 0.105647 0.641446
v 1.680934 -0.115930 0.643605
v 1.680934 0.105647 0.643605
v 1.679731 -0.115930 0.645567
v 1.679731 0.105647 0.645567
v 1.678169 -0.115930 0.647257
v 1.678169 0.105647 0.647257
v 1.676307 -0.115930 0.648609
v 1.676307 0.105647 0.648609
v 1.674217 -0.115930 0.649573
v 1.674217 0.105647 0.649573
v 1.671979 -0.115930 0.650110
v 1.671979 0.105647 0.650110
v 1.669679 -0.115930 0.650200
v 1.669679 0.105647 0.650200
v 1.667406 -0.115930 0.649839
v 1.667406 0.105647 0.649839
v 1.665247 -0.115930 0.649043
v 1.665247 0.105647 0.649043
v 1.663285 -0.115930 0.647840
v 1.663285 0.105647 0.647840
v 1.661595 -0.115930 0.646277
v 1.661595 0.105647 0.646277
v 1.660243 -0.115930 0.644415
v 1.660243 0.105647 0.644415
v 1.659280 -0.115930 0.642325
v 1.659280 0.105647 0.642325
v 1.658743 -0.115930 0.640088
v 1.658743 0.105647 0.640088
v 1.658653 -0.115930 0.637788
v 1.658653 0.105647 0.637788
v 1.659013 -0.115930 0.635515
v 1.659013 0.105647 0.635515
v 1.659810 -0.115930 0.633356
v 1.659810 0.105647 0.633356
v 1.661013 -0.115930 0.631394
v 1.661013 0.105647 0.631394
v 1.662575 -0.115930 0.629704
v 1.662575 0.105647 0.629704
v 1.664437 -0.115930 0.628352
v 1.664437 0.105647 0.628352
vn -0.2334 -0.0000 -0.9724
vn -0.0391 -0.0000 -0.9992
vn 0.1564 -0.0000 -0.9877
vn 0.3463 -0.0000 -0.9381
vn 0.5224 -0.0000 -0.8527
vn 0.6790 -0.0000 -0.7341
vn 0.8090 -0.0000 -0.5879
vn 0.9082 -0.0000 -0.4185
vn 0.9724 -0.0000 -0.2333
vn 0.9992 -0.0000 -0.0391
vn 0.9877 -0.0000 0.1564
vn 0.9381 -0.0000 0.3463
vn 0.8525 -0.0000 0.5227
vn 0.7344 -0.0000 0.6787
vn 0.5875 -0.0000 0.8092
vn 0.4189 -0.0000 0.9081
vn 0.2333 -0.0000 0.9724
vn 0.0391 -0.0000 0.9992
vn -0.1568 -0.0000 0.9876
vn -0.3464 -0.0000 0.9381
vn -0.5227 -0.0000 0.8525
vn -0.6790 -0.0000 0.7342
vn -0.8092 -0.0000 0.5875
vn -0.9082 -0.0000 0.4185
vn -0.9724 -0.0000 0.2334
vn -0.9992 -0.0000 0.0391
vn -0.9877 -0.0000 -0.1564
vn -0.9381 -0.0000 -0.3463
vn -0.8525 -0.0000 -0.5227
vn -0.7344 -0.0000 -0.6787
vn -0.0000 1.0000 -0.0000
vn -0.5875 -0.0000 -0.8092
vn -0.4185 -0.0000 -0.9082
vn -0.0000 -1.0000 -0.0000
vt 1.000000 0.500000
vt 1.000000 1.000000
vt 0.968750 1.000000
vt 0.968750 0.500000
vt 0.937500 1.000000
vt 0.937500 0.500000
vt 0.906250 1.000000
vt 0.906250 0.500000
vt 0.875000 1.000000
vt 0.875000 0.500000
vt 0.843750 1.000000
vt 0.843750 0.500000
vt 0.812500 1.000000
vt 0.812500 0.500000
vt 0.781250 1.000000
vt 0.781250 0.500000
vt 0.750000 1.000000
vt 0.750000 0.500000
vt 0.718750 1.000000
vt 0.718750 0.500000
vt 0.687500 1.000000
vt 0.687500 0.500000
vt 0.656250 1.000000
vt 0.656250 0.500000
vt 0.625000 1.000000
vt 0.625000 0.500000
vt 0.593750 1.000000
vt 0.593750 0.500000
vt 0.562500 1.000000
vt 0.562500 0.500000
vt 0.531250 1.000000
vt 0.531250 0.500000
vt 0.500000 1.000000
vt 0.500000 0.500000
vt 0.468750 1.000000
vt 0.468750 0.500000
vt 0.437500 1.000000
vt 0.437500 0.500000
vt 0.406250 1.000000
vt 0.406250 0.500000
vt 0.375000 1.000000
vt 0.375000 0.500000
vt 0.343750 1.000000
vt 0.343750 0.500000
vt 0.312500 1.000000
vt 0.312500 0.500000
vt 0.281250 1.000000
vt 0.281250 0.500000
vt 0.250000 1.000000
vt 0.250000 0.500000
vt 0.218750 1.000000
vt 0.218750 0.500000
vt 0.187500 1.000000
vt 0.187500 0.500000
vt 0.156250 1.000000
vt 0.156250 0.500000
vt 0.125000 1.000000
vt 0.125000 0.500000
vt 0.093750 1.000000
vt 0.093750 0.500000
vt 0.062500 1.000000
vt 0.062500 0.500000
vt 0.296822 0.485388
vt 0.250000 0.490000
vt 0.203178 0.485388
vt 0.158156 0.471731
vt 0.116663 0.449553
vt 0.080294 0.419706
vt 0.050447 0.383337
vt 0.028269 0.341844
vt 0.014612 0.296822
vt 0.010000 0.250000
vt 0.014612 0.203178
vt 0.028269 0.158156
vt 0.050447 0.116663
vt 0.080294 0.080294
vt 0.116663 0.050447
vt 0.158156 0.028269
vt 0.203178 0.014612
vt 0.250000 0.010000
vt 0.296822 0.014612
vt 0.341844 0.028269
vt 0.383337 0.050447
vt 0.419706 0.080294
vt 0.449553 0.116663
vt 0.471731 0.158156
vt 0.485388 0.203178
vt 0.490000 0.250000
vt 0.485388 0.296822
vt 0.471731 0.341844
vt 0.449553 0.383337
vt 0.419706 0.419706
vt 0.383337 0.449553
vt 0.341844 0.471731
vt 0.031250 1.000000
vt 0.031250 0.500000
vt 0.000000 1.000000
vt 0.000000 0.500000
vt 0.750000 0.490000
vt 0.796822 0.485388
vt 0.841844 0.471731
vt 0.883337 0.449553
vt 0.919706 0.419706
vt 0.949553 0.383337
vt 0.971731 0.341844
vt 0.985388 0.296822
vt 0.990000 0.250000
vt 0.985388 0.203178
vt 0.971731 0.158156
vt 0.949553 0.116663
vt 0.919706 0.080294
vt 0.883337 0.050447
vt 0.841844 0.028269
vt 0.796822 0.014612
vt 0.750000 0.010000
vt 0.703178 0.014612
vt 0.658156 0.028269
vt 0.616663 0.050447
vt 0.580294 0.080294
vt 0.550447 0.116663
vt 0.528269 0.158156
vt 0.514612 0.203178
vt 0.510000 0.250000
vt 0.514612 0.296822
vt 0.528269 0.341844
vt 0.550447 0.383337
vt 0.580294 0.419706
vt 0.616663 0.449553
vt 0.658156 0.471731
vt 0.703178 0.485388
s 1
f 3361/2031/2131 3362/2032/2131 3364/2033/2131 3363/2034/2131
f 3363/2034/2132 3364/2033/2132 3366/2035/2132 3365/2036/2132
f 3365/2036/2133 3366/2035/2133 3368/2037/2133 3367/2038/2133
f 3367/2038/2134 3368/2037/2134 3370/2039/2134 3369/2040/2134
f 3369/2040/2135 3370/2039/2135 3372/2041/2135 3371/2042/2135
f 3371/2042/2136 3372/2041/2136 3374/2043/2136 3373/2044/2136
f 3373/2044/2137 3374/2043/2137 3376/2045/2137 3375/2046/2137
f 3375/2046/2138 3376/2045/2138 3378/2047/2138 3377/2048/2138
f 3377/2048/2139 3378/2047/2139 3380/2049/2139 3379/2050/2139
f 3379/2050/2140 3380/2049/2140 3382/2051/2140 3381/2052/2140
f 3381/2052/2141 3382/2051/2141 3384/2053/2141 3383/2054/2141
f 3383/2054/2142 3384/2053/2142 3386/2055/2142 3385/2056/2142
f 3385/2056/2143 3386/2055/2143 3388/2057/2143 3387/2058/2143
f 3387/2058/2144 3388/2057/2144 3390/2059/2144 3389/2060/2144
f 3389/2060/2145 3390/2059/2145 3392/2061/2145 3391/2062/2145
f 3391/2062/2146 3392/2061/2146 3394/2063/2146 3393/2064/2146
f 3393/2064/2147 3394/2063/2147 3396/2065/2147 3395/2066/2147
f 3395/2066/2148 3396/2065/2148 3398/2067/2148 3397/2068/2148
f 3397/2068/2149 3398/2067/2149 3400/2069/2149 3399/2070/2149
f 3399/2070/2150 3400/2069/2150 3402/2071/2150 3401/2072/2150
f 3401/2072/2151 3402/2071/2151 3404/2073/2151 3403/2074/2151
f 3403/2074/2152 3404/2073/2152 3406/2075/2152 3405/2076/2152
f 3405/2076/2153 3406/2075/2153 3408/2077/2153 3407/2078/2153
f 3407/2078/2154 3408/2077/2154 3410/2079/2154 3409/2080/2154
f 3409/2080/2155 3410/2079/2155 3412/2081/2155 3411/2082/2155
f 3411/2082/2156 3412/2081/2156 3414/2083/2156 3413/2084/2156
f 3413/2084/2157 3414/2083/2157 3416/2085/2157 3415/2086/2157
f 3415/2086/2158 3416/2085/2158 3418/2087/2158 3417/2088/2158
f 3417/2088/2159 3418/2087/2159 3420/2089/2159 3419/2090/2159
f 3419/2090/2160 3420/2089/2160 3422/2091/2160 3421/2092/2160
f 3364/2093/2161 3362/2094/2161 3424/2095/2161 3422/2096/2161 3420/2097/2161 3418/2098/2161 3416/2099/2161 3414/2100/2161 3412/2101/2161 3410/2102/2161 3408/2103/2161 3406/2104/2161 3404/2105/2161 3402/2106/2161 3400/2107/2161 3398/2108/2161 3396/2109/2161 3394/2110/2161 3392/2111/2161 3390/2112/2161 3388/2113/2161 3386/2114/2161 3384/2115/2161 3382/2116/2161 3380/2117/2161 3378/2118/2161 3376/2119/2161 3374/2120/2161 3372/2121/2161 3370/2122/2161 3368/2123/2161 3366/2124/2161
f 3421/2092/2162 3422/2091/2162 3424/2125/2162 3423/2126/2162
f 3423/2126/2163 3424/2125/2163 3362/2127/2163 3361/2128/2163
f 3361/2129/2164 3363/2130/2164 3365/2131/2164 3367/2132/2164 3369/2133/2164 3371/2134/2164 3373/2135/2164 3375/2136/2164 3377/2137/2164 3379/2138/2164 3381/2139/2164 3383/2140/2164 3385/2141/2164 3387/2142/2164 3389/2143/2164 3391/2144/2164 3393/2145/2164 3395/2146/2164 3397/2147/2164 3399/2148/2164 3401/2149/2164 3403/2150/2164 3405/2151/2164 3407/2152/2164 3409/2153/2164 3411/2154/2164 3413/2155/2164 3415/2156/2164 3417/2157/2164 3419/2158/2164 3421/2159/2164 3423/2160/2164
o Cylinder.016
v 1.581395 -0.115930 0.813942
v 1.581395 0.105647 0.813942
v 1.583633 -0.115930 0.813405
v 1.583633 0.105647 0.813405
v 1.585932 -0.115930 0.813315
v 1.585932 0.105647 0.813315
v 1.588205 -0.115930 0.813675
v 1.588205 0.105647 0.813675
v 1.590364 -0.115930 0.814472
v 1.590364 0.105647 0.814472
v 1.592326 -0.115930 0.815675
v 1.592326 0.105647 0.815675
v 1.594016 -0.115930 0.817237
v 1.594016 0.105647 0.817237
v 1.595368 -0.115930 0.819099
v 1.595368 0.105647 0.819099
v 1.596332 -0.115930 0.821189
v 1.596332 0.105647 0.821189
v 1.596869 -0.115930 0.823427
v 1.596869 0.105647 0.823427
v 1.596959 -0.115930 0.825726
v 1.596959 0.105647 0.825726
v 1.596598 -0.115930 0.827999
v 1.596598 0.105647 0.827999
v 1.595801 -0.115930 0.830158
v 1.595801 0.105647 0.830158
v 1.594599 -0.115930 0.832120
v 1.594599 0.105647 0.832120
v 1.593036 -0.115930 0.833810
v 1.593036 0.105647 0.833810
v 1.591174 -0.115930 0.835163
v 1.591174 0.105647 0.835163
v 1.589084 -0.115930 0.836126
v 1.589084 0.105647 0.836126
v 1.586847 -0.115930 0.836663
v 1.586847 0.105647 0.836663
v 1.584547 -0.115930 0.836753
v 1.584547 0.105647 0.836753
v 1.582274 -0.115930 0.836392
v 1.582274 0.105647 0.836392
v 1.580115 -0.115930 0.835596
v 1.580115 0.105647 0.835596
v 1.578153 -0.115930 0.834393
v 1.578153 0.105647 0.834393
v 1.576463 -0.115930 0.832831
v 1.576463 0.105647 0.832831
v 1.575111 -0.115930 0.830969
v 1.575111 0.105647 0.830969
v 1.574148 -0.115930 0.828879
v 1.574148 0.105647 0.828879
v 1.573611 -0.115930 0.826641
v 1.573611 0.105647 0.826641
v 1.573521 -0.115930 0.824341
v 1.573521 0.105647 0.824341
v 1.573881 -0.115930 0.822068
v 1.573881 0.105647 0.822068
v 1.574678 -0.115930 0.819909
v 1.574678 0.105647 0.819909
v 1.575881 -0.115930 0.817947
v 1.575881 0.105647 0.817947
v 1.577443 -0.115930 0.816257
v 1.577443 0.105647 0.816257
v 1.579305 -0.115930 0.814905
v 1.579305 0.105647 0.814905
vn -0.2334 -0.0000 -0.9724
vn -0.0391 -0.0000 -0.9992
vn 0.1564 -0.0000 -0.9877
vn 0.3463 -0.0000 -0.9381
vn 0.5227 -0.0000 -0.8525
vn 0.6788 -0.0000 -0.7343
vn 0.8092 -0.0000 -0.5876
vn 0.9083 -0.0000 -0.4184
vn 0.9724 -0.0000 -0.2333
vn 0.9992 -0.0000 -0.0391
vn 0.9876 -0.0000 0.1568
vn 0.9381 -0.0000 0.3463
vn 0.8527 -0.0000 0.5224
vn 0.7342 -0.0000 0.6790
vn 0.5878 -0.0000 0.8090
vn 0.4185 -0.0000 0.9082
vn 0.2334 -0.0000 0.9724
vn 0.0391 -0.0000 0.9992
vn -0.1568 -0.0000 0.9876
vn -0.3464 -0.0000 0.9381
vn -0.5227 -0.0000 0.8525
vn -0.6787 -0.0000 0.7344
vn -0.8089 -0.0000 0.5879
vn -0.9082 -0.0000 0.4185
vn -0.9724 -0.0000 0.2333
vn -0.9992 -0.0000 0.0391
vn -0.9877 -0.0000 -0.1564
vn -0.9381 -0.0000 -0.3463
vn -0.8525 -0.0000 -0.5227
vn -0.7344 -0.0000 -0.6787
vn -0.0000 1.0000 -0.0000
vn -0.5875 -0.0000 -0.8092
vn -0.4185 -0.0000 -0.9082
vn -0.0000 -1.0000 -0.0000
vt 1.000000 0.500000
vt 1.000000 1.000000
vt 0.968750 1.000000
vt 0.968750 0.500000
vt 0.937500 1.000000
vt 0.937500 0.500000
vt 0.906250 1.000000
vt 0.906250 0.500000
vt 0.875000 1.000000
vt 0.875000 0.500000
vt 0.843750 1.000000
vt 0.843750 0.500000
vt 0.812500 1.000000
vt 0.812500 0.500000
vt 0.781250 1.000000
vt 0.781250 0.500000
vt 0.750000 1.000000
vt 0.750000 0.500000
vt 0.718750 1.000000
vt 0.718750 0.500000
vt 0.687500 1.000000
vt 0.687500 0.500000
vt 0.656250 1.000000
vt 0.656250 0.500000
vt 0.625000 1.000000
vt 0.625000 0.500000
vt 0.593750 1.000000
vt 0.593750 0.500000
vt 0.562500 1.000000
vt 0.562500 0.500000
vt 0.531250 1.000000
vt 0.531250 0.500000
vt 0.500000 1.000000
vt 0.500000 0.500000
vt 0.468750 1.000000
vt 0.468750 0.500000
vt 0.437500 1.000000
vt 0.437500 0.500000
vt 0.406250 1.000000
vt 0.406250 0.500000
vt 0.375000 1.000000
vt 0.375000 0.500000
vt 0.343750 1.000000
vt 0.343750 0.500000
vt 0.312500 1.000000
vt 0.312500 0.500000
vt 0.281250 1.000000
vt 0.281250 0.500000
vt 0.250000 1.000000
vt 0.250000 0.500000
vt 0.218750 1.000000
vt 0.218750 0.500000
vt 0.187500 1.000000
vt 0.187500 0.500000
vt 0.156250 1.000000
vt 0.156250 0.500000
vt 0.125000 1.000000
vt 0.125000 0.500000
vt 0.093750 1.000000
vt 0.093750 0.500000
vt 0.062500 1.000000
vt 0.062500 0.500000
vt 0.296822 0.485388
vt 0.250000 0.490000
vt 0.203178 0.485388
vt 0.158156 0.471731
vt 0.116663 0.449553
vt 0.080294 0.419706
vt 0.050447 0.383337
vt 0.028269 0.341844
vt 0.014612 0.296822
vt 0.010000 0.250000
vt 0.014612 0.203178
vt 0.028269 0.158156
vt 0.050447 0.116663
vt 0.080294 0.080294
vt 0.116663 0.050447
vt 0.158156 0.028269
vt 0.203178 0.014612
vt 0.250000 0.010000
vt 0.296822 0.014612
vt 0.341844 0.028269
vt 0.383337 0.050447
vt 0.419706 0.080294
vt 0.449553 0.116663
vt 0.471731 0.158156
vt 0.485388 0.203178
vt 0.490000 0.250000
vt 0.485388 0.296822
vt 0.471731 0.341844
vt 0.449553 0.383337
vt 0.419706 0.419706
vt 0.383337 0.449553
vt 0.341844 0.471731
vt 0.031250 1.000000
vt 0.031250 0.500000
vt 0.000000 1.000000
vt 0.000000 0.500000
vt 0.750000 0.490000
vt 0.796822 0.485388
vt 0.841844 0.471731
vt 0.883337 0.449553
vt 0.919706 0.419706
vt 0.949553 0.383337
vt 0.971731 0.341844
vt 0.985388 0.296822
vt 0.990000 0.250000
vt 0.985388 0.203178
vt 0.971731 0.158156
vt 0.949553 0.116663
vt 0.919706 0.080294
vt 0.883337 0.050447
vt 0.841844 0.028269
vt 0.796822 0.014612
vt 0.750000 0.010000
vt 0.703178 0.014612
vt 0.658156 0.028269
vt 0.616663 0.050447
vt 0.580294 0.080294
vt 0.550447 0.116663
vt 0.528269 0.158156
vt 0.514612 0.203178
vt 0.510000 0.250000
vt 0.514612 0.296822
vt 0.528269 0.341844
vt 0.550447 0.383337
vt 0.580294 0.419706
vt 0.616663 0.449553
vt 0.658156 0.471731
vt 0.703178 0.485388
s 1
f 3425/2161/2165 3426/2162/2165 3428/2163/2165 3427/2164/2165
f 3427/2164/2166 3428/2163/2166 3430/2165/2166 3429/2166/2166
f 3429/2166/2167 3430/2165/2167 3432/2167/2167 3431/2168/2167
f 3431/2168/2168 3432/2167/2168 3434/2169/2168 3433/2170/2168
f 3433/2170/2169 3434/2169/2169 3436/2171/2169 3435/2172/2169
f 3435/2172/2170 3436/2171/2170 3438/2173/2170 3437/2174/2170
f 3437/2174/2171 3438/2173/2171 3440/2175/2171 3439/2176/2171
f 3439/2176/2172 3440/2175/2172 3442/2177/2172 3441/2178/2172
f 3441/2178/2173 3442/2177/2173 3444/2179/2173 3443/2180/2173
f 3443/2180/2174 3444/2179/2174 3446/2181/2174 3445/2182/2174
f 3445/2182/2175 3446/2181/2175 3448/2183/2175 3447/2184/2175
f 3447/2184/2176 3448/2183/2176 3450/2185/2176 3449/2186/2176
f 3449/2186/2177 3450/2185/2177 3452/2187/2177 3451/2188/2177
f 3451/2188/2178 3452/2187/2178 3454/2189/2178 3453/2190/2178
f 3453/2190/2179 3454/2189/2179 3456/2191/2179 3455/2192/2179
f 3455/2192/2180 3456/2191/2180 3458/2193/2180 3457/2194/2180
f 3457/2194/2181 3458/2193/2181 3460/2195/2181 3459/2196/2181
f 3459/2196/2182 3460/2195/2182 3462/2197/2182 3461/2198/2182
f 3461/2198/2183 3462/2197/2183 3464/2199/2183 3463/2200/2183
f 3463/2200/2184 3464/2199/2184 3466/2201/2184 3465/2202/2184
f 3465/2202/2185 3466/2201/2185 3468/2203/2185 3467/2204/2185
f 3467/2204/2186 3468/2203/2186 3470/2205/2186 3469/2206/2186
f 3469/2206/2187 3470/2205/2187 3472/2207/2187 3471/2208/2187
f 3471/2208/2188 3472/2207/2188 3474/2209/2188 3473/2210/2188
f 3473/2210/2189 3474/2209/2189 3476/2211/2189 3475/2212/2189
f 3475/2212/2190 3476/2211/2190 3478/2213/2190 3477/2214/2190
f 3477/2214/2191 3478/2213/2191 3480/2215/2191 3479/2216/2191
f 3479/2216/2192 3480/2215/2192 3482/2217/2192 3481/2218/2192
f 3481/2218/2193 3482/2217/2193 3484/2219/2193 3483/2220/2193
f 3483/2220/2194 3484/2219/2194 3486/2221/2194 3485/2222/2194
f 3428/2223/2195 3426/2224/2195 3488/2225/2195 3486/2226/2195 3484/2227/2195 3482/2228/2195 3480/2229/2195 3478/2230/2195 3476/2231/2195 3474/2232/2195 3472/2233/2195 3470/2234/2195 3468/2235/2195 3466/2236/2195 3464/2237/2195 3462/2238/2195 3460/2239/2195 3458/2240/2195 3456/2241/2195 3454/2242/2195 3452/2243/2195 3450/2244/2195 3448/2245/2195 3446/2246/2195 3444/2247/2195 3442/2248/2195 3440/2249/2195 3438/2250/2195 3436/2251/2195 3434/2252/2195 3432/2253/2195 3430/2254/2195
f 3485/2222/2196 3486/2221/2196 3488/2255/2196 3487/2256/2196
f 3487/2256/2197 3488/2255/2197 3426/2257/2197 3425/2258/2197
f 3425/2259/2198 3427/2260/2198 3429/2261/2198 3431/2262/2198 3433/2263/2198 3435/2264/2198 3437/2265/2198 3439/2266/2198 3441/2267/2198 3443/2268/2198 3445/2269/2198 3447/2270/2198 3449/2271/2198 3451/2272/2198 3453/2273/2198 3455/2274/2198 3457/2275/2198 3459/2276/2198 3461/2277/2198 3463/2278/2198 3465/2279/2198 3467/2280/2198 3469/2281/2198 3471/2282/2198 3473/2283/2198 3475/2284/2198 3477/2285/2198 3479/2286/2198 3481/2287/2198 3483/2288/2198 3485/2289/2198 3487/2290/2198
o Cylinder.017
v 1.243052 -0.115930 -0.104377
v 1.243052 0.105647 -0.104377
v 1.245290 -0.115930 -0.104914
v 1.245290 0.105647 -0.104914
v 1.247589 -0.115930 -0.105004
v 1.247589 0.105647 -0.105004
v 1.249862 -0.115930 -0.104644
v 1.249862 0.105647 -0.104644
v 1.252021 -0.115930 -0.103847
v 1.252021 0.105647 -0.103847
v 1.253983 -0.115930 -0.102644
v 1.253983 0.105647 -0.102644
v 1.255673 -0.115930 -0.101082
v 1.255673 0.105647 -0.101082
v 1.257025 -0.115930 -0.099220
v 1.257025 0.105647 -0.099220
v 1.257988 -0.115930 -0.097130
v 1.257988 0.105647 -0.097130
v 1.258525 -0.115930 -0.094892
v 1.258525 0.105647 -0.094892
v 1.258615 -0.115930 -0.092593
v 1.258615 0.105647 -0.092593
v 1.258255 -0.115930 -0.090320
v 1.258255 0.105647 -0.090320
v 1.257458 -0.115930 -0.088161
v 1.257458 0.105647 -0.088161
v 1.256256 -0.115930 -0.086199
v 1.256256 0.105647 -0.086199
v 1.254693 -0.115930 -0.084509
v 1.254693 0.105647 -0.084509
v 1.252831 -0.115930 -0.083156
v 1.252831 0.105647 -0.083156
v 1.250741 -0.115930 -0.082193
v 1.250741 0.105647 -0.082193
v 1.248503 -0.115930 -0.081656
v 1.248503 0.105647 -0.081656
v 1.246204 -0.115930 -0.081566
v 1.246204 0.105647 -0.081566
v 1.243931 -0.115930 -0.081926
v 1.243931 0.105647 -0.081926
v 1.241772 -0.115930 -0.082723
v 1.241772 0.105647 -0.082723
v 1.239810 -0.115930 -0.083926
v 1.239810 0.105647 -0.083926
v 1.238120 -0.115930 -0.085488
v 1.238120 0.105647 -0.085488
v 1.236768 -0.115930 -0.087350
v 1.236768 0.105647 -0.087350
v 1.235805 -0.115930 -0.089440
v 1.235805 0.105647 -0.089440
v 1.235268 -0.115930 -0.091678
v 1.235268 0.105647 -0.091678
v 1.235178 -0.115930 -0.093978
v 1.235178 0.105647 -0.093978
v 1.235538 -0.115930 -0.096251
v 1.235538 0.105647 -0.096251
v 1.236335 -0.115930 -0.098410
v 1.236335 0.105647 -0.098410
v 1.237537 -0.115930 -0.100372
v 1.237537 0.105647 -0.100372
v 1.239100 -0.115930 -0.102062
v 1.239100 0.105647 -0.102062
v 1.240962 -0.115930 -0.103414
v 1.240962 0.105647 -0.103414
vn -0.2333 -0.0000 -0.9724
vn -0.0391 -0.0000 -0.9992
vn 0.1568 -0.0000 -0.9876
vn 0.3463 -0.0000 -0.9381
vn 0.5227 -0.0000 -0.8525
vn 0.6787 -0.0000 -0.7344
vn 0.8092 -0.0000 -0.5875
vn 0.9082 -0.0000 -0.4185
vn 0.9724 -0.0000 -0.2333
vn 0.9992 -0.0000 -0.0391
vn 0.9877 -0.0000 0.1564
vn 0.9383 -0.0000 0.3459
vn 0.8527 -0.0000 0.5224
vn 0.7342 -0.0000 0.6790
vn 0.5878 -0.0000 0.8090
vn 0.4185 -0.0000 0.9082
vn 0.2333 -0.0000 0.9724
vn 0.0391 -0.0000 0.9992
vn -0.1568 -0.0000 0.9876
vn -0.3463 -0.0000 0.9381
vn -0.5227 -0.0000 0.8525
vn -0.6787 -0.0000 0.7344
vn -0.8092 -0.0000 0.5875
vn -0.9082 -0.0000 0.4185
vn -0.9724 -0.0000 0.2333
vn -0.9992 -0.0000 0.0391
vn -0.9877 -0.0000 -0.1564
vn -0.9383 -0.0000 -0.3459
vn -0.8527 -0.0000 -0.5224
vn -0.7342 -0.0000 -0.6790
vn -0.0000 1.0000 -0.0000
vn -0.5878 -0.0000 -0.8090
vn -0.4185 -0.0000 -0.9082
vn -0.0000 -1.0000 -0.0000
vt 1.000000 0.500000
vt 1.000000 1.000000
vt 0.968750 1.000000
vt 0.968750 0.500000
vt 0.937500 1.000000
vt 0.937500 0.500000
vt 0.906250 1.000000
vt 0.906250 0.500000
vt 0.875000 1.000000
vt 0.875000 0.500000
vt 0.843750 1.000000
vt 0.843750 0.500000
vt 0.812500 1.000000
vt 0.812500 0.500000
vt 0.781250 1.000000
vt 0.781250 0.500000
vt 0.750000 1.000000
vt 0.750000 0.500000
vt 0.718750 1.000000
vt 0.718750 0.500000
vt 0.687500 1.000000
vt 0.687500 0.500000
vt 0.656250 1.000000
vt 0.656250 0.500000
vt 0.625000 1.000000
vt 0.625000 0.500000
vt 0.593750 1.000000
vt 0.593750 0.500000
vt 0.562500 1.000000
vt 0.562500 0.500000
vt 0.531250 1.000000
vt 0.531250 0.500000
vt 0.500000 1.000000
vt 0.500000 0.500000
vt 0.468750 1.000000
vt 0.468750 0.500000
vt 0.437500 1.000000
vt 0.437500 0.500000
vt 0.406250 1.000000
vt 0.406250 0.500000
vt 0.375000 1.000000
vt 0.375000 0.500000
vt 0.343750 1.000000
vt 0.343750 0.500000
vt 0.312500 1.000000
vt 0.312500 0.500000
vt 0.281250 1.000000
vt 0.281250 0.500000
vt 0.250000 1.000000
vt 0.250000 0.500000
vt 0.218750 1.000000
vt 0.218750 0.500000
vt 0.187500 1.000000
vt 0.187500 0.500000
vt 0.156250 1.000000
vt 0.156250 0.500000
vt 0.125000 1.000000
vt 0.125000 0.500000
vt 0.093750 1.000000
vt 0.093750 0.500000
vt 0.062500 1.000000
vt 0.062500 0.500000
vt 0.296822 0.485388
vt 0.250000 0.490000
vt 0.203178 0.485388
vt 0.158156 0.471731
vt 0.116663 0.449553
vt 0.080294 0.419706
vt 0.050447 0.383337
vt 0.028269 0.341844
vt 0.014612 0.296822
vt 0.010000 0.250000
vt 0.014612 0.203178
vt 0.028269 0.158156
vt 0.050447 0.116663
vt 0.080294 0.080294
vt 0.116663 0.050447
vt 0.158156 0.028269
vt 0.203178 0.014612
vt 0.250000 0.010000
vt 0.296822 0.014612
vt 0.341844 0.028269
vt 0.383337 0.050447
vt 0.419706 0.080294
vt 0.449553 0.116663
vt 0.471731 0.158156
vt 0.485388 0.203178
vt 0.490000 0.250000
vt 0.485388 0.296822
vt 0.471731 0.341844
vt 0.449553 0.383337
vt 0.419706 0.419706
vt 0.383337 0.449553
vt 0.341844 0.471731
vt 0.031250 1.000000
vt 0.031250 0.500000
vt 0.000000 1.000000
vt 0.000000 0.500000
vt 0.750000 0.490000
vt 0.796822 0.485388
vt 0.841844 0.471731
vt 0.883337 0.449553
vt 0.919706 0.419706
vt 0.949553 0.383337
vt 0.971731 0.341844
vt 0.985388 0.296822
vt 0.990000 0.250000
vt 0.985388 0.203178
vt 0.971731 0.158156
vt 0.949553 0.116663
vt 0.919706 0.080294
vt 0.883337 0.050447
vt 0.841844 0.028269
vt 0.796822 0.014612
vt 0.750000 0.010000
vt 0.703178 0.014612
vt 0.658156 0.028269
vt 0.616663 0.050447
vt 0.580294 0.080294
vt 0.550447 0.116663
vt 0.528269 0.158156
vt 0.514612 0.203178
vt 0.510000 0.250000
vt 0.514612 0.296822
vt 0.528269 0.341844
vt 0.550447 0.383337
vt 0.580294 0.419706
vt 0.616663 0.449553
vt 0.658156 0.471731
vt 0.703178 0.485388
s 1
f 3489/2291/2199 3490/2292/2199 3492/2293/2199 3491/2294/2199
f 3491/2294/2200 3492/2293/2200 3494/2295/2200 3493/2296/2200
f 3493/2296/2201 3494/2295/2201 3496/2297/2201 3495/2298/2201
f 3495/2298/2202 3496/2297/2202 3498/2299/2202 3497/2300/2202
f 3497/2300/2203 3498/2299/2203 3500/2301/2203 3499/2302/2203
f 3499/2302/2204 3500/2301/2204 3502/2303/2204 3501/2304/2204
f 3501/2304/2205 3502/2303/2205 3504/2305/2205 3503/2306/2205
f 3503/2306/2206 3504/2305/2206 3506/2307/2206 3505/2308/2206
f 3505/2308/2207 3506/2307/2207 3508/2309/2207 3507/2310/2207
f 3507/2310/2208 3508/2309/2208 3510/2311/2208 3509/2312/2208
f 3509/2312/2209 3510/2311/2209 3512/2313/2209 3511/2314/2209
f 3511/2314/2210 3512/2313/2210 3514/2315/2210 3513/2316/2210
f 3513/2316/2211 3514/2315/2211 3516/2317/2211 3515/2318/2211
f 3515/2318/2212 3516/2317/2212 3518/2319/2212 3517/2320/2212
f 3517/2320/2213 3518/2319/2213 3520/2321/2213 3519/2322/2213
f 3519/2322/2214 3520/2321/2214 3522/2323/2214 3521/2324/2214
f 3521/2324/2215 3522/2323/2215 3524/2325/2215 3523/2326/2215
f 3523/2326/2216 3524/2325/2216 3526/2327/2216 3525/2328/2216
f 3525/2328/2217 3526/2327/2217 3528/2329/2217 3527/2330/2217
f 3527/2330/2218 3528/2329/2218 3530/2331/2218 3529/2332/2218
f 3529/2332/2219 3530/2331/2219 3532/2333/2219 3531/2334/2219
f 3531/2334/2220 3532/2333/2220 3534/2335/2220 3533/2336/2220
f 3533/2336/2221 3534/2335/2221 3536/2337/2221 3535/2338/2221
f 3535/2338/2222 3536/2337/2222 3538/2339/2222 3537/2340/2222
f 3537/2340/2223 3538/2339/2223 3540/2341/2223 3539/2342/2223
f 3539/2342/2224 3540/2341/2224 3542/2343/2224 3541/2344/2224
f 3541/2344/2225 3542/2343/2225 3544/2345/2225 3543/2346/2225
f 3543/2346/2226 3544/2345/2226 3546/2347/2226 3545/2348/2226
f 3545/2348/2227 3546/2347/2227 3548/2349/2227 3547/2350/2227
f 3547/2350/2228 3548/2349/2228 3550/2351/2228 3549/2352/2228
f 3492/2353/2229 3490/2354/2229 3552/2355/2229 3550/2356/2229 3548/2357/2229 3546/2358/2229 3544/2359/2229 3542/2360/2229 3540/2361/2229 3538/2362/2229 3536/2363/2229 3534/2364/2229 3532/2365/2229 3530/2366/2229 3528/2367/2229 3526/2368/2229 3524/2369/2229 3522/2370/2229 3520/2371/2229 3518/2372/2229 3516/2373/2229 3514/2374/2229 3512/2375/2229 3510/2376/2229 3508/2377/2229 3506/2378/2229 3504/2379/2229 3502/2380/2229 3500/2381/2229 3498/2382/2229 3496/2383/2229 3494/2384/2229
f 3549/2352/2230 3550/2351/2230 3552/2385/2230 3551/2386/2230
f 3551/2386/2231 3552/2385/2231 3490/2387/2231 3489/2388/2231
f 3489/2389/2232 3491/2390/2232 3493/2391/2232 3495/2392/2232 3497/2393/2232 3499/2394/2232 3501/2395/2232 3503/2396/2232 3505/2397/2232 3507/2398/2232 3509/2399/2232 3511/2400/2232 3513/2401/2232 3515/2402/2232 3517/2403/2232 3519/2404/2232 3521/2405/2232 3523/2406/2232 3525/2407/2232 3527/2408/2232 3529/2409/2232 3531/2410/2232 3533/2411/2232 3535/2412/2232 3537/2413/2232 3539/2414/2232 3541/2415/2232 3543/2416/2232 3545/2417/2232 3547/2418/2232 3549/2419/2232 3551/2420/2232
o Cylinder.018
v 1.636100 -0.115930 -0.108628
v 1.636100 0.105647 -0.108628
v 1.638338 -0.115930 -0.109165
v 1.638338 0.105647 -0.109165
v 1.640637 -0.115930 -0.109255
v 1.640637 0.105647 -0.109255
v 1.642910 -0.115930 -0.108895
v 1.642910 0.105647 -0.108895
v 1.645069 -0.115930 -0.108098
v 1.645069 0.105647 -0.108098
v 1.647031 -0.115930 -0.106895
v 1.647031 0.105647 -0.106895
v 1.648721 -0.115930 -0.105333
v 1.648721 0.105647 -0.105333
v 1.650073 -0.115930 -0.103471
v 1.650073 0.105647 -0.103471
v 1.651037 -0.115930 -0.101381
v 1.651037 0.105647 -0.101381
v 1.651574 -0.115930 -0.099143
v 1.651574 0.105647 -0.099143
v 1.651664 -0.115930 -0.096844
v 1.651664 0.105647 -0.096844
v 1.651303 -0.115930 -0.094571
v 1.651303 0.105647 -0.094571
v 1.650506 -0.115930 -0.092412
v 1.650506 0.105647 -0.092412
v 1.649304 -0.115930 -0.090450
v 1.649304 0.105647 -0.090450
v 1.647741 -0.115930 -0.088760
v 1.647741 0.105647 -0.088760
v 1.645880 -0.115930 -0.087407
v 1.645880 0.105647 -0.087407
v 1.643789 -0.115930 -0.086444
v 1.643789 0.105647 -0.086444
v 1.641552 -0.115930 -0.085907
v 1.641552 0.105647 -0.085907
v 1.639252 -0.115930 -0.085817
v 1.639252 0.105647 -0.085817
v 1.636979 -0.115930 -0.086178
v 1.636979 0.105647 -0.086178
v 1.634820 -0.115930 -0.086974
v 1.634820 0.105647 -0.086974
v 1.632858 -0.115930 -0.088177
v 1.632858 0.105647 -0.088177
v 1.631168 -0.115930 -0.089739
v 1.631168 0.105647 -0.089739
v 1.629816 -0.115930 -0.091601
v 1.629816 0.105647 -0.091601
v 1.628853 -0.115930 -0.093691
v 1.628853 0.105647 -0.093691
v 1.628316 -0.115930 -0.095929
v 1.628316 0.105647 -0.095929
v 1.628226 -0.115930 -0.098229
v 1.628226 0.105647 -0.098229
v 1.628586 -0.115930 -0.100502
v 1.628586 0.105647 -0.100502
v 1.629383 -0.115930 -0.102661
v 1.629383 0.105647 -0.102661
v 1.630586 -0.115930 -0.104623
v 1.630586 0.105647 -0.104623
v 1.632148 -0.115930 -0.106313
v 1.632148 0.105647 -0.106313
v 1.634010 -0.115930 -0.107665
v 1.634010 0.105647 -0.107665
vn -0.2333 -0.0000 -0.9724
vn -0.0391 -0.0000 -0.9992
vn 0.1568 -0.0000 -0.9876
vn 0.3463 -0.0000 -0.9381
vn 0.5227 -0.0000 -0.8525
vn 0.6787 -0.0000 -0.7344
vn 0.8092 -0.0000 -0.5876
vn 0.9081 -0.0000 -0.4188
vn 0.9724 -0.0000 -0.2333
vn 0.9992 -0.0000 -0.0391
vn 0.9876 -0.0000 0.1568
vn 0.9383 -0.0000 0.3459
vn 0.8525 -0.0000 0.5227
vn 0.7341 -0.0000 0.6790
vn 0.5876 -0.0000 0.8092
vn 0.4188 -0.0000 0.9081
vn 0.2334 -0.0000 0.9724
vn 0.0391 -0.0000 0.9992
vn -0.1565 -0.0000 0.9877
vn -0.3462 -0.0000 0.9381
vn -0.5227 -0.0000 0.8525
vn -0.6787 -0.0000 0.7344
vn -0.8092 -0.0000 0.5875
vn -0.9082 -0.0000 0.4185
vn -0.9724 -0.0000 0.2333
vn -0.9992 -0.0000 0.0391
vn -0.9877 -0.0000 -0.1564
vn -0.9381 -0.0000 -0.3463
vn -0.8525 -0.0000 -0.5227
vn -0.7344 -0.0000 -0.6787
vn -0.0000 1.0000 -0.0000
vn -0.5876 -0.0000 -0.8092
vn -0.4185 -0.0000 -0.9082
vn -0.0000 -1.0000 -0.0000
vt 1.000000 0.500000
vt 1.000000 1.000000
vt 0.968750 1.000000
vt 0.968750 0.500000
vt 0.937500 1.000000
vt 0.937500 0.500000
vt 0.906250 1.000000
vt 0.906250 0.500000
vt 0.875000 1.000000
vt 0.875000 0.500000
vt 0.843750 1.000000
vt 0.843750 0.500000
vt 0.812500 1.000000
vt 0.812500 0.500000
vt 0.781250 1.000000
vt 0.781250 0.500000
vt 0.750000 1.000000
vt 0.750000 0.500000
vt 0.718750 1.000000
vt 0.718750 0.500000
vt 0.687500 1.000000
vt 0.687500 0.500000
vt 0.656250 1.000000
vt 0.656250 0.500000
vt 0.625000 1.000000
vt 0.625000 0.500000
vt 0.593750 1.000000
vt 0.593750 0.500000
vt 0.562500 1.000000
vt 0.562500 0.500000
vt 0.531250 1.000000
vt 0.531250 0.500000
vt 0.500000 1.000000
vt 0.500000 0.500000
vt 0.468750 1.000000
vt 0.468750 0.500000
vt 0.437500 1.000000
vt 0.437500 0.500000
vt 0.406250 1.000000
vt 0.406250 0.500000
vt 0.375000 1.000000
vt 0.375000 0.500000
vt 0.343750 1.000000
vt 0.343750 0.500000
vt 0.312500 1.000000
vt 0.312500 0.500000
vt 0.281250 1.000000
vt 0.281250 0.500000
vt 0.250000 1.000000
vt 0.250000 0.500000
vt 0.218750 1.000000
vt 0.218750 0.500000
vt 0.187500 1.000000
vt 0.187500 0.500000
vt 0.156250 1.000000
vt 0.156250 0.500000
vt 0.125000 1.000000
vt 0.125000 0.500000
vt 0.093750 1.000000
vt 0.093750 0.500000
vt 0.062500 1.000000
vt 0.062500 0.500000
vt 0.296822 0.485388
vt 0.250000 0.490000
vt 0.203178 0.485388
vt 0.158156 0.471731
vt 0.116663 0.449553
vt 0.080294 0.419706
vt 0.050447 0.383337
vt 0.028269 0.341844
vt 0.014612 0.296822
vt 0.010000 0.250000
vt 0.014612 0.203178
vt 0.028269 0.158156
vt 0.050447 0.116663
vt 0.080294 0.080294
vt 0.116663 0.050447
vt 0.158156 0.028269
vt 0.203178 0.014612
vt 0.250000 0.010000
vt 0.296822 0.014612
vt 0.341844 0.028269
vt 0.383337 0.050447
vt 0.419706 0.080294
vt 0.449553 0.116663
vt 0.471731 0.158156
vt 0.485388 0.203178
vt 0.490000 0.250000
vt 0.485388 0.296822
vt 0.471731 0.341844
vt 0.449553 0.383337
vt 0.419706 0.419706
vt 0.383337 0.449553
vt 0.341844 0.471731
vt 0.031250 1.000000
vt 0.031250 0.500000
vt 0.000000 1.000000
vt 0.000000 0.500000
vt 0.750000 0.490000
vt 0.796822 0.485388
vt 0.841844 0.471731
vt 0.883337 0.449553
vt 0.919706 0.419706
vt 0.949553 0.383337
vt 0.971731 0.341844
vt 0.985388 0.296822
vt 0.990000 0.250000
vt 0.985388 0.203178
vt 0.971731 0.158156
vt 0.949553 0.116663
vt 0.919706 0.080294
vt 0.883337 0.050447
vt 0.841844 0.028269
vt 0.796822 0.014612
vt 0.750000 0.010000
vt 0.703178 0.014612
vt 0.658156 0.028269
vt 0.616663 0.050447
vt 0.580294 0.080294
vt 0.550447 0.116663
vt 0.528269 0.158156
vt 0.514612 0.203178
vt 0.510000 0.250000
vt 0.514612 0.296822
vt 0.528269 0.341844
vt 0.550447 0.383337
vt 0.580294 0.419706
vt 0.616663 0.449553
vt 0.658156 0.471731
vt 0.703178 0.485388
s 1
f 3553/2421/2233 3554/2422/2233 3556/2423/2233 3555/2424/2233
f 3555/2424/2234 3556/2423/2234 3558/2425/2234 3557/2426/2234
f 3557/2426/2235 3558/2425/2235 3560/2427/2235 3559/2428/2235
f 3559/2428/2236 3560/2427/2236 3562/2429/2236 3561/2430/2236
f 3561/2430/2237 3562/2429/2237 3564/2431/2237 3563/2432/2237
f 3563/2432/2238 3564/2431/2238 3566/2433/2238 3565/2434/2238
f 3565/2434/2239 3566/2433/2239 3568/2435/2239 3567/2436/2239
f 3567/2436/2240 3568/2435/2240 3570/2437/2240 3569/2438/2240
f 3569/2438/2241 3570/2437/2241 3572/2439/2241 3571/2440/2241
f 3571/2440/2242 3572/2439/2242 3574/2441/2242 3573/2442/2242
f 3573/2442/2243 3574/2441/2243 3576/2443/2243 3575/2444/2243
f 3575/2444/2244 3576/2443/2244 3578/2445/2244 3577/2446/2244
f 3577/2446/2245 3578/2445/2245 3580/2447/2245 3579/2448/2245
f 3579/2448/2246 3580/2447/2246 3582/2449/2246 3581/2450/2246
f 3581/2450/2247 3582/2449/2247 3584/2451/2247 3583/2452/2247
f 3583/2452/2248 3584/2451/2248 3586/2453/2248 3585/2454/2248
f 3585/2454/2249 3586/2453/2249 3588/2455/2249 3587/2456/2249
f 3587/2456/2250 3588/2455/2250 3590/2457/2250 3589/2458/2250
f 3589/2458/2251 3590/2457/2251 3592/2459/2251 3591/2460/2251
f 3591/2460/2252 3592/2459/2252 3594/2461/2252 3593/2462/2252
f 3593/2462/2253 3594/2461/2253 3596/2463/2253 3595/2464/2253
f 3595/2464/2254 3596/2463/2254 3598/2465/2254 3597/2466/2254
f 3597/2466/2255 3598/2465/2255 3600/2467/2255 3599/2468/2255
f 3599/2468/2256 3600/2467/2256 3602/2469/2256 3601/2470/2256
f 3601/2470/2257 3602/2469/2257 3604/2471/2257 3603/2472/2257
f 3603/2472/2258 3604/2471/2258 3606/2473/2258 3605/2474/2258
f 3605/2474/2259 3606/2473/2259 3608/2475/2259 3607/2476/2259
f 3607/2476/2260 3608/2475/2260 3610/2477/2260 3609/2478/2260
f 3609/2478/2261 3610/2477/2261 3612/2479/2261 3611/2480/2261
f 3611/2480/2262 3612/2479/2262 3614/2481/2262 3613/2482/2262
f 3556/2483/2263 3554/2484/2263 3616/2485/2263 3614/2486/2263 3612/2487/2263 3610/2488/2263 3608/2489/2263 3606/2490/2263 3604/2491/2263 3602/2492/2263 3600/2493/2263 3598/2494/2263 3596/2495/2263 3594/2496/2263 3592/2497/2263 3590/2498/2263 3588/2499/2263 3586/2500/2263 3584/2501/2263 3582/2502/2263 3580/2503/2263 3578/2504/2263 3576/2505/2263 3574/2506/2263 3572/2507/2263 3570/2508/2263 3568/2509/2263 3566/2510/2263 3564/2511/2263 3562/2512/2263 3560/2513/2263 3558/2514/2263
f 3613/2482/2264 3614/2481/2264 3616/2515/2264 3615/2516/2264
f 3615/2516/2265 3616/2515/2265 3554/2517/2265 3553/2518/2265
f 3553/2519/2266 3555/2520/2266 3557/2521/2266 3559/2522/2266 3561/2523/2266 3563/2524/2266 3565/2525/2266 3567/2526/2266 3569/2527/2266 3571/2528/2266 3573/2529/2266 3575/2530/2266 3577/2531/2266 3579/2532/2266 3581/2533/2266 3583/2534/2266 3585/2535/2266 3587/2536/2266 3589/2537/2266 3591/2538/2266 3593/2539/2266 3595/2540/2266 3597/2541/2266 3599/2542/2266 3601/2543/2266 3603/2544/2266 3605/2545/2266 3607/2546/2266 3609/2547/2266 3611/2548/2266 3613/2549/2266 3615/2550/2266
o Cylinder.019
v 1.666232 -0.115930 -0.021698
v 1.666232 0.105647 -0.021698
v 1.668470 -0.115930 -0.022235
v 1.668470 0.105647 -0.022235
v 1.670769 -0.115930 -0.022325
v 1.670769 0.105647 -0.022325
v 1.673042 -0.115930 -0.021965
v 1.673042 0.105647 -0.021965
v 1.675201 -0.115930 -0.021168
v 1.675201 0.105647 -0.021168
v 1.677163 -0.115930 -0.019965
v 1.677163 0.105647 -0.019965
v 1.678853 -0.115930 -0.018403
v 1.678853 0.105647 -0.018403
v 1.680205 -0.115930 -0.016541
v 1.680205 0.105647 -0.016541
v 1.681169 -0.115930 -0.014451
v 1.681169 0.105647 -0.014451
v 1.681706 -0.115930 -0.012213
v 1.681706 0.105647 -0.012213
v 1.681796 -0.115930 -0.009913
v 1.681796 0.105647 -0.009913
v 1.681435 -0.115930 -0.007640
v 1.681435 0.105647 -0.007640
v 1.680639 -0.115930 -0.005482
v 1.680639 0.105647 -0.005482
v 1.679436 -0.115930 -0.003519
v 1.679436 0.105647 -0.003519
v 1.677873 -0.115930 -0.001830
v 1.677873 0.105647 -0.001830
v 1.676012 -0.115930 -0.000477
v 1.676012 0.105647 -0.000477
v 1.673921 -0.115930 0.000486
v 1.673921 0.105647 0.000486
v 1.671684 -0.115930 0.001023
v 1.671684 0.105647 0.001023
v 1.669384 -0.115930 0.001113
v 1.669384 0.105647 0.001113
v 1.667111 -0.115930 0.000753
v 1.667111 0.105647 0.000753
v 1.664952 -0.115930 -0.000044
v 1.664952 0.105647 -0.000044
v 1.662990 -0.115930 -0.001247
v 1.662990 0.105647 -0.001247
v 1.661300 -0.115930 -0.002809
v 1.661300 0.105647 -0.002809
v 1.659948 -0.115930 -0.004671
v 1.659948 0.105647 -0.004671
v 1.658985 -0.115930 -0.006761
v 1.658985 0.105647 -0.006761
v 1.658448 -0.115930 -0.008999
v 1.658448 0.105647 -0.008999
v 1.658358 -0.115930 -0.011299
v 1.658358 0.105647 -0.011299
v 1.658718 -0.115930 -0.013572
v 1.658718 0.105647 -0.013572
v 1.659515 -0.115930 -0.015731
v 1.659515 0.105647 -0.015731
v 1.660718 -0.115930 -0.017693
v 1.660718 0.105647 -0.017693
v 1.662280 -0.115930 -0.019382
v 1.662280 0.105647 -0.019382
v 1.664142 -0.115930 -0.020735
v 1.664142 0.105647 -0.020735
vn -0.2333 -0.0000 -0.9724
vn -0.0391 -0.0000 -0.9992
vn 0.1568 -0.0000 -0.9876
vn 0.3463 -0.0000 -0.9381
vn 0.5224 -0.0000 -0.8527
vn 0.6787 -0.0000 -0.7344
vn 0.8092 -0.0000 -0.5875
vn 0.9081 -0.0000 -0.4189
vn 0.9724 -0.0000 -0.2333
vn 0.9992 -0.0000 -0.0391
vn 0.9876 -0.0000 0.1568
vn 0.9382 -0.0000 0.3461
vn 0.8526 -0.0000 0.5225
vn 0.7340 -0.0000 0.6792
vn 0.5878 -0.0000 0.8090
vn 0.4183 -0.0000 0.9083
vn 0.2334 -0.0000 0.9724
vn 0.0391 -0.0000 0.9992
vn -0.1568 -0.0000 0.9876
vn -0.3463 -0.0000 0.9381
vn -0.5224 -0.0000 0.8527
vn -0.6787 -0.0000 0.7344
vn -0.8092 -0.0000 0.5875
vn -0.9082 -0.0000 0.4185
vn -0.9724 -0.0000 0.2333
vn -0.9992 -0.0000 0.0391
vn -0.9876 -0.0000 -0.1569
vn -0.9382 -0.0000 -0.3460
vn -0.8525 -0.0000 -0.5227
vn -0.7342 -0.0000 -0.6790
vn -0.0000 1.0000 -0.0000
vn -0.5878 -0.0000 -0.8090
vn -0.4185 -0.0000 -0.9082
vn -0.0000 -1.0000 -0.0000
vt 1.000000 0.500000
vt 1.000000 1.000000
vt 0.968750 1.000000
vt 0.968750 0.500000
vt 0.937500 1.000000
vt 0.937500 0.500000
vt 0.906250 1.000000
vt 0.906250 0.500000
vt 0.875000 1.000000
vt 0.875000 0.500000
vt 0.843750 1.000000
vt 0.843750 0.500000
vt 0.812500 1.000000
vt 0.812500 0.500000
vt 0.781250 1.000000
vt 0.781250 0.500000
vt 0.750000 1.000000
vt 0.750000 0.500000
vt 0.718750 1.000000
vt 0.718750 0.500000
vt 0.687500 1.000000
vt 0.687500 0.500000
vt 0.656250 1.000000
vt 0.656250 0.500000
vt 0.625000 1.000000
vt 0.625000 0.500000
vt 0.593750 1.000000
vt 0.593750 0.500000
vt 0.562500 1.000000
vt 0.562500 0.500000
vt 0.531250 1.000000
vt 0.531250 0.500000
vt 0.500000 1.000000
vt 0.500000 0.500000
vt 0.468750 1.000000
vt 0.468750 0.500000
vt 0.437500 1.000000
vt 0.437500 0.500000
vt 0.406250 1.000000
vt 0.406250 0.500000
vt 0.375000 1.000000
vt 0.375000 0.500000
vt 0.343750 1.000000
vt 0.343750 0.500000
vt 0.312500 1.000000
vt 0.312500 0.500000
vt 0.281250 1.000000
vt 0.281250 0.500000
vt 0.250000 1.000000
vt 0.250000 0.500000
vt 0.218750 1.000000
vt 0.218750 0.500000
vt 0.187500 1.000000
vt 0.187500 0.500000
vt 0.156250 1.000000
vt 0.156250 0.500000
vt 0.125000 1.000000
vt 0.125000 0.500000
vt 0.093750 1.000000
vt 0.093750 0.500000
vt 0.062500 1.000000
vt 0.062500 0.500000
vt 0.296822 0.485388
vt 0.250000 0.490000
vt 0.203178 0.485388
vt 0.158156 0.471731
vt 0.116663 0.449553
vt 0.080294 0.419706
vt 0.050447 0.383337
vt 0.028269 0.341844
vt 0.014612 0.296822
vt 0.010000 0.250000
vt 0.014612 0.203178
vt 0.028269 0.158156
vt 0.050447 0.116663
vt 0.080294 0.080294
vt 0.116663 0.050447
vt 0.158156 0.028269
vt 0.203178 0.014612
vt 0.250000 0.010000
vt 0.296822 0.014612
vt 0.341844 0.028269
vt 0.383337 0.050447
vt 0.419706 0.080294
vt 0.449553 0.116663
vt 0.471731 0.158156
vt 0.485388 0.203178
vt 0.490000 0.250000
vt 0.485388 0.296822
vt 0.471731 0.341844
vt 0.449553 0.383337
vt 0.419706 0.419706
vt 0.383337 0.449553
vt 0.341844 0.471731
vt 0.031250 1.000000
vt 0.031250 0.500000
vt 0.000000 1.000000
vt 0.000000 0.500000
vt 0.750000 0.490000
vt 0.796822 0.485388
vt 0.841844 0.471731
vt 0.883337 0.449553
vt 0.919706 0.419706
vt 0.949553 0.383337
vt 0.971731 0.341844
vt 0.985388 0.296822
vt 0.990000 0.250000
vt 0.985388 0.203178
vt 0.971731 0.158156
vt 0.949553 0.116663
vt 0.919706 0.080294
vt 0.883337 0.050447
vt 0.841844 0.028269
vt 0.796822 0.014612
vt 0.750000 0.010000
vt 0.703178 0.014612
vt 0.658156 0.028269
vt 0.616663 0.050447
vt 0.580294 0.080294
vt 0.550447 0.116663
vt 0.528269 0.158156
vt 0.514612 0.203178
vt 0.510000 0.250000
vt 0.514612 0.296822
vt 0.528269 0.341844
vt 0.550447 0.383337
vt 0.580294 0.419706
vt 0.616663 0.449553
vt 0.658156 0.471731
vt 0.703178 0.485388
s 1
f 3617/2551/2267 3618/2552/2267 3620/2553/2267 3619/2554/2267
f 3619/2554/2268 3620/2553/2268 3622/2555/2268 3621/2556/2268
f 3621/2556/2269 3622/2555/2269 3624/2557/2269 3623/2558/2269
f 3623/2558/2270 3624/2557/2270 3626/2559/2270 3625/2560/2270
f 3625/2560/2271 3626/2559/2271 3628/2561/2271 3627/2562/2271
f 3627/2562/2272 3628/2561/2272 3630/2563/2272 3629/2564/2272
f 3629/2564/2273 3630/2563/2273 3632/2565/2273 3631/2566/2273
f 3631/2566/2274 3632/2565/2274 3634/2567/2274 3633/2568/2274
f 3633/2568/2275 3634/2567/2275 3636/2569/2275 3635/2570/2275
f 3635/2570/2276 3636/2569/2276 3638/2571/2276 3637/2572/2276
f 3637/2572/2277 3638/2571/2277 3640/2573/2277 3639/2574/2277
f 3639/2574/2278 3640/2573/2278 3642/2575/2278 3641/2576/2278
f 3641/2576/2279 3642/2575/2279 3644/2577/2279 3643/2578/2279
f 3643/2578/2280 3644/2577/2280 3646/2579/2280 3645/2580/2280
f 3645/2580/2281 3646/2579/2281 3648/2581/2281 3647/2582/2281
f 3647/2582/2282 3648/2581/2282 3650/2583/2282 3649/2584/2282
f 3649/2584/2283 3650/2583/2283 3652/2585/2283 3651/2586/2283
f 3651/2586/2284 3652/2585/2284 3654/2587/2284 3653/2588/2284
f 3653/2588/2285 3654/2587/2285 3656/2589/2285 3655/2590/2285
f 3655/2590/2286 3656/2589/2286 3658/2591/2286 3657/2592/2286
f 3657/2592/2287 3658/2591/2287 3660/2593/2287 3659/2594/2287
f 3659/2594/2288 3660/2593/2288 3662/2595/2288 3661/2596/2288
f 3661/2596/2289 3662/2595/2289 3664/2597/2289 3663/2598/2289
f 3663/2598/2290 3664/2597/2290 3666/2599/2290 3665/2600/2290
f 3665/2600/2291 3666/2599/2291 3668/2601/2291 3667/2602/2291
f 3667/2602/2292 3668/2601/2292 3670/2603/2292 3669/2604/2292
f 3669/2604/2293 3670/2603/2293 3672/2605/2293 3671/2606/2293
f 3671/2606/2294 3672/2605/2294 3674/2607/2294 3673/2608/2294
f 3673/2608/2295 3674/2607/2295 3676/2609/2295 3675/2610/2295
f 3675/2610/2296 3676/2609/2296 3678/2611/2296 3677/2612/2296
f 3620/2613/2297 3618/2614/2297 3680/2615/2297 3678/2616/2297 3676/2617/2297 3674/2618/2297 3672/2619/2297 3670/2620/2297 3668/2621/2297 3666/2622/2297 3664/2623/2297 3662/2624/2297 3660/2625/2297 3658/2626/2297 3656/2627/2297 3654/2628/2297 3652/2629/2297 3650/2630/2297 3648/2631/2297 3646/2632/2297 3644/2633/2297 3642/2634/2297 3640/2635/2297 3638/2636/2297 3636/2637/2297 3634/2638/2297 3632/2639/2297 3630/2640/2297 3628/2641/2297 3626/2642/2297 3624/2643/2297 3622/2644/2297
f 3677/2612/2298 3678/2611/2298 3680/2645/2298 3679/2646/2298
f 3679/2646/2299 3680/2645/2299 3618/2647/2299 3617/2648/2299
f 3617/2649/2300 3619/2650/2300 3621/2651/2300 3623/2652/2300 3625/2653/2300 3627/2654/2300 3629/2655/2300 3631/2656/2300 3633/2657/2300 3635/2658/2300 3637/2659/2300 3639/2660/2300 3641/2661/2300 3643/2662/2300 3645/2663/2300 3647/2664/2300 3649/2665/2300 3651/2666/2300 3653/2667/2300 3655/2668/2300 3657/2669/2300 3659/2670/2300 3661/2671/2300 3663/2672/2300 3665/2673/2300 3667/2674/2300 3669/2675/2300 3671/2676/2300 3673/2677/2300 3675/2678/2300 3677/2679/2300 3679/2680/2300
o Cylinder.020
v 1.694765 -0.115930 0.060619
v 1.694765 0.105647 0.060619
v 1.697003 -0.115930 0.060082
v 1.697003 0.105647 0.060082
v 1.699303 -0.115930 0.059992
v 1.699303 0.105647 0.059992
v 1.701576 -0.115930 0.060352
v 1.701576 0.105647 0.060352
v 1.703735 -0.115930 0.061149
v 1.703735 0.105647 0.061149
v 1.705697 -0.115930 0.062351
v 1.705697 0.105647 0.062351
v 1.707386 -0.115930 0.063914
v 1.707386 0.105647 0.063914
v 1.708739 -0.115930 0.065776
v 1.708739 0.105647 0.065776
v 1.709702 -0.115930 0.067866
v 1.709702 0.105647 0.067866
v 1.710239 -0.115930 0.070104
v 1.710239 0.105647 0.070104
v 1.710329 -0.115930 0.072403
v 1.710329 0.105647 0.072403
v 1.709969 -0.115930 0.074676
v 1.709969 0.105647 0.074676
v 1.709172 -0.115930 0.076835
v 1.709172 0.105647 0.076835
v 1.707969 -0.115930 0.078797
v 1.707969 0.105647 0.078797
v 1.706407 -0.115930 0.080487
v 1.706407 0.105647 0.080487
v 1.704545 -0.115930 0.081839
v 1.704545 0.105647 0.081839
v 1.702455 -0.115930 0.082803
v 1.702455 0.105647 0.082803
v 1.700217 -0.115930 0.083340
v 1.700217 0.105647 0.083340
v 1.697917 -0.115930 0.083430
v 1.697917 0.105647 0.083430
v 1.695644 -0.115930 0.083069
v 1.695644 0.105647 0.083069
v 1.693485 -0.115930 0.082272
v 1.693485 0.105647 0.082272
v 1.691523 -0.115930 0.081070
v 1.691523 0.105647 0.081070
v 1.689834 -0.115930 0.079507
v 1.689834 0.105647 0.079507
v 1.688481 -0.115930 0.077645
v 1.688481 0.105647 0.077645
v 1.687518 -0.115930 0.075555
v 1.687518 0.105647 0.075555
v 1.686981 -0.115930 0.073318
v 1.686981 0.105647 0.073318
v 1.686891 -0.115930 0.071018
v 1.686891 0.105647 0.071018
v 1.687251 -0.115930 0.068745
v 1.687251 0.105647 0.068745
v 1.688048 -0.115930 0.066586
v 1.688048 0.105647 0.066586
v 1.689251 -0.115930 0.064624
v 1.689251 0.105647 0.064624
v 1.690813 -0.115930 0.062934
v 1.690813 0.105647 0.062934
v 1.692675 -0.115930 0.061582
v 1.692675 0.105647 0.061582
vn -0.2333 -0.0000 -0.9724
vn -0.0391 -0.0000 -0.9992
vn 0.1568 -0.0000 -0.9876
vn 0.3463 -0.0000 -0.9381
vn 0.5224 -0.0000 -0.8527
vn 0.6792 -0.0000 -0.7340
vn 0.8090 -0.0000 -0.5878
vn 0.9082 -0.0000 -0.4185
vn 0.9724 -0.0000 -0.2333
vn 0.9992 -0.0000 -0.0391
vn 0.9877 -0.0000 0.1564
vn 0.9383 -0.0000 0.3459
vn 0.8525 -0.0000 0.5227
vn 0.7344 -0.0000 0.6787
vn 0.5876 -0.0000 0.8092
vn 0.4184 -0.0000 0.9083
vn 0.2333 -0.0000 0.9724
vn 0.0391 -0.0000 0.9992
vn -0.1565 -0.0000 0.9877
vn -0.3463 -0.0000 0.9381
vn -0.5227 -0.0000 0.8525
vn -0.6790 -0.0000 0.7342
vn -0.8090 -0.0000 0.5878
vn -0.9082 -0.0000 0.4185
vn -0.9724 -0.0000 0.2331
vn -0.9992 -0.0000 0.0391
vn -0.9877 -0.0000 -0.1564
vn -0.9383 -0.0000 -0.3459
vn -0.8527 -0.0000 -0.5224
vn -0.7344 -0.0000 -0.6787
vn -0.0000 1.0000 -0.0000
vn -0.5875 -0.0000 -0.8092
vn -0.4185 -0.0000 -0.9082
vn -0.0000 -1.0000 -0.0000
vt 1.000000 0.500000
vt 1.000000 1.000000
vt 0.968750 1.000000
vt 0.968750 0.500000
vt 0.937500 1.000000
vt 0.937500 0.500000
vt 0.906250 1.000000
vt 0.906250 0.500000
vt 0.875000 1.000000
vt 0.875000 0.500000
vt 0.843750 1.000000
vt 0.843750 0.500000
vt 0.812500 1.000000
vt 0.812500 0.500000
vt 0.781250 1.000000
vt 0.781250 0.500000
vt 0.750000 1.000000
vt 0.750000 0.500000
vt 0.718750 1.000000
vt 0.718750 0.500000
vt 0.687500 1.000000
vt 0.687500 0.500000
vt 0.656250 1.000000
vt 0.656250 0.500000
vt 0.625000 1.000000
vt 0.625000 0.500000
vt 0.593750 1.000000
vt 0.593750 0.500000
vt 0.562500 1.000000
vt 0.562500 0.500000
vt 0.531250 1.000000
vt 0.531250 0.500000
vt 0.500000 1.000000
vt 0.500000 0.500000
vt 0.468750 1.000000
vt 0.468750 0.500000
vt 0.437500 1.000000
vt 0.437500 0.500000
vt 0.406250 1.000000
vt 0.406250 0.500000
vt 0.375000 1.000000
vt 0.375000 0.500000
vt 0.343750 1.000000
vt 0.343750 0.500000
vt 0.312500 1.000000
vt 0.312500 0.500000
vt 0.281250 1.000000
vt 0.281250 0.500000
vt 0.250000 1.000000
vt 0.250000 0.500000
vt 0.218750 1.000000
vt 0.218750 0.500000
vt 0.187500 1.000000
vt 0.187500 0.500000
vt 0.156250 1.000000
vt 0.156250 0.500000
vt 0.125000 1.000000
vt 0.125000 0.500000
vt 0.093750 1.000000
vt 0.093750 0.500000
vt 0.062500 1.000000
vt 0.062500 0.500000
vt 0.296822 0.485388
vt 0.250000 0.490000
vt 0.203178 0.485388
vt 0.158156 0.471731
vt 0.116663 0.449553
vt 0.080294 0.419706
vt 0.050447 0.383337
vt 0.028269 0.341844
vt 0.014612 0.296822
vt 0.010000 0.250000
vt 0.014612 0.203178
vt 0.028269 0.158156
vt 0.050447 0.116663
vt 0.080294 0.080294
vt 0.116663 0.050447
vt 0.158156 0.028269
vt 0.203178 0.014612
vt 0.250000 0.010000
vt 0.296822 0.014612
vt 0.341844 0.028269
vt 0.383337 0.050447
vt 0.419706 0.080294
vt 0.449553 0.116663
vt 0.471731 0.158156
vt 0.485388 0.203178
vt 0.490000 0.250000
vt 0.485388 0.296822
vt 0.471731 0.341844
vt 0.449553 0.383337
vt 0.419706 0.419706
vt 0.383337 0.449553
vt 0.341844 0.471731
vt 0.031250 1.000000
vt 0.031250 0.500000
vt 0.000000 1.000000
vt 0.000000 0.500000
vt 0.750000 0.490000
vt 0.796822 0.485388
vt 0.841844 0.471731
vt 0.883337 0.449553
vt 0.919706 0.419706
vt 0.949553 0.383337
vt 0.971731 0.341844
vt 0.985388 0.296822
vt 0.990000 0.250000
vt 0.985388 0.203178
vt 0.971731 0.158156
vt 0.949553 0.116663
vt 0.919706 0.080294
vt 0.883337 0.050447
vt 0.841844 0.028269
vt 0.796822 0.014612
vt 0.750000 0.010000
vt 0.703178 0.014612
vt 0.658156 0.028269
vt 0.616663 0.050447
vt 0.580294 0.080294
vt 0.550447 0.116663
vt 0.528269 0.158156
vt 0.514612 0.203178
vt 0.510000 0.250000
vt 0.514612 0.296822
vt 0.528269 0.341844
vt 0.550447 0.383337
vt 0.580294 0.419706
vt 0.616663 0.449553
vt 0.658156 0.471731
vt 0.703178 0.485388
s 1
f 3681/2681/2301 3682/2682/2301 3684/2683/2301 3683/2684/2301
f 3683/2684/2302 3684/2683/2302 3686/2685/2302 3685/2686/2302
f 3685/2686/2303 3686/2685/2303 3688/2687/2303 3687/2688/2303
f 3687/2688/2304 3688/2687/2304 3690/2689/2304 3689/2690/2304
f 3689/2690/2305 3690/2689/2305 3692/2691/2305 3691/2692/2305
f 3691/2692/2306 3692/2691/2306 3694/2693/2306 3693/2694/2306
f 3693/2694/2307 3694/2693/2307 3696/2695/2307 3695/2696/2307
f 3695/2696/2308 3696/2695/2308 3698/2697/2308 3697/2698/2308
f 3697/2698/2309 3698/2697/2309 3700/2699/2309 3699/2700/2309
f 3699/2700/2310 3700/2699/2310 3702/2701/2310 3701/2702/2310
f 3701/2702/2311 3702/2701/2311 3704/2703/2311 3703/2704/2311
f 3703/2704/2312 3704/2703/2312 3706/2705/2312 3705/2706/2312
f 3705/2706/2313 3706/2705/2313 3708/2707/2313 3707/2708/2313
f 3707/2708/2314 3708/2707/2314 3710/2709/2314 3709/2710/2314
f 3709/2710/2315 3710/2709/2315 3712/2711/2315 3711/2712/2315
f 3711/2712/2316 3712/2711/2316 3714/2713/2316 3713/2714/2316
f 3713/2714/2317 3714/2713/2317 3716/2715/2317 3715/2716/2317
f 3715/2716/2318 3716/2715/2318 3718/2717/2318 3717/2718/2318
f 3717/2718/2319 3718/2717/2319 3720/2719/2319 3719/2720/2319
f 3719/2720/2320 3720/2719/2320 3722/2721/2320 3721/2722/2320
f 3721/2722/2321 3722/2721/2321 3724/2723/2321 3723/2724/2321
f 3723/2724/2322 3724/2723/2322 3726/2725/2322 3725/2726/2322
f 3725/2726/2323 3726/2725/2323 3728/2727/2323 3727/2728/2323
f 3727/2728/2324 3728/2727/2324 3730/2729/2324 3729/2730/2324
f 3729/2730/2325 3730/2729/2325 3732/2731/2325 3731/2732/2325
f 3731/2732/2326 3732/2731/2326 3734/2733/2326 3733/2734/2326
f 3733/2734/2327 3734/2733/2327 3736/2735/2327 3735/2736/2327
f 3735/2736/2328 3736/2735/2328 3738/2737/2328 3737/2738/2328
f 3737/2738/2329 3738/2737/2329 3740/2739/2329 3739/2740/2329
f 3739/2740/2330 3740/2739/2330 3742/2741/2330 3741/2742/2330
f 3684/2743/2331 3682/2744/2331 3744/2745/2331 3742/2746/2331 3740/2747/2331 3738/2748/2331 3736/2749/2331 3734/2750/2331 3732/2751/2331 3730/2752/2331 3728/2753/2331 3726/2754/2331 3724/2755/2331 3722/2756/2331 3720/2757/2331 3718/2758/2331 3716/2759/2331 3714/2760/2331 3712/2761/2331 3710/2762/2331 3708/2763/2331 3706/2764/2331 3704/2765/2331 3702/2766/2331 3700/2767/2331 3698/2768/2331 3696/2769/2331 3694/2770/2331 3692/2771/2331 3690/2772/2331 3688/2773/2331 3686/2774/2331
f 3741/2742/2332 3742/2741/2332 3744/2775/2332 3743/2776/2332
f 3743/2776/2333 3744/2775/2333 3682/2777/2333 3681/2778/2333
f 3681/2779/2334 3683/2780/2334 3685/2781/2334 3687/2782/2334 3689/2783/2334 3691/2784/2334 3693/2785/2334 3695/2786/2334 3697/2787/2334 3699/2788/2334 3701/2789/2334 3703/2790/2334 3705/2791/2334 3707/2792/2334 3709/2793/2334 3711/2794/2334 3713/2795/2334 3715/2796/2334 3717/2797/2334 3719/2798/2334 3721/2799/2334 3723/2800/2334 3725/2801/2334 3727/2802/2334 3729/2803/2334 3731/2804/2334 3733/2805/2334 3735/2806/2334 3737/2807/2334 3739/2808/2334 3741/2809/2334 3743/2810/2334
o Cylinder.021
v 1.724188 -0.115930 0.168887
v 1.724188 0.105647 0.168887
v 1.726425 -0.115930 0.168350
v 1.726425 0.105647 0.168350
v 1.728725 -0.115930 0.168260
v 1.728725 0.105647 0.168260
v 1.730998 -0.115930 0.168620
v 1.730998 0.105647 0.168620
v 1.733157 -0.115930 0.169417
v 1.733157 0.105647 0.169417
v 1.735119 -0.115930 0.170619
v 1.735119 0.105647 0.170619
v 1.736809 -0.115930 0.172182
v 1.736809 0.105647 0.172182
v 1.738161 -0.115930 0.174044
v 1.738161 0.105647 0.174044
v 1.739124 -0.115930 0.176134
v 1.739124 0.105647 0.176134
v 1.739661 -0.115930 0.178372
v 1.739661 0.105647 0.178372
v 1.739751 -0.115930 0.180671
v 1.739751 0.105647 0.180671
v 1.739391 -0.115930 0.182944
v 1.739391 0.105647 0.182944
v 1.738594 -0.115930 0.185103
v 1.738594 0.105647 0.185103
v 1.737391 -0.115930 0.187065
v 1.737391 0.105647 0.187065
v 1.735829 -0.115930 0.188755
v 1.735829 0.105647 0.188755
v 1.733967 -0.115930 0.190107
v 1.733967 0.105647 0.190107
v 1.731877 -0.115930 0.191071
v 1.731877 0.105647 0.191071
v 1.729639 -0.115930 0.191607
v 1.729639 0.105647 0.191607
v 1.727340 -0.115930 0.191698
v 1.727340 0.105647 0.191698
v 1.725067 -0.115930 0.191337
v 1.725067 0.105647 0.191337
v 1.722908 -0.115930 0.190540
v 1.722908 0.105647 0.190540
v 1.720946 -0.115930 0.189338
v 1.720946 0.105647 0.189338
v 1.719256 -0.115930 0.187775
v 1.719256 0.105647 0.187775
v 1.717904 -0.115930 0.185913
v 1.717904 0.105647 0.185913
v 1.716940 -0.115930 0.183823
v 1.716940 0.105647 0.183823
v 1.716403 -0.115930 0.181585
v 1.716403 0.105647 0.181585
v 1.716313 -0.115930 0.179286
v 1.716313 0.105647 0.179286
v 1.716674 -0.115930 0.177013
v 1.716674 0.105647 0.177013
v 1.717471 -0.115930 0.174854
v 1.717471 0.105647 0.174854
v 1.718673 -0.115930 0.172892
v 1.718673 0.105647 0.172892
v 1.720236 -0.115930 0.171202
v 1.720236 0.105647 0.171202
v 1.722098 -0.115930 0.169850
v 1.722098 0.105647 0.169850
vn -0.2334 -0.0000 -0.9724
vn -0.0391 -0.0000 -0.9992
vn 0.1568 -0.0000 -0.9876
vn 0.3463 -0.0000 -0.9381
vn 0.5224 -0.0000 -0.8527
vn 0.6790 -0.0000 -0.7342
vn 0.8089 -0.0000 -0.5879
vn 0.9082 -0.0000 -0.4185
vn 0.9724 -0.0000 -0.2333
vn 0.9992 -0.0000 -0.0391
vn 0.9877 -0.0000 0.1564
vn 0.9381 -0.0000 0.3463
vn 0.8525 -0.0000 0.5227
vn 0.7344 -0.0000 0.6787
vn 0.5875 -0.0000 0.8092
vn 0.4184 -0.0000 0.9083
vn 0.2334 -0.0000 0.9724
vn 0.0391 -0.0000 0.9992
vn -0.1565 -0.0000 0.9877
vn -0.3463 -0.0000 0.9381
vn -0.5227 -0.0000 0.8525
vn -0.6790 -0.0000 0.7341
vn -0.8089 -0.0000 0.5880
vn -0.9081 -0.0000 0.4188
vn -0.9724 -0.0000 0.2333
vn -0.9992 -0.0000 0.0391
vn -0.9876 -0.0000 -0.1568
vn -0.9381 -0.0000 -0.3463
vn -0.8527 -0.0000 -0.5224
vn -0.7342 -0.0000 -0.6790
vn -0.0000 1.0000 -0.0000
vn -0.5875 -0.0000 -0.8092
vn -0.4185 -0.0000 -0.9082
vn -0.0000 -1.0000 -0.0000
vt 1.000000 0.500000
vt 1.000000 1.000000
vt 0.968750 1.000000
vt 0.968750 0.500000
vt 0.937500 1.000000
vt 0.937500 0.500000
vt 0.906250 1.000000
vt 0.906250 0.500000
vt 0.875000 1.000000
vt 0.875000 0.500000
vt 0.843750 1.000000
vt 0.843750 0.500000
vt 0.812500 1.000000
vt 0.812500 0.500000
vt 0.781250 1.000000
vt 0.781250 0.500000
vt 0.750000 1.000000
vt 0.750000 0.500000
vt 0.718750 1.000000
vt 0.718750 0.500000
vt 0.687500 1.000000
vt 0.687500 0.500000
vt 0.656250 1.000000
vt 0.656250 0.500000
vt 0.625000 1.000000
vt 0.625000 0.500000
vt 0.593750 1.000000
vt 0.593750 0.500000
vt 0.562500 1.000000
vt 0.562500 0.500000
vt 0.531250 1.000000
vt 0.531250 0.500000
vt 0.500000 1.000000
vt 0.500000 0.500000
vt 0.468750 1.000000
vt 0.468750 0.500000
vt 0.437500 1.000000
vt 0.437500 0.500000
vt 0.406250 1.000000
vt 0.406250 0.500000
vt 0.375000 1.000000
vt 0.375000 0.500000
vt 0.343750 1.000000
vt 0.343750 0.500000
vt 0.312500 1.000000
vt 0.312500 0.500000
vt 0.281250 1.000000
vt 0.281250 0.500000
vt 0.250000 1.000000
vt 0.250000 0.500000
vt 0.218750 1.000000
vt 0.218750 0.500000
vt 0.187500 1.000000
vt 0.187500 0.500000
vt 0.156250 1.000000
vt 0.156250 0.500000
vt 0.125000 1.000000
vt 0.125000 0.500000
vt 0.093750 1.000000
vt 0.093750 0.500000
vt 0.062500 1.000000
vt 0.062500 0.500000
vt 0.296822 0.485388
vt 0.250000 0.490000
vt 0.203178 0.485388
vt 0.158156 0.471731
vt 0.116663 0.449553
vt 0.080294 0.419706
vt 0.050447 0.383337
vt 0.028269 0.341844
vt 0.014612 0.296822
vt 0.010000 0.250000
vt 0.014612 0.203178
vt 0.028269 0.158156
vt 0.050447 0.116663
vt 0.080294 0.080294
vt 0.116663 0.050447
vt 0.158156 0.028269
vt 0.203178 0.014612
vt 0.250000 0.010000
vt 0.296822 0.014612
vt 0.341844 0.028269
vt 0.383337 0.050447
vt 0.419706 0.080294
vt 0.449553 0.116663
vt 0.471731 0.158156
vt 0.485388 0.203178
vt 0.490000 0.250000
vt 0.485388 0.296822
vt 0.471731 0.341844
vt 0.449553 0.383337
vt 0.419706 0.419706
vt 0.383337 0.449553
vt 0.341844 0.471731
vt 0.031250 1.000000
vt 0.031250 0.500000
vt 0.000000 1.000000
vt 0.000000 0.500000
vt 0.750000 0.490000
vt 0.796822 0.485388
vt 0.841844 0.471731
vt 0.883337 0.449553
vt 0.919706 0.419706
vt 0.949553 0.383337
vt 0.971731 0.341844
vt 0.985388 0.296822
vt 0.990000 0.250000
vt 0.985388 0.203178
vt 0.971731 0.158156
vt 0.949553 0.116663
vt 0.919706 0.080294
vt 0.883337 0.050447
vt 0.841844 0.028269
vt 0.796822 0.014612
vt 0.750000 0.010000
vt 0.703178 0.014612
vt 0.658156 0.028269
vt 0.616663 0.050447
vt 0.580294 0.080294
vt 0.550447 0.116663
vt 0.528269 0.158156
vt 0.514612 0.203178
vt 0.510000 0.250000
vt 0.514612 0.296822
vt 0.528269 0.341844
vt 0.550447 0.383337
vt 0.580294 0.419706
vt 0.616663 0.449553
vt 0.658156 0.471731
vt 0.703178 0.485388
s 1
f 3745/2811/2335 3746/2812/2335 3748/2813/2335 3747/2814/2335
f 3747/2814/2336 3748/2813/2336 3750/2815/2336 3749/2816/2336
f 3749/2816/2337 3750/2815/2337 3752/2817/2337 3751/2818/2337
f 3751/2818/2338 3752/2817/2338 3754/2819/2338 3753/2820/2338
f 3753/2820/2339 3754/2819/2339 3756/2821/2339 3755/2822/2339
f 3755/2822/2340 3756/2821/2340 3758/2823/2340 3757/2824/2340
f 3757/2824/2341 3758/2823/2341 3760/2825/2341 3759/2826/2341
f 3759/2826/2342 3760/2825/2342 3762/2827/2342 3761/2828/2342
f 3761/2828/2343 3762/2827/2343 3764/2829/2343 3763/2830/2343
f 3763/2830/2344 3764/2829/2344 3766/2831/2344 3765/2832/2344
f 3765/2832/2345 3766/2831/2345 3768/2833/2345 3767/2834/2345
f 3767/2834/2346 3768/2833/2346 3770/2835/2346 3769/2836/2346
f 3769/2836/2347 3770/2835/2347 3772/2837/2347 3771/2838/2347
f 3771/2838/2348 3772/2837/2348 3774/2839/2348 3773/2840/2348
f 3773/2840/2349 3774/2839/2349 3776/2841/2349 3775/2842/2349
f 3775/2842/2350 3776/2841/2350 3778/2843/2350 3777/2844/2350
f 3777/2844/2351 3778/2843/2351 3780/2845/2351 3779/2846/2351
f 3779/2846/2352 3780/2845/2352 3782/2847/2352 3781/2848/2352
f 3781/2848/2353 3782/2847/2353 3784/2849/2353 3783/2850/2353
f 3783/2850/2354 3784/2849/2354 3786/2851/2354 3785/2852/2354
f 3785/2852/2355 3786/2851/2355 3788/2853/2355 3787/2854/2355
f 3787/2854/2356 3788/2853/2356 3790/2855/2356 3789/2856/2356
f 3789/2856/2357 3790/2855/2357 3792/2857/2357 3791/2858/2357
f 3791/2858/2358 3792/2857/2358 3794/2859/2358 3793/2860/2358
f 3793/2860/2359 3794/2859/2359 3796/2861/2359 3795/2862/2359
f 3795/2862/2360 3796/2861/2360 3798/2863/2360 3797/2864/2360
f 3797/2864/2361 3798/2863/2361 3800/2865/2361 3799/2866/2361
f 3799/2866/2362 3800/2865/2362 3802/2867/2362 3801/2868/2362
f 3801/2868/2363 3802/2867/2363 3804/2869/2363 3803/2870/2363
f 3803/2870/2364 3804/2869/2364 3806/2871/2364 3805/2872/2364
f 3748/2873/2365 3746/2874/2365 3808/2875/2365 3806/2876/2365 3804/2877/2365 3802/2878/2365 3800/2879/2365 3798/2880/2365 3796/2881/2365 3794/2882/2365 3792/2883/2365 3790/2884/2365 3788/2885/2365 3786/2886/2365 3784/2887/2365 3782/2888/2365 3780/2889/2365 3778/2890/2365 3776/2891/2365 3774/2892/2365 3772/2893/2365 3770/2894/2365 3768/2895/2365 3766/2896/2365 3764/2897/2365 3762/2898/2365 3760/2899/2365 3758/2900/2365 3756/2901/2365 3754/2902/2365 3752/2903/2365 3750/2904/2365
f 3805/2872/2366 3806/2871/2366 3808/2905/2366 3807/2906/2366
f 3807/2906/2367 3808/2905/2367 3746/2907/2367 3745/2908/2367
f 3745/2909/2368 3747/2910/2368 3749/2911/2368 3751/2912/2368 3753/2913/2368 3755/2914/2368 3757/2915/2368 3759/2916/2368 3761/2917/2368 3763/2918/2368 3765/2919/2368 3767/2920/2368 3769/2921/2368 3771/2922/2368 3773/2923/2368 3775/2924/2368 3777/2925/2368 3779/2926/2368 3781/2927/2368 3783/2928/2368 3785/2929/2368 3787/2930/2368 3789/2931/2368 3791/2932/2368 3793/2933/2368 3795/2934/2368 3797/2935/2368 3799/2936/2368 3801/2937/2368 3803/2938/2368 3805/2939/2368 3807/2940/2368
o Cylinder.022
v 1.688884 -0.115930 0.322463
v 1.688884 0.105647 0.322463
v 1.691122 -0.115930 0.321927
v 1.691122 0.105647 0.321927
v 1.693421 -0.115930 0.321836
v 1.693421 0.105647 0.321836
v 1.695694 -0.115930 0.322197
v 1.695694 0.105647 0.322197
v 1.697853 -0.115930 0.322994
v 1.697853 0.105647 0.322994
v 1.699815 -0.115930 0.324196
v 1.699815 0.105647 0.324196
v 1.701505 -0.115930 0.325759
v 1.701505 0.105647 0.325759
v 1.702857 -0.115930 0.327621
v 1.702857 0.105647 0.327621
v 1.703821 -0.115930 0.329711
v 1.703821 0.105647 0.329711
v 1.704358 -0.115930 0.331949
v 1.704358 0.105647 0.331949
v 1.704448 -0.115930 0.334248
v 1.704448 0.105647 0.334248
v 1.704087 -0.115930 0.336521
v 1.704087 0.105647 0.336521
v 1.703291 -0.115930 0.338680
v 1.703291 0.105647 0.338680
v 1.702088 -0.115930 0.340642
v 1.702088 0.105647 0.340642
v 1.700526 -0.115930 0.342332
v 1.700526 0.105647 0.342332
v 1.698664 -0.115930 0.343684
v 1.698664 0.105647 0.343684
v 1.696573 -0.115930 0.344647
v 1.696573 0.105647 0.344647
v 1.694336 -0.115930 0.345184
v 1.694336 0.105647 0.345184
v 1.692036 -0.115930 0.345274
v 1.692036 0.105647 0.345274
v 1.689763 -0.115930 0.344914
v 1.689763 0.105647 0.344914
v 1.687604 -0.115930 0.344117
v 1.687604 0.105647 0.344117
v 1.685642 -0.115930 0.342915
v 1.685642 0.105647 0.342915
v 1.683952 -0.115930 0.341352
v 1.683952 0.105647 0.341352
v 1.682600 -0.115930 0.339490
v 1.682600 0.105647 0.339490
v 1.681637 -0.115930 0.337400
v 1.681637 0.105647 0.337400
v 1.681100 -0.115930 0.335162
v 1.681100 0.105647 0.335162
v 1.681010 -0.115930 0.332863
v 1.681010 0.105647 0.332863
v 1.681370 -0.115930 0.330590
v 1.681370 0.105647 0.330590
v 1.682167 -0.115930 0.328431
v 1.682167 0.105647 0.328431
v 1.683370 -0.115930 0.326469
v 1.683370 0.105647 0.326469
v 1.684932 -0.115930 0.324779
v 1.684932 0.105647 0.324779
v 1.686794 -0.115930 0.323427
v 1.686794 0.105647 0.323427
vn -0.2335 -0.0000 -0.9724
vn -0.0391 -0.0000 -0.9992
vn 0.1565 -0.0000 -0.9877
vn 0.3463 -0.0000 -0.9381
vn 0.5227 -0.0000 -0.8525
vn 0.6790 -0.0000 -0.7341
vn 0.8092 -0.0000 -0.5876
vn 0.9081 -0.0000 -0.4188
vn 0.9724 -0.0000 -0.2333
vn 0.9992 -0.0000 -0.0391
vn 0.9876 -0.0000 0.1568
vn 0.9381 -0.0000 0.3464
vn 0.8525 -0.0000 0.5227
vn 0.7344 -0.0000 0.6787
vn 0.5875 -0.0000 0.8092
vn 0.4188 -0.0000 0.9081
vn 0.2334 -0.0000 0.9724
vn 0.0391 -0.0000 0.9992
vn -0.1568 -0.0000 0.9876
vn -0.3463 -0.0000 0.9381
vn -0.5224 -0.0000 0.8527
vn -0.6790 -0.0000 0.7342
vn -0.8092 -0.0000 0.5875
vn -0.9082 -0.0000 0.4185
vn -0.9724 -0.0000 0.2333
vn -0.9992 -0.0000 0.0391
vn -0.9877 -0.0000 -0.1564
vn -0.9381 -0.0000 -0.3463
vn -0.8525 -0.0000 -0.5227
vn -0.7344 -0.0000 -0.6787
vn -0.0000 1.0000 -0.0000
vn -0.5876 -0.0000 -0.8092
vn -0.4188 -0.0000 -0.9081
vn -0.0000 -1.0000 -0.0000
vt 1.000000 0.500000
vt 1.000000 1.000000
vt 0.968750 1.000000
vt 0.968750 0.500000
vt 0.937500 1.000000
vt 0.937500 0.500000
vt 0.906250 1.000000
vt 0.906250 0.500000
vt 0.875000 1.000000
vt 0.875000 0.500000
vt 0.843750 1.000000
vt 0.843750 0.500000
vt 0.812500 1.000000
vt 0.812500 0.500000
vt 0.781250 1.000000
vt 0.781250 0.500000
vt 0.750000 1.000000
vt 0.750000 0.500000
vt 0.718750 1.000000
vt 0.718750 0.500000
vt 0.687500 1.000000
vt 0.687500 0.500000
vt 0.656250 1.000000
vt 0.656250 0.500000
vt 0.625000 1.000000
vt 0.625000 0.500000
vt 0.593750 1.000000
vt 0.593750 0.500000
vt 0.562500 1.000000
vt 0.562500 0.500000
vt 0.531250 1.000000
vt 0.531250 0.500000
vt 0.500000 1.000000
vt 0.500000 0.500000
vt 0.468750 1.000000
vt 0.468750 0.500000
vt 0.437500 1.000000
vt 0.437500 0.500000
vt 0.406250 1.000000
vt 0.406250 0.500000
vt 0.375000 1.000000
vt 0.375000 0.500000
vt 0.343750 1.000000
vt 0.343750 0.500000
vt 0.312500 1.000000
vt 0.312500 0.500000
vt 0.281250 1.000000
vt 0.281250 0.500000
vt 0.250000 1.000000
vt 0.250000 0.500000
vt 0.218750 1.000000
vt 0.218750 0.500000
vt 0.187500 1.000000
vt 0.187500 0.500000
vt 0.156250 1.000000
vt 0.156250 0.500000
vt 0.125000 1.000000
vt 0.125000 0.500000
vt 0.093750 1.000000
vt 0.093750 0.500000
vt 0.062500 1.000000
vt 0.062500 0.500000
vt 0.296822 0.485388
vt 0.250000 0.490000
vt 0.203178 0.485388
vt 0.158156 0.471731
vt 0.116663 0.449553
vt 0.080294 0.419706
vt 0.050447 0.383337
vt 0.028269 0.341844
vt 0.014612 0.296822
vt 0.010000 0.250000
vt 0.014612 0.203178
vt 0.028269 0.158156
vt 0.050447 0.116663
vt 0.080294 0.080294
vt 0.116663 0.050447
vt 0.158156 0.028269
vt 0.203178 0.014612
vt 0.250000 0.010000
vt 0.296822 0.014612
vt 0.341844 0.028269
vt 0.383337 0.050447
vt 0.419706 0.080294
vt 0.449553 0.116663
vt 0.471731 0.158156
vt 0.485388 0.203178
vt 0.490000 0.250000
vt 0.485388 0.296822
vt 0.471731 0.341844
vt 0.449553 0.383337
vt 0.419706 0.419706
vt 0.383337 0.449553
vt 0.341844 0.471731
vt 0.031250 1.000000
vt 0.031250 0.500000
vt 0.000000 1.000000
vt 0.000000 0.500000
vt 0.750000 0.490000
vt 0.796822 0.485388
vt 0.841844 0.471731
vt 0.883337 0.449553
vt 0.919706 0.419706
vt 0.949553 0.383337
vt 0.971731 0.341844
vt 0.985388 0.296822
vt 0.990000 0.250000
vt 0.985388 0.203178
vt 0.971731 0.158156
vt 0.949553 0.116663
vt 0.919706 0.080294
vt 0.883337 0.050447
vt 0.841844 0.028269
vt 0.796822 0.014612
vt 0.750000 0.010000
vt 0.703178 0.014612
vt 0.658156 0.028269
vt 0.616663 0.050447
vt 0.580294 0.080294
vt 0.550447 0.116663
vt 0.528269 0.158156
vt 0.514612 0.203178
vt 0.510000 0.250000
vt 0.514612 0.296822
vt 0.528269 0.341844
vt 0.550447 0.383337
vt 0.580294 0.419706
vt 0.616663 0.449553
vt 0.658156 0.471731
vt 0.703178 0.485388
s 1
f 3809/2941/2369 3810/2942/2369 3812/2943/2369 3811/2944/2369
f 3811/2944/2370 3812/2943/2370 3814/2945/2370 3813/2946/2370
f 3813/2946/2371 3814/2945/2371 3816/2947/2371 3815/2948/2371
f 3815/2948/2372 3816/2947/2372 3818/2949/2372 3817/2950/2372
f 3817/2950/2373 3818/2949/2373 3820/2951/2373 3819/2952/2373
f 3819/2952/2374 3820/2951/2374 3822/2953/2374 3821/2954/2374
f 3821/2954/2375 3822/2953/2375 3824/2955/2375 3823/2956/2375
f 3823/2956/2376 3824/2955/2376 3826/2957/2376 3825/2958/2376
f 3825/2958/2377 3826/2957/2377 3828/2959/2377 3827/2960/2377
f 3827/2960/2378 3828/2959/2378 3830/2961/2378 3829/2962/2378
f 3829/2962/2379 3830/2961/2379 3832/2963/2379 3831/2964/2379
f 3831/2964/2380 3832/2963/2380 3834/2965/2380 3833/2966/2380
f 3833/2966/2381 3834/2965/2381 3836/2967/2381 3835/2968/2381
f 3835/2968/2382 3836/2967/2382 3838/2969/2382 3837/2970/2382
f 3837/2970/2383 3838/2969/2383 3840/2971/2383 3839/2972/2383
f 3839/2972/2384 3840/2971/2384 3842/2973/2384 3841/2974/2384
f 3841/2974/2385 3842/2973/2385 3844/2975/2385 3843/2976/2385
f 3843/2976/2386 3844/2975/2386 3846/2977/2386 3845/2978/2386
f 3845/2978/2387 3846/2977/2387 3848/2979/2387 3847/2980/2387
f 3847/2980/2388 3848/2979/2388 3850/2981/2388 3849/2982/2388
f 3849/2982/2389 3850/2981/2389 3852/2983/2389 3851/2984/2389
f 3851/2984/2390 3852/2983/2390 3854/2985/2390 3853/2986/2390
f 3853/2986/2391 3854/2985/2391 3856/2987/2391 3855/2988/2391
f 3855/2988/2392 3856/2987/2392 3858/2989/2392 3857/2990/2392
f 3857/2990/2393 3858/2989/2393 3860/2991/2393 3859/2992/2393
f 3859/2992/2394 3860/2991/2394 3862/2993/2394 3861/2994/2394
f 3861/2994/2395 3862/2993/2395 3864/2995/2395 3863/2996/2395
f 3863/2996/2396 3864/2995/2396 3866/2997/2396 3865/2998/2396
f 3865/2998/2397 3866/2997/2397 3868/2999/2397 3867/3000/2397
f 3867/3000/2398 3868/2999/2398 3870/3001/2398 3869/3002/2398
f 3812/3003/2399 3810/3004/2399 3872/3005/2399 3870/3006/2399 3868/3007/2399 3866/3008/2399 3864/3009/2399 3862/3010/2399 3860/3011/2399 3858/3012/2399 3856/3013/2399 3854/3014/2399 3852/3015/2399 3850/3016/2399 3848/3017/2399 3846/3018/2399 3844/3019/2399 3842/3020/2399 3840/3021/2399 3838/3022/2399 3836/3023/2399 3834/3024/2399 3832/3025/2399 3830/3026/2399 3828/3027/2399 3826/3028/2399 3824/3029/2399 3822/3030/2399 3820/3031/2399 3818/3032/2399 3816/3033/2399 3814/3034/2399
f 3869/3002/2400 3870/3001/2400 3872/3035/2400 3871/3036/2400
f 3871/3036/2401 3872/3035/2401 3810/3037/2401 3809/3038/2401
f 3809/3039/2402 3811/3040/2402 3813/3041/2402 3815/3042/2402 3817/3043/2402 3819/3044/2402 3821/3045/2402 3823/3046/2402 3825/3047/2402 3827/3048/2402 3829/3049/2402 3831/3050/2402 3833/3051/2402 3835/3052/2402 3837/3053/2402 3839/3054/2402 3841/3055/2402 3843/3056/2402 3845/3057/2402 3847/3058/2402 3849/3059/2402 3851/3060/2402 3853/3061/2402 3855/3062/2402 3857/3063/2402 3859/3064/2402 3861/3065/2402 3863/3066/2402 3865/3067/2402 3867/3068/2402 3869/3069/2402 3871/3070/2402
o Cylinder.023
v 1.687786 -0.115930 0.472640
v 1.687786 0.105647 0.472640
v 1.690023 -0.115930 0.472103
v 1.690023 0.105647 0.472103
v 1.692323 -0.115930 0.472013
v 1.692323 0.105647 0.472013
v 1.694596 -0.115930 0.472374
v 1.694596 0.105647 0.472374
v 1.696755 -0.115930 0.473170
v 1.696755 0.105647 0.473170
v 1.698717 -0.115930 0.474373
v 1.698717 0.105647 0.474373
v 1.700407 -0.115930 0.475935
v 1.700407 0.105647 0.475935
v 1.701759 -0.115930 0.477797
v 1.701759 0.105647 0.477797
v 1.702722 -0.115930 0.479887
v 1.702722 0.105647 0.479887
v 1.703259 -0.115930 0.482125
v 1.703259 0.105647 0.482125
v 1.703349 -0.115930 0.484425
v 1.703349 0.105647 0.484425
v 1.702989 -0.115930 0.486698
v 1.702989 0.105647 0.486698
v 1.702192 -0.115930 0.488857
v 1.702192 0.105647 0.488857
v 1.700989 -0.115930 0.490819
v 1.700989 0.105647 0.490819
v 1.699427 -0.115930 0.492509
v 1.699427 0.105647 0.492509
v 1.697565 -0.115930 0.493861
v 1.697565 0.105647 0.493861
v 1.695475 -0.115930 0.494824
v 1.695475 0.105647 0.494824
v 1.693237 -0.115930 0.495361
v 1.693237 0.105647 0.495361
v 1.690938 -0.115930 0.495451
v 1.690938 0.105647 0.495451
v 1.688665 -0.115930 0.495091
v 1.688665 0.105647 0.495091
v 1.686506 -0.115930 0.494294
v 1.686506 0.105647 0.494294
v 1.684544 -0.115930 0.493091
v 1.684544 0.105647 0.493091
v 1.682854 -0.115930 0.491529
v 1.682854 0.105647 0.491529
v 1.681502 -0.115930 0.489667
v 1.681502 0.105647 0.489667
v 1.680538 -0.115930 0.487577
v 1.680538 0.105647 0.487577
v 1.680001 -0.115930 0.485339
v 1.680001 0.105647 0.485339
v 1.679911 -0.115930 0.483040
v 1.679911 0.105647 0.483040
v 1.680272 -0.115930 0.480767
v 1.680272 0.105647 0.480767
v 1.681068 -0.115930 0.478608
v 1.681068 0.105647 0.478608
v 1.682271 -0.115930 0.476646
v 1.682271 0.105647 0.476646
v 1.683833 -0.115930 0.474956
v 1.683833 0.105647 0.474956
v 1.685695 -0.115930 0.473603
v 1.685695 0.105647 0.473603
vn -0.2334 -0.0000 -0.9724
vn -0.0391 -0.0000 -0.9992
vn 0.1568 -0.0000 -0.9876
vn 0.3464 -0.0000 -0.9381
vn 0.5224 -0.0000 -0.8527
vn 0.6787 -0.0000 -0.7344
vn 0.8092 -0.0000 -0.5875
vn 0.9082 -0.0000 -0.4185
vn 0.9724 -0.0000 -0.2333
vn 0.9992 -0.0000 -0.0391
vn 0.9877 -0.0000 0.1564
vn 0.9381 -0.0000 0.3463
vn 0.8525 -0.0000 0.5227
vn 0.7344 -0.0000 0.6787
vn 0.5875 -0.0000 0.8092
vn 0.4185 -0.0000 0.9082
vn 0.2333 -0.0000 0.9724
vn 0.0391 -0.0000 0.9992
vn -0.1564 -0.0000 0.9877
vn -0.3463 -0.0000 0.9381
vn -0.5227 -0.0000 0.8525
vn -0.6788 -0.0000 0.7344
vn -0.8092 -0.0000 0.5876
vn -0.9083 -0.0000 0.4184
vn -0.9724 -0.0000 0.2333
vn -0.9992 -0.0000 0.0391
vn -0.9876 -0.0000 -0.1568
vn -0.9381 -0.0000 -0.3465
vn -0.8525 -0.0000 -0.5227
vn -0.7344 -0.0000 -0.6788
vn -0.0000 1.0000 -0.0000
vn -0.5878 -0.0000 -0.8090
vn -0.4188 -0.0000 -0.9081
vn -0.0000 -1.0000 -0.0000
vt 1.000000 0.500000
vt 1.000000 1.000000
vt 0.968750 1.000000
vt 0.968750 0.500000
vt 0.937500 1.000000
vt 0.937500 0.500000
vt 0.906250 1.000000
vt 0.906250 0.500000
vt 0.875000 1.000000
vt 0.875000 0.500000
vt 0.843750 1.000000
vt 0.843750 0.500000
vt 0.812500 1.000000
vt 0.812500 0.500000
vt 0.781250 1.000000
vt 0.781250 0.500000
vt 0.750000 1.000000
vt 0.750000 0.500000
vt 0.718750 1.000000
vt 0.718750 0.500000
vt 0.687500 1.000000
vt 0.687500 0.500000
vt 0.656250 1.000000
vt 0.656250 0.500000
vt 0.625000 1.000000
vt 0.625000 0.500000
vt 0.593750 1.000000
vt 0.593750 0.500000
vt 0.562500 1.000000
vt 0.562500 0.500000
vt 0.531250 1.000000
vt 0.531250 0.500000
vt 0.500000 1.000000
vt 0.500000 0.500000
vt 0.468750 1.000000
vt 0.468750 0.500000
vt 0.437500 1.000000
vt 0.437500 0.500000
vt 0.406250 1.000000
vt 0.406250 0.500000
vt 0.375000 1.000000
vt 0.375000 0.500000
vt 0.343750 1.000000
vt 0.343750 0.500000
vt 0.312500 1.000000
vt 0.312500 0.500000
vt 0.281250 1.000000
vt 0.281250 0.500000
vt 0.250000 1.000000
vt 0.250000 0.500000
vt 0.218750 1.000000
vt 0.218750 0.500000
vt 0.187500 1.000000
vt 0.187500 0.500000
vt 0.156250 1.000000
vt 0.156250 0.500000
vt 0.125000 1.000000
vt 0.125000 0.500000
vt 0.093750 1.000000
vt 0.093750 0.500000
vt 0.062500 1.000000
vt 0.062500 0.500000
vt 0.296822 0.485388
vt 0.250000 0.490000
vt 0.203178 0.485388
vt 0.158156 0.471731
vt 0.116663 0.449553
vt 0.080294 0.419706
vt 0.050447 0.383337
vt 0.028269 0.341844
vt 0.014612 0.296822
vt 0.010000 0.250000
vt 0.014612 0.203178
vt 0.028269 0.158156
vt 0.050447 0.116663
vt 0.080294 0.080294
vt 0.116663 0.050447
vt 0.158156 0.028269
vt 0.203178 0.014612
vt 0.250000 0.010000
vt 0.296822 0.014612
vt 0.341844 0.028269
vt 0.383337 0.050447
vt 0.419706 0.080294
vt 0.449553 0.116663
vt 0.471731 0.158156
vt 0.485388 0.203178
vt 0.490000 0.250000
vt 0.485388 0.296822
vt 0.471731 0.341844
vt 0.449553 0.383337
vt 0.419706 0.419706
vt 0.383337 0.449553
vt 0.341844 0.471731
vt 0.031250 1.000000
vt 0.031250 0.500000
vt 0.000000 1.000000
vt 0.000000 0.500000
vt 0.750000 0.490000
vt 0.796822 0.485388
vt 0.841844 0.471731
vt 0.883337 0.449553
vt 0.919706 0.419706
vt 0.949553 0.383337
vt 0.971731 0.341844
vt 0.985388 0.296822
vt 0.990000 0.250000
vt 0.985388 0.203178
vt 0.971731 0.158156
vt 0.949553 0.116663
vt 0.919706 0.080294
vt 0.883337 0.050447
vt 0.841844 0.028269
vt 0.796822 0.014612
vt 0.750000 0.010000
vt 0.703178 0.014612
vt 0.658156 0.028269
vt 0.616663 0.050447
vt 0.580294 0.080294
vt 0.550447 0.116663
vt 0.528269 0.158156
vt 0.514612 0.203178
vt 0.510000 0.250000
vt 0.514612 0.296822
vt 0.528269 0.341844
vt 0.550447 0.383337
vt 0.580294 0.419706
vt 0.616663 0.449553
vt 0.658156 0.471731
vt 0.703178 0.485388
s 1
f 3873/3071/2403 3874/3072/2403 3876/3073/2403 3875/3074/2403
f 3875/3074/2404 3876/3073/2404 3878/3075/2404 3877/3076/2404
f 3877/3076/2405 3878/3075/2405 3880/3077/2405 3879/3078/2405
f 3879/3078/2406 3880/3077/2406 3882/3079/2406 3881/3080/2406
f 3881/3080/2407 3882/3079/2407 3884/3081/2407 3883/3082/2407
f 3883/3082/2408 3884/3081/2408 3886/3083/2408 3885/3084/2408
f 3885/3084/2409 3886/3083/2409 3888/3085/2409 3887/3086/2409
f 3887/3086/2410 3888/3085/2410 3890/3087/2410 3889/3088/2410
f 3889/3088/2411 3890/3087/2411 3892/3089/2411 3891/3090/2411
f 3891/3090/2412 3892/3089/2412 3894/3091/2412 3893/3092/2412
f 3893/3092/2413 3894/3091/2413 3896/3093/2413 3895/3094/2413
f 3895/3094/2414 3896/3093/2414 3898/3095/2414 3897/3096/2414
f 3897/3096/2415 3898/3095/2415 3900/3097/2415 3899/3098/2415
f 3899/3098/2416 3900/3097/2416 3902/3099/2416 3901/3100/2416
f 3901/3100/2417 3902/3099/2417 3904/3101/2417 3903/3102/2417
f 3903/3102/2418 3904/3101/2418 3906/3103/2418 3905/3104/2418
f 3905/3104/2419 3906/3103/2419 3908/3105/2419 3907/3106/2419
f 3907/3106/2420 3908/3105/2420 3910/3107/2420 3909/3108/2420
f 3909/3108/2421 3910/3107/2421 3912/3109/2421 3911/3110/2421
f 3911/3110/2422 3912/3109/2422 3914/3111/2422 3913/3112/2422
f 3913/3112/2423 3914/3111/2423 3916/3113/2423 3915/3114/2423
f 3915/3114/2424 3916/3113/2424 3918/3115/2424 3917/3116/2424
f 3917/3116/2425 3918/3115/2425 3920/3117/2425 3919/3118/2425
f 3919/3118/2426 3920/3117/2426 3922/3119/2426 3921/3120/2426
f 3921/3120/2427 3922/3119/2427 3924/3121/2427 3923/3122/2427
f 3923/3122/2428 3924/3121/2428 3926/3123/2428 3925/3124/2428
f 3925/3124/2429 3926/3123/2429 3928/3125/2429 3927/3126/2429
f 3927/3126/2430 3928/3125/2430 3930/3127/2430 3929/3128/2430
f 3929/3128/2431 3930/3127/2431 3932/3129/2431 3931/3130/2431
f 3931/3130/2432 3932/3129/2432 3934/3131/2432 3933/3132/2432
f 3876/3133/2433 3874/3134/2433 3936/3135/2433 3934/3136/2433 3932/3137/2433 3930/3138/2433 3928/3139/2433 3926/3140/2433 3924/3141/2433 3922/3142/2433 3920/3143/2433 3918/3144/2433 3916/3145/2433 3914/3146/2433 3912/3147/2433 3910/3148/2433 3908/3149/2433 3906/3150/2433 3904/3151/2433 3902/3152/2433 3900/3153/2433 3898/3154/2433 3896/3155/2433 3894/3156/2433 3892/3157/2433 3890/3158/2433 3888/3159/2433 3886/3160/2433 3884/3161/2433 3882/3162/2433 3880/3163/2433 3878/3164/2433
f 3933/3132/2434 3934/3131/2434 3936/3165/2434 3935/3166/2434
f 3935/3166/2435 3936/3165/2435 3874/3167/2435 3873/3168/2435
f 3873/3169/2436 3875/3170/2436 3877/3171/2436 3879/3172/2436 3881/3173/2436 3883/3174/2436 3885/3175/2436 3887/3176/2436 3889/3177/2436 3891/3178/2436 3893/3179/2436 3895/3180/2436 3897/3181/2436 3899/3182/2436 3901/3183/2436 3903/3184/2436 3905/3185/2436 3907/3186/2436 3909/3187/2436 3911/3188/2436 3913/3189/2436 3915/3190/2436 3917/3191/2436 3919/3192/2436 3921/3193/2436 3923/3194/2436 3925/3195/2436 3927/3196/2436 3929/3197/2436 3931/3198/2436 3933/3199/2436 3935/3200/2436
o Cylinder.024
v 1.666527 -0.115930 0.627389
v 1.666527 0.105647 0.627389
v 1.668765 -0.115930 0.626852
v 1.668765 0.105647 0.626852
v 1.671064 -0.115930 0.626762
v 1.671064 0.105647 0.626762
v 1.673337 -0.115930 0.627122
v 1.673337 0.105647 0.627122
v 1.675496 -0.115930 0.627919
v 1.675496 0.105647 0.627919
v 1.677458 -0.115930 0.629121
v 1.677458 0.105647 0.629121
v 1.679148 -0.115930 0.630684
v 1.679148 0.105647 0.630684
v 1.680501 -0.115930 0.632546
v 1.680501 0.105647 0.632546
v 1.681464 -0.115930 0.634636
v 1.681464 0.105647 0.634636
v 1.682001 -0.115930 0.636874
v 1.682001 0.105647 0.636874
v 1.682091 -0.115930 0.639173
v 1.682091 0.105647 0.639173
v 1.681731 -0.115930 0.641446
v 1.681731 0.105647 0.641446
v 1.680934 -0.115930 0.643605
v 1.680934 0.105647 0.643605
v 1.679731 -0.115930 0.645567
v 1.679731 0.105647 0.645567
v 1.678169 -0.115930 0.647257
v 1.678169 0.105647 0.647257
v 1.676307 -0.115930 0.648609
v 1.676307 0.105647 0.648609
v 1.674217 -0.115930 0.649573
v 1.674217 0.105647 0.649573
v 1.671979 -0.115930 0.650110
v 1.671979 0.105647 0.650110
v 1.669679 -0.115930 0.650200
v 1.669679 0.105647 0.650200
v 1.667406 -0.115930 0.649839
v 1.667406 0.105647 0.649839
v 1.665247 -0.115930 0.649043
v 1.665247 0.105647 0.649043
v 1.663285 -0.115930 0.647840
v 1.663285 0.105647 0.647840
v 1.661595 -0.115930 0.646277
v 1.661595 0.105647 0.646277
v 1.660243 -0.115930 0.644415
v 1.660243 0.105647 0.644415
v 1.659280 -0.115930 0.642325
v 1.659280 0.105647 0.642325
v 1.658743 -0.115930 0.640088
v 1.658743 0.105647 0.640088
v 1.658653 -0.115930 0.637788
v 1.658653 0.105647 0.637788
v 1.659013 -0.115930 0.635515
v 1.659013 0.105647 0.635515
v 1.659810 -0.115930 0.633356
v 1.659810 0.105647 0.633356
v 1.661013 -0.115930 0.631394
v 1.661013 0.105647 0.631394
v 1.662575 -0.115930 0.629704
v 1.662575 0.105647 0.629704
v 1.664437 -0.115930 0.628352
v 1.664437 0.105647 0.628352
vn -0.2334 -0.0000 -0.9724
vn -0.0391 -0.0000 -0.9992
vn 0.1564 -0.0000 -0.9877
vn 0.3463 -0.0000 -0.9381
vn 0.5224 -0.0000 -0.8527
vn 0.6790 -0.0000 -0.7341
vn 0.8090 -0.0000 -0.5879
vn 0.9082 -0.0000 -0.4185
vn 0.9724 -0.0000 -0.2333
vn 0.9992 -0.0000 -0.0391
vn 0.9877 -0.0000 0.1564
vn 0.9381 -0.0000 0.3463
vn 0.8525 -0.0000 0.5227
vn 0.7344 -0.0000 0.6787
vn 0.5875 -0.0000 0.8092
vn 0.4189 -0.0000 0.9081
vn 0.2333 -0.0000 0.9724
vn 0.0391 -0.0000 0.9992
vn -0.1568 -0.0000 0.9876
vn -0.3464 -0.0000 0.9381
vn -0.5227 -0.0000 0.8525
vn -0.6790 -0.0000 0.7342
vn -0.8092 -0.0000 0.5875
vn -0.9082 -0.0000 0.4185
vn -0.9724 -0.0000 0.2334
vn -0.9992 -0.0000 0.0391
vn -0.9877 -0.0000 -0.1564
vn -0.9381 -0.0000 -0.3463
vn -0.8525 -0.0000 -0.5227
vn -0.7344 -0.0000 -0.6787
vn -0.0000 1.0000 -0.0000
vn -0.5875 -0.0000 -0.8092
vn -0.4185 -0.0000 -0.9082
vn -0.0000 -1.0000 -0.0000
vt 1.000000 0.500000
vt 1.000000 1.000000
vt 0.968750 1.000000
vt 0.968750 0.500000
vt 0.937500 1.000000
vt 0.937500 0.500000
vt 0.906250 1.000000
vt 0.906250 0.500000
vt 0.875000 1.000000
vt 0.875000 0.500000
vt 0.843750 1.000000
vt 0.843750 0.500000
vt 0.812500 1.000000
vt 0.812500 0.500000
vt 0.781250 1.000000
vt 0.781250 0.500000
vt 0.750000 1.000000
vt 0.750000 0.500000
vt 0.718750 1.000000
vt 0.718750 0.500000
vt 0.687500 1.000000
vt 0.687500 0.500000
vt 0.656250 1.000000
vt 0.656250 0.500000
vt 0.625000 1.000000
vt 0.625000 0.500000
vt 0.593750 1.000000
vt 0.593750 0.500000
vt 0.562500 1.000000
vt 0.562500 0.500000
vt 0.531250 1.000000
vt 0.531250 0.500000
vt 0.500000 1.000000
vt 0.500000 0.500000
vt 0.468750 1.000000
vt 0.468750 0.500000
vt 0.437500 1.000000
vt 0.437500 0.500000
vt 0.406250 1.000000
vt 0.406250 0.500000
vt 0.375000 1.000000
vt 0.375000 0.500000
vt 0.343750 1.000000
vt 0.343750 0.500000
vt 0.312500 1.000000
vt 0.312500 0.500000
vt 0.281250 1.000000
vt 0.281250 0.500000
vt 0.250000 1.000000
vt 0.250000 0.500000
vt 0.218750 1.000000
vt 0.218750 0.500000
vt 0.187500 1.000000
vt 0.187500 0.500000
vt 0.156250 1.000000
vt 0.156250 0.500000
vt 0.125000 1.000000
vt 0.125000 0.500000
vt 0.093750 1.000000
vt 0.093750 0.500000
vt 0.062500 1.000000
vt 0.062500 0.500000
vt 0.296822 0.485388
vt 0.250000 0.490000
vt 0.203178 0.485388
vt 0.158156 0.471731
vt 0.116663 0.449553
vt 0.080294 0.419706
vt 0.050447 0.383337
vt 0.028269 0.341844
vt 0.014612 0.296822
vt 0.010000 0.250000
vt 0.014612 0.203178
vt 0.028269 0.158156
vt 0.050447 0.116663
vt 0.080294 0.080294
vt 0.116663 0.050447
vt 0.158156 0.028269
vt 0.203178 0.014612
vt 0.250000 0.010000
vt 0.296822 0.014612
vt 0.341844 0.028269
vt 0.383337 0.050447
vt 0.419706 0.080294
vt 0.449553 0.116663
vt 0.471731 0.158156
vt 0.485388 0.203178
vt 0.490000 0.250000
vt 0.485388 0.296822
vt 0.471731 0.341844
vt 0.449553 0.383337
vt 0.419706 0.419706
vt 0.383337 0.449553
vt 0.341844 0.471731
vt 0.031250 1.000000
vt 0.031250 0.500000
vt 0.000000 1.000000
vt 0.000000 0.500000
vt 0.750000 0.490000
vt 0.796822 0.485388
vt 0.841844 0.471731
vt 0.883337 0.449553
vt 0.919706 0.419706
vt 0.949553 0.383337
vt 0.971731 0.341844
vt 0.985388 0.296822
vt 0.990000 0.250000
vt 0.985388 0.203178
vt 0.971731 0.158156
vt 0.949553 0.116663
vt 0.919706 0.080294
vt 0.883337 0.050447
vt 0.841844 0.028269
vt 0.796822 0.014612
vt 0.750000 0.010000
vt 0.703178 0.014612
vt 0.658156 0.028269
vt 0.616663 0.050447
vt 0.580294 0.080294
vt 0.550447 0.116663
vt 0.528269 0.158156
vt 0.514612 0.203178
vt 0.510000 0.250000
vt 0.514612 0.296822
vt 0.528269 0.341844
vt 0.550447 0.383337
vt 0.580294 0.419706
vt 0.616663 0.449553
vt 0.658156 0.471731
vt 0.703178 0.485388
s 1
f 3937/3201/2437 3938/3202/2437 3940/3203/2437 3939/3204/2437
f 3939/3204/2438 3940/3203/2438 3942/3205/2438 3941/3206/2438
f 3941/3206/2439 3942/3205/2439 3944/3207/2439 3943/3208/2439
f 3943/3208/2440 3944/3207/2440 3946/3209/2440 3945/3210/2440
f 3945/3210/2441 3946/3209/2441 3948/3211/2441 3947/3212/2441
f 3947/3212/2442 3948/3211/2442 3950/3213/2442 3949/3214/2442
f 3949/3214/2443 3950/3213/2443 3952/3215/2443 3951/3216/2443
f 3951/3216/2444 3952/3215/2444 3954/3217/2444 3953/3218/2444
f 3953/3218/2445 3954/3217/2445 3956/3219/2445 3955/3220/2445
f 3955/3220/2446 3956/3219/2446 3958/3221/2446 3957/3222/2446
f 3957/3222/2447 3958/3221/2447 3960/3223/2447 3959/3224/2447
f 3959/3224/2448 3960/3223/2448 3962/3225/2448 3961/3226/2448
f 3961/3226/2449 3962/3225/2449 3964/3227/2449 3963/3228/2449
f 3963/3228/2450 3964/3227/2450 3966/3229/2450 3965/3230/2450
f 3965/3230/2451 3966/3229/2451 3968/3231/2451 3967/3232/2451
f 3967/3232/2452 3968/3231/2452 3970/3233/2452 3969/3234/2452
f 3969/3234/2453 3970/3233/2453 3972/3235/2453 3971/3236/2453
f 3971/3236/2454 3972/3235/2454 3974/3237/2454 3973/3238/2454
f 3973/3238/2455 3974/3237/2455 3976/3239/2455 3975/3240/2455
f 3975/3240/2456 3976/3239/2456 3978/3241/2456 3977/3242/2456
f 3977/3242/2457 3978/3241/2457 3980/3243/2457 3979/3244/2457
f 3979/3244/2458 3980/3243/2458 3982/3245/2458 3981/3246/2458
f 3981/3246/2459 3982/3245/2459 3984/3247/2459 3983/3248/2459
f 3983/3248/2460 3984/3247/2460 3986/3249/2460 3985/3250/2460
f 3985/3250/2461 3986/3249/2461 3988/3251/2461 3987/3252/2461
f 3987/3252/2462 3988/3251/2462 3990/3253/2462 3989/3254/2462
f 3989/3254/2463 3990/3253/2463 3992/3255/2463 3991/3256/2463
f 3991/3256/2464 3992/3255/2464 3994/3257/2464 3993/3258/2464
f 3993/3258/2465 3994/3257/2465 3996/3259/2465 3995/3260/2465
f 3995/3260/2466 3996/3259/2466 3998/3261/2466 3997/3262/2466
f 3940/3263/2467 3938/3264/2467 4000/3265/2467 3998/3266/2467 3996/3267/2467 3994/3268/2467 3992/3269/2467 3990/3270/2467 3988/3271/2467 3986/3272/2467 3984/3273/2467 3982/3274/2467 3980/3275/2467 3978/3276/2467 3976/3277/2467 3974/3278/2467 3972/3279/2467 3970/3280/2467 3968/3281/2467 3966/3282/2467 3964/3283/2467 3962/3284/2467 3960/3285/2467 3958/3286/2467 3956/3287/2467 3954/3288/2467 3952/3289/2467 3950/3290/2467 3948/3291/2467 3946/3292/2467 3944/3293/2467 3942/3294/2467
f 3997/3262/2468 3998/3261/2468 4000/3295/2468 3999/3296/2468
f 3999/3296/2469 4000/3295/2469 3938/3297/2469 3937/3298/2469
f 3937/3299/2470 3939/3300/2470 3941/3301/2470 3943/3302/2470 3945/3303/2470 3947/3304/2470 3949/3305/2470 3951/3306/2470 3953/3307/2470 3955/3308/2470 3957/3309/2470 3959/3310/2470 3961/3311/2470 3963/3312/2470 3965/3313/2470 3967/3314/2470 3969/3315/2470 3971/3316/2470 3973/3317/2470 3975/3318/2470 3977/3319/2470 3979/3320/2470 3981/3321/2470 3983/3322/2470 3985/3323/2470 3987/3324/2470 3989/3325/2470 3991/3326/2470 3993/3327/2470 3995/3328/2470 3997/3329/2470 3999/3330/2470
o Cylinder.025
v 1.581395 -0.115930 0.813942
v 1.581395 0.105647 0.813942
v 1.583633 -0.115930 0.813405
v 1.583633 0.105647 0.813405
v 1.585932 -0.115930 0.813315
v 1.585932 0.105647 0.813315
v 1.588205 -0.115930 0.813675
v 1.588205 0.105647 0.813675
v 1.590364 -0.115930 0.814472
v 1.590364 0.105647 0.814472
v 1.592326 -0.115930 0.815675
v 1.592326 0.105647 0.815675
v 1.594016 -0.115930 0.817237
v 1.594016 0.105647 0.817237
v 1.595368 -0.115930 0.819099
v 1.595368 0.105647 0.819099
v 1.596332 -0.115930 0.821189
v 1.596332 0.105647 0.821189
v 1.596869 -0.115930 0.823427
v 1.596869 0.105647 0.823427
v 1.596959 -0.115930 0.825726
v 1.596959 0.105647 0.825726
v 1.596598 -0.115930 0.827999
v 1.596598 0.105647 0.827999
v 1.595801 -0.115930 0.830158
v 1.595801 0.105647 0.830158
v 1.594599 -0.115930 0.832120
v 1.594599 0.105647 0.832120
v 1.593036 -0.115930 0.833810
v 1.593036 0.105647 0.833810
v 1.591174 -0.115930 0.835163
v 1.591174 0.105647 0.835163
v 1.589084 -0.115930 0.836126
v 1.589084 0.105647 0.836126
v 1.586847 -0.115930 0.836663
v 1.586847 0.105647 0.836663
v 1.584547 -0.115930 0.836753
v 1.584547 0.105647 0.836753
v 1.582274 -0.115930 0.836392
v 1.582274 0.105647 0.836392
v 1.580115 -0.115930 0.835596
v 1.580115 0.105647 0.835596
v 1.578153 -0.115930 0.834393
v 1.578153 0.105647 0.834393
v 1.576463 -0.115930 0.832831
v 1.576463 0.105647 0.832831
v 1.575111 -0.115930 0.830969
v 1.575111 0.105647 0.830969
v 1.574148 -0.115930 0.828879
v 1.574148 0.105647 0.828879
v 1.573611 -0.115930 0.826641
v 1.573611 0.105647 0.826641
v 1.573521 -0.115930 0.824341
v 1.573521 0.105647 0.824341
v 1.573881 -0.115930 0.822068
v 1.573881 0.105647 0.822068
v 1.574678 -0.115930 0.819909
v 1.574678 0.105647 0.819909
v 1.575881 -0.115930 0.817947
v 1.575881 0.105647 0.817947
v 1.577443 -0.115930 0.816257
v 1.577443 0.105647 0.816257
v 1.579305 -0.115930 0.814905
v 1.579305 0.105647 0.814905
vn -0.2334 -0.0000 -0.9724
vn -0.0391 -0.0000 -0.9992
vn 0.1564 -0.0000 -0.9877
vn 0.3463 -0.0000 -0.9381
vn 0.5227 -0.0000 -0.8525
vn 0.6788 -0.0000 -0.7343
vn 0.8092 -0.0000 -0.5876
vn 0.9083 -0.0000 -0.4184
vn 0.9724 -0.0000 -0.2333
vn 0.9992 -0.0000 -0.0391
vn 0.9876 -0.0000 0.1568
vn 0.9381 -0.0000 0.3463
vn 0.8527 -0.0000 0.5224
vn 0.7342 -0.0000 0.6790
vn 0.5878 -0.0000 0.8090
vn 0.4185 -0.0000 0.9082
vn 0.2334 -0.0000 0.9724
vn 0.0391 -0.0000 0.9992
vn -0.1568 -0.0000 0.9876
vn -0.3464 -0.0000 0.9381
vn -0.5227 -0.0000 0.8525
vn -0.6787 -0.0000 0.7344
vn -0.8089 -0.0000 0.5879
vn -0.9082 -0.0000 0.4185
vn -0.9724 -0.0000 0.2333
vn -0.9992 -0.0000 0.0391
vn -0.9877 -0.0000 -0.1564
vn -0.9381 -0.0000 -0.3463
vn -0.8525 -0.0000 -0.5227
vn -0.7344 -0.0000 -0.6787
vn -0.0000 1.0000 -0.0000
vn -0.5875 -0.0000 -0.8092
vn -0.4185 -0.0000 -0.9082
vn -0.0000 -1.0000 -0.0000
vt 1.000000 0.500000
vt 1.000000 1.000000
vt 0.968750 1.000000
vt 0.968750 0.500000
vt 0.937500 1.000000
vt 0.937500 0.500000
vt 0.906250 1.000000
vt 0.906250 0.500000
vt 0.875000 1.000000
vt 0.875000 0.500000
vt 0.843750 1.000000
vt 0.843750 0.500000
vt 0.812500 1.000000
vt 0.812500 0.500000
vt 0.781250 1.000000
vt 0.781250 0.500000
vt 0.750000 1.000000
vt 0.750000 0.500000
vt 0.718750 1.000000
vt 0.718750 0.500000
vt 0.687500 1.000000
vt 0.687500 0.500000
vt 0.656250 1.000000
vt 0.656250 0.500000
vt 0.625000 1.000000
vt 0.625000 0.500000
vt 0.593750 1.000000
vt 0.593750 0.500000
vt 0.562500 1.000000
vt 0.562500 0.500000
vt 0.531250 1.000000
vt 0.531250 0.500000
vt 0.500000 1.000000
vt 0.500000 0.500000
vt 0.468750 1.000000
vt 0.468750 0.500000
vt 0.437500 1.000000
vt 0.437500 0.500000
vt 0.406250 1.000000
vt 0.406250 0.500000
vt 0.375000 1.000000
vt 0.375000 0.500000
vt 0.343750 1.000000
vt 0.343750 0.500000
vt 0.312500 1.000000
vt 0.312500 0.500000
vt 0.281250 1.000000
vt 0.281250 0.500000
vt 0.250000 1.000000
vt 0.250000 0.500000
vt 0.218750 1.000000
vt 0.218750 0.500000
vt 0.187500 1.000000
vt 0.187500 0.500000
vt 0.156250 1.000000
vt 0.156250 0.500000
vt 0.125000 1.000000
vt 0.125000 0.500000
vt 0.093750 1.000000
vt 0.093750 0.500000
vt 0.062500 1.000000
vt 0.062500 0.500000
vt 0.296822 0.485388
vt 0.250000 0.490000
vt 0.203178 0.485388
vt 0.158156 0.471731
vt 0.116663 0.449553
vt 0.080294 0.419706
vt 0.050447 0.383337
vt 0.028269 0.341844
vt 0.014612 0.296822
vt 0.010000 0.250000
vt 0.014612 0.203178
vt 0.028269 0.158156
vt 0.050447 0.116663
vt 0.080294 0.080294
vt 0.116663 0.050447
vt 0.158156 0.028269
vt 0.203178 0.014612
vt 0.250000 0.010000
vt 0.296822 0.014612
vt 0.341844 0.028269
vt 0.383337 0.050447
vt 0.419706 0.080294
vt 0.449553 0.116663
vt 0.471731 0.158156
vt 0.485388 0.203178
vt 0.490000 0.250000
vt 0.485388 0.296822
vt 0.471731 0.341844
vt 0.449553 0.383337
vt 0.419706 0.419706
vt 0.383337 0.449553
vt 0.341844 0.471731
vt 0.031250 1.000000
vt 0.031250 0.500000
vt 0.000000 1.000000
vt 0.000000 0.500000
vt 0.750000 0.490000
vt 0.796822 0.485388
vt 0.841844 0.471731
vt 0.883337 0.449553
vt 0.919706 0.419706
vt 0.949553 0.383337
vt 0.971731 0.341844
vt 0.985388 0.296822
vt 0.990000 0.250000
vt 0.985388 0.203178
vt 0.971731 0.158156
vt 0.949553 0.116663
vt 0.919706 0.080294
vt 0.883337 0.050447
vt 0.841844 0.028269
vt 0.796822 0.014612
vt 0.750000 0.010000
vt 0.703178 0.014612
vt 0.658156 0.028269
vt 0.616663 0.050447
vt 0.580294 0.080294
vt 0.550447 0.116663
vt 0.528269 0.158156
vt 0.514612 0.203178
vt 0.510000 0.250000
vt 0.514612 0.296822
vt 0.528269 0.341844
vt 0.550447 0.383337
vt 0.580294 0.419706
vt 0.616663 0.449553
vt 0.658156 0.471731
vt 0.703178 0.485388
s 1
f 4001/3331/2471 4002/3332/2471 4004/3333/2471 4003/3334/2471
f 4003/3334/2472 4004/3333/2472 4006/3335/2472 4005/3336/2472
f 4005/3336/2473 4006/3335/2473 4008/3337/2473 4007/3338/2473
f 4007/3338/2474 4008/3337/2474 4010/3339/2474 4009/3340/2474
f 4009/3340/2475 4010/3339/2475 4012/3341/2475 4011/3342/2475
f 4011/3342/2476 4012/3341/2476 4014/3343/2476 4013/3344/2476
f 4013/3344/2477 4014/3343/2477 4016/3345/2477 4015/3346/2477
f 4015/3346/2478 4016/3345/2478 4018/3347/2478 4017/3348/2478
f 4017/3348/2479 4018/3347/2479 4020/3349/2479 4019/3350/2479
f 4019/3350/2480 4020/3349/2480 4022/3351/2480 4021/3352/2480
f 4021/3352/2481 4022/3351/2481 4024/3353/2481 4023/3354/2481
f 4023/3354/2482 4024/3353/2482 4026/3355/2482 4025/3356/2482
f 4025/3356/2483 4026/3355/2483 4028/3357/2483 4027/3358/2483
f 4027/3358/2484 4028/3357/2484 4030/3359/2484 4029/3360/2484
f 4029/3360/2485 4030/3359/2485 4032/3361/2485 4031/3362/2485
f 4031/3362/2486 4032/3361/2486 4034/3363/2486 4033/3364/2486
f 4033/3364/2487 4034/3363/2487 4036/3365/2487 4035/3366/2487
f 4035/3366/2488 4036/3365/2488 4038/3367/2488 4037/3368/2488
f 4037/3368/2489 4038/3367/2489 4040/3369/2489 4039/3370/2489
f 4039/3370/2490 4040/3369/2490 4042/3371/2490 4041/3372/2490
f 4041/3372/2491 4042/3371/2491 4044/3373/2491 4043/3374/2491
f 4043/3374/2492 4044/3373/2492 4046/3375/2492 4045/3376/2492
f 4045/3376/2493 4046/3375/2493 4048/3377/2493 4047/3378/2493
f 4047/3378/2494 4048/3377/2494 4050/3379/2494 4049/3380/2494
f 4049/3380/2495 4050/3379/2495 4052/3381/2495 4051/3382/2495
f 4051/3382/2496 4052/3381/2496 4054/3383/2496 4053/3384/2496
f 4053/3384/2497 4054/3383/2497 4056/3385/2497 4055/3386/2497
f 4055/3386/2498 4056/3385/2498 4058/3387/2498 4057/3388/2498
f 4057/3388/2499 4058/3387/2499 4060/3389/2499 4059/3390/2499
f 4059/3390/2500 4060/3389/2500 4062/3391/2500 4061/3392/2500
f 4004/3393/2501 4002/3394/2501 4064/3395/2501 4062/3396/2501 4060/3397/2501 4058/3398/2501 4056/3399/2501 4054/3400/2501 4052/3401/2501 4050/3402/2501 4048/3403/2501 4046/3404/2501 4044/3405/2501 4042/3406/2501 4040/3407/2501 4038/3408/2501 4036/3409/2501 4034/3410/2501 4032/3411/2501 4030/3412/2501 4028/3413/2501 4026/3414/2501 4024/3415/2501 4022/3416/2501 4020/3417/2501 4018/3418/2501 4016/3419/2501 4014/3420/2501 4012/3421/2501 4010/3422/2501 4008/3423/2501 4006/3424/2501
f 4061/3392/2502 4062/3391/2502 4064/3425/2502 4063/3426/2502
f 4063/3426/2503 4064/3425/2503 4002/3427/2503 4001/3428/2503
f 4001/3429/2504 4003/3430/2504 4005/3431/2504 4007/3432/2504 4009/3433/2504 4011/3434/2504 4013/3435/2504 4015/3436/2504 4017/3437/2504 4019/3438/2504 4021/3439/2504 4023/3440/2504 4025/3441/2504 4027/3442/2504 4029/3443/2504 4031/3444/2504 4033/3445/2504 4035/3446/2504 4037/3447/2504 4039/3448/2504 4041/3449/2504 4043/3450/2504 4045/3451/2504 4047/3452/2504 4049/3453/2504 4051/3454/2504 4053/3455/2504 4055/3456/2504 4057/3457/2504 4059/3458/2504 4061/3459/2504 4063/3460/2504
o Cylinder.026
v 1.243052 -0.115930 -0.104377
v 1.243052 0.105647 -0.104377
v 1.245290 -0.115930 -0.104914
v 1.245290 0.105647 -0.104914
v 1.247589 -0.115930 -0.105004
v 1.247589 0.105647 -0.105004
v 1.249862 -0.115930 -0.104644
v 1.249862 0.105647 -0.104644
v 1.252021 -0.115930 -0.103847
v 1.252021 0.105647 -0.103847
v 1.253983 -0.115930 -0.102644
v 1.253983 0.105647 -0.102644
v 1.255673 -0.115930 -0.101082
v 1.255673 0.105647 -0.101082
v 1.257025 -0.115930 -0.099220
v 1.257025 0.105647 -0.099220
v 1.257988 -0.115930 -0.097130
v 1.257988 0.105647 -0.097130
v 1.258525 -0.115930 -0.094892
v 1.258525 0.105647 -0.094892
v 1.258615 -0.115930 -0.092593
v 1.258615 0.105647 -0.092593
v 1.258255 -0.115930 -0.090320
v 1.258255 0.105647 -0.090320
v 1.257458 -0.115930 -0.088161
v 1.257458 0.105647 -0.088161
v 1.256256 -0.115930 -0.086199
v 1.256256 0.105647 -0.086199
v 1.254693 -0.115930 -0.084509
v 1.254693 0.105647 -0.084509
v 1.252831 -0.115930 -0.083156
v 1.252831 0.105647 -0.083156
v 1.250741 -0.115930 -0.082193
v 1.250741 0.105647 -0.082193
v 1.248503 -0.115930 -0.081656
v 1.248503 0.105647 -0.081656
v 1.246204 -0.115930 -0.081566
v 1.246204 0.105647 -0.081566
v 1.243931 -0.115930 -0.081926
v 1.243931 0.105647 -0.081926
v 1.241772 -0.115930 -0.082723
v 1.241772 0.105647 -0.082723
v 1.239810 -0.115930 -0.083926
v 1.239810 0.105647 -0.083926
v 1.238120 -0.115930 -0.085488
v 1.238120 0.105647 -0.085488
v 1.236768 -0.115930 -0.087350
v 1.236768 0.105647 -0.087350
v 1.235805 -0.115930 -0.089440
v 1.235805 0.105647 -0.089440
v 1.235268 -0.115930 -0.091678
v 1.235268 0.105647 -0.091678
v 1.235178 -0.115930 -0.093978
v 1.235178 0.105647 -0.093978
v 1.235538 -0.115930 -0.096251
v 1.235538 0.105647 -0.096251
v 1.236335 -0.115930 -0.098410
v 1.236335 0.105647 -0.098410
v 1.237537 -0.115930 -0.100372
v 1.237537 0.105647 -0.100372
v 1.239100 -0.115930 -0.102062
v 1.239100 0.105647 -0.102062
v 1.240962 -0.115930 -0.103414
v 1.240962 0.105647 -0.103414
vn -0.2333 -0.0000 -0.9724
vn -0.0391 -0.0000 -0.9992
vn 0.1568 -0.0000 -0.9876
vn 0.3463 -0.0000 -0.9381
vn 0.5227 -0.0000 -0.8525
vn 0.6787 -0.0000 -0.7344
vn 0.8092 -0.0000 -0.5875
vn 0.9082 -0.0000 -0.4185
vn 0.9724 -0.0000 -0.2333
vn 0.9992 -0.0000 -0.0391
vn 0.9877 -0.0000 0.1564
vn 0.9383 -0.0000 0.3459
vn 0.8527 -0.0000 0.5224
vn 0.7342 -0.0000 0.6790
vn 0.5878 -0.0000 0.8090
vn 0.4185 -0.0000 0.9082
vn 0.2333 -0.0000 0.9724
vn 0.0391 -0.0000 0.9992
vn -0.1568 -0.0000 0.9876
vn -0.3463 -0.0000 0.9381
vn -0.5227 -0.0000 0.8525
vn -0.6787 -0.0000 0.7344
vn -0.8092 -0.0000 0.5875
vn -0.9082 -0.0000 0.4185
vn -0.9724 -0.0000 0.2333
vn -0.9992 -0.0000 0.0391
vn -0.9877 -0.0000 -0.1564
vn -0.9383 -0.0000 -0.3459
vn -0.8527 -0.0000 -0.5224
vn -0.7342 -0.0000 -0.6790
vn -0.0000 1.0000 -0.0000
vn -0.5878 -0.0000 -0.8090
vn -0.4185 -0.0000 -0.9082
vn -0.0000 -1.0000 -0.0000
vt 1.000000 0.500000
vt 1.000000 1.000000
vt 0.968750 1.000000
vt 0.968750 0.500000
vt 0.937500 1.000000
vt 0.937500 0.500000
vt 0.906250 1.000000
vt 0.906250 0.500000
vt 0.875000 1.000000
vt 0.875000 0.500000
vt 0.843750 1.000000
vt 0.843750 0.500000
vt 0.812500 1.000000
vt 0.812500 0.500000
vt 0.781250 1.000000
vt 0.781250 0.500000
vt 0.750000 1.000000
vt 0.750000 0.500000
vt 0.718750 1.000000
vt 0.718750 0.500000
vt 0.687500 1.000000
vt 0.687500 0.500000
vt 0.656250 1.000000
vt 0.656250 0.500000
vt 0.625000 1.000000
vt 0.625000 0.500000
vt 0.593750 1.000000
vt 0.593750 0.500000
vt 0.562500 1.000000
vt 0.562500 0.500000
vt 0.531250 1.000000
vt 0.531250 0.500000
vt 0.500000 1.000000
vt 0.500000 0.500000
vt 0.468750 1.000000
vt 0.468750 0.500000
vt 0.437500 1.000000
vt 0.437500 0.500000
vt 0.406250 1.000000
vt 0.406250 0.500000
vt 0.375000 1.000000
vt 0.375000 0.500000
vt 0.343750 1.000000
vt 0.343750 0.500000
vt 0.312500 1.000000
vt 0.312500 0.500000
vt 0.281250 1.000000
vt 0.281250 0.500000
vt 0.250000 1.000000
vt 0.250000 0.500000
vt 0.218750 1.000000
vt 0.218750 0.500000
vt 0.187500 1.000000
vt 0.187500 0.500000
vt 0.156250 1.000000
vt 0.156250 0.500000
vt 0.125000 1.000000
vt 0.125000 0.500000
vt 0.093750 1.000000
vt 0.093750 0.500000
vt 0.062500 1.000000
vt 0.062500 0.500000
vt 0.296822 0.485388
vt 0.250000 0.490000
vt 0.203178 0.485388
vt 0.158156 0.471731
vt 0.116663 0.449553
vt 0.080294 0.419706
vt 0.050447 0.383337
vt 0.028269 0.341844
vt 0.014612 0.296822
vt 0.010000 0.250000
vt 0.014612 0.203178
vt 0.028269 0.158156
vt 0.050447 0.116663
vt 0.080294 0.080294
vt 0.116663 0.050447
vt 0.158156 0.028269
vt 0.203178 0.014612
vt 0.250000 0.010000
vt 0.296822 0.014612
vt 0.341844 0.028269
vt 0.383337 0.050447
vt 0.419706 0.080294
vt 0.449553 0.116663
vt 0.471731 0.158156
vt 0.485388 0.203178
vt 0.490000 0.250000
vt 0.485388 0.296822
vt 0.471731 0.341844
vt 0.449553 0.383337
vt 0.419706 0.419706
vt 0.383337 0.449553
vt 0.341844 0.471731
vt 0.031250 1.000000
vt 0.031250 0.500000
vt 0.000000 1.000000
vt 0.000000 0.500000
vt 0.750000 0.490000
vt 0.796822 0.485388
vt 0.841844 0.471731
vt 0.883337 0.449553
vt 0.919706 0.419706
vt 0.949553 0.383337
vt 0.971731 0.341844
vt 0.985388 0.296822
vt 0.990000 0.250000
vt 0.985388 0.203178
vt 0.971731 0.158156
vt 0.949553 0.116663
vt 0.919706 0.080294
vt 0.883337 0.050447
vt 0.841844 0.028269
vt 0.796822 0.014612
vt 0.750000 0.010000
vt 0.703178 0.014612
vt 0.658156 0.028269
vt 0.616663 0.050447
vt 0.580294 0.080294
vt 0.550447 0.116663
vt 0.528269 0.158156
vt 0.514612 0.203178
vt 0.510000 0.250000
vt 0.514612 0.296822
vt 0.528269 0.341844
vt 0.550447 0.383337
vt 0.580294 0.419706
vt 0.616663 0.449553
vt 0.658156 0.471731
vt 0.703178 0.485388
s 1
f 4065/3461/2505 4066/3462/2505 4068/3463/2505 4067/3464/2505
f 4067/3464/2506 4068/3463/2506 4070/3465/2506 4069/3466/2506
f 4069/3466/2507 4070/3465/2507 4072/3467/2507 4071/3468/2507
f 4071/3468/2508 4072/3467/2508 4074/3469/2508 4073/3470/2508
f 4073/3470/2509 4074/3469/2509 4076/3471/2509 4075/3472/2509
f 4075/3472/2510 4076/3471/2510 4078/3473/2510 4077/3474/2510
f 4077/3474/2511 4078/3473/2511 4080/3475/2511 4079/3476/2511
f 4079/3476/2512 4080/3475/2512 4082/3477/2512 4081/3478/2512
f 4081/3478/2513 4082/3477/2513 4084/3479/2513 4083/3480/2513
f 4083/3480/2514 4084/3479/2514 4086/3481/2514 4085/3482/2514
f 4085/3482/2515 4086/3481/2515 4088/3483/2515 4087/3484/2515
f 4087/3484/2516 4088/3483/2516 4090/3485/2516 4089/3486/2516
f 4089/3486/2517 4090/3485/2517 4092/3487/2517 4091/3488/2517
f 4091/3488/2518 4092/3487/2518 4094/3489/2518 4093/3490/2518
f 4093/3490/2519 4094/3489/2519 4096/3491/2519 4095/3492/2519
f 4095/3492/2520 4096/3491/2520 4098/3493/2520 4097/3494/2520
f 4097/3494/2521 4098/3493/2521 4100/3495/2521 4099/3496/2521
f 4099/3496/2522 4100/3495/2522 4102/3497/2522 4101/3498/2522
f 4101/3498/2523 4102/3497/2523 4104/3499/2523 4103/3500/2523
f 4103/3500/2524 4104/3499/2524 4106/3501/2524 4105/3502/2524
f 4105/3502/2525 4106/3501/2525 4108/3503/2525 4107/3504/2525
f 4107/3504/2526 4108/3503/2526 4110/3505/2526 4109/3506/2526
f 4109/3506/2527 4110/3505/2527 4112/3507/2527 4111/3508/2527
f 4111/3508/2528 4112/3507/2528 4114/3509/2528 4113/3510/2528
f 4113/3510/2529 4114/3509/2529 4116/3511/2529 4115/3512/2529
f 4115/3512/2530 4116/3511/2530 4118/3513/2530 4117/3514/2530
f 4117/3514/2531 4118/3513/2531 4120/3515/2531 4119/3516/2531
f 4119/3516/2532 4120/3515/2532 4122/3517/2532 4121/3518/2532
f 4121/3518/2533 4122/3517/2533 4124/3519/2533 4123/3520/2533
f 4123/3520/2534 4124/3519/2534 4126/3521/2534 4125/3522/2534
f 4068/3523/2535 4066/3524/2535 4128/3525/2535 4126/3526/2535 4124/3527/2535 4122/3528/2535 4120/3529/2535 4118/3530/2535 4116/3531/2535 4114/3532/2535 4112/3533/2535 4110/3534/2535 4108/3535/2535 4106/3536/2535 4104/3537/2535 4102/3538/2535 4100/3539/2535 4098/3540/2535 4096/3541/2535 4094/3542/2535 4092/3543/2535 4090/3544/2535 4088/3545/2535 4086/3546/2535 4084/3547/2535 4082/3548/2535 4080/3549/2535 4078/3550/2535 4076/3551/2535 4074/3552/2535 4072/3553/2535 4070/3554/2535
f 4125/3522/2536 4126/3521/2536 4128/3555/2536 4127/3556/2536
f 4127/3556/2537 4128/3555/2537 4066/3557/2537 4065/3558/2537
f 4065/3559/2538 4067/3560/2538 4069/3561/2538 4071/3562/2538 4073/3563/2538 4075/3564/2538 4077/3565/2538 4079/3566/2538 4081/3567/2538 4083/3568/2538 4085/3569/2538 4087/3570/2538 4089/3571/2538 4091/3572/2538 4093/3573/2538 4095/3574/2538 4097/3575/2538 4099/3576/2538 4101/3577/2538 4103/3578/2538 4105/3579/2538 4107/3580/2538 4109/3581/2538 4111/3582/2538 4113/3583/2538 4115/3584/2538 4117/3585/2538 4119/3586/2538 4121/3587/2538 4123/3588/2538 4125/3589/2538 4127/3590/2538
o Cylinder.027
v 0.370176 -0.115930 0.610212
v 0.370176 0.105647 0.610212
v 0.369413 -0.115930 0.612383
v 0.369413 0.105647 0.612383
v 0.368240 -0.115930 0.614364
v 0.368240 0.105647 0.614364
v 0.366704 -0.115930 0.616077
v 0.366704 0.105647 0.616077
v 0.364863 -0.115930 0.617458
v 0.364863 0.105647 0.617458
v 0.362788 -0.115930 0.618454
v 0.362788 0.105647 0.618454
v 0.360559 -0.115930 0.619025
v 0.360559 0.105647 0.619025
v 0.358261 -0.115930 0.619150
v 0.358261 0.105647 0.619150
v 0.355983 -0.115930 0.618825
v 0.355983 0.105647 0.618825
v 0.353812 -0.115930 0.618061
v 0.353812 0.105647 0.618061
v 0.351831 -0.115930 0.616889
v 0.351831 0.105647 0.616889
v 0.350118 -0.115930 0.615353
v 0.350118 0.105647 0.615353
v 0.348737 -0.115930 0.613512
v 0.348737 0.105647 0.613512
v 0.347742 -0.115930 0.611437
v 0.347742 0.105647 0.611437
v 0.347170 -0.115930 0.609208
v 0.347170 0.105647 0.609208
v 0.347045 -0.115930 0.606910
v 0.347045 0.105647 0.606910
v 0.347370 -0.115930 0.604632
v 0.347370 0.105647 0.604632
v 0.348134 -0.115930 0.602461
v 0.348134 0.105647 0.602461
v 0.349306 -0.115930 0.600480
v 0.349306 0.105647 0.600480
v 0.350842 -0.115930 0.598767
v 0.350842 0.105647 0.598767
v 0.352683 -0.115930 0.597386
v 0.352683 0.105647 0.597386
v 0.354758 -0.115930 0.596390
v 0.354758 0.105647 0.596390
v 0.356988 -0.115930 0.595819
v 0.356988 0.105647 0.595819
v 0.359285 -0.115930 0.595694
v 0.359285 0.105647 0.595694
v 0.361564 -0.115930 0.596019
v 0.361564 0.105647 0.596019
v 0.363735 -0.115930 0.596783
v 0.363735 0.105647 0.596783
v 0.365715 -0.115930 0.597955
v 0.365715 0.105647 0.597955
v 0.367429 -0.115930 0.599491
v 0.367429 0.105647 0.599491
v 0.368809 -0.115930 0.601332
v 0.368809 0.105647 0.601332
v 0.369805 -0.115930 0.603407
v 0.369805 0.105647 0.603407
v 0.370376 -0.115930 0.605636
v 0.370376 0.105647 0.605636
v 0.370501 -0.115930 0.607934
v 0.370501 0.105647 0.607934
vn 0.9433 -0.0000 0.3320
vn 0.8605 -0.0000 0.5095
vn 0.7445 -0.0000 0.6676
vn 0.6001 -0.0000 0.8000
vn 0.4324 -0.0000 0.9017
vn 0.2485 -0.0000 0.9686
vn 0.0543 -0.0000 0.9985
vn -0.1412 -0.0000 0.9900
vn -0.3317 -0.0000 0.9434
vn -0.5092 -0.0000 0.8607
vn -0.6676 -0.0000 0.7445
vn -0.8000 -0.0000 0.6001
vn -0.9017 -0.0000 0.4324
vn -0.9687 -0.0000 0.2482
vn -0.9985 -0.0000 0.0543
vn -0.9900 -0.0000 -0.1412
vn -0.9435 -0.0000 -0.3315
vn -0.8607 -0.0000 -0.5092
vn -0.7445 -0.0000 -0.6676
vn -0.6001 -0.0000 -0.8000
vn -0.4324 -0.0000 -0.9017
vn -0.2484 -0.0000 -0.9687
vn -0.0543 -0.0000 -0.9985
vn 0.1412 -0.0000 -0.9900
vn 0.3316 -0.0000 -0.9434
vn 0.5094 -0.0000 -0.8606
vn 0.6674 -0.0000 -0.7447
vn 0.8000 -0.0000 -0.6001
vn 0.9015 -0.0000 -0.4327
vn 0.9686 -0.0000 -0.2485
vn -0.0000 1.0000 -0.0000
vn 0.9985 -0.0000 -0.0543
vn 0.9900 -0.0000 0.1412
vn -0.0000 -1.0000 -0.0000
vt 1.000000 0.500000
vt 1.000000 1.000000
vt 0.968750 1.000000
vt 0.968750 0.500000
vt 0.937500 1.000000
vt 0.937500 0.500000
vt 0.906250 1.000000
vt 0.906250 0.500000
vt 0.875000 1.000000
vt 0.875000 0.500000
vt 0.843750 1.000000
vt 0.843750 0.500000
vt 0.812500 1.000000
vt 0.812500 0.500000
vt 0.781250 1.000000
vt 0.781250 0.500000
vt 0.750000 1.000000
vt 0.750000 0.500000
vt 0.718750 1.000000
vt 0.718750 0.500000
vt 0.687500 1.000000
vt 0.687500 0.500000
vt 0.656250 1.000000
vt 0.656250 0.500000
vt 0.625000 1.000000
vt 0.625000 0.500000
vt 0.593750 1.000000
vt 0.593750 0.500000
vt 0.562500 1.000000
vt 0.562500 0.500000
vt 0.531250 1.000000
vt 0.531250 0.500000
vt 0.500000 1.000000
vt 0.500000 0.500000
vt 0.468750 1.000000
vt 0.468750 0.500000
vt 0.437500 1.000000
vt 0.437500 0.500000
vt 0.406250 1.000000
vt 0.406250 0.500000
vt 0.375000 1.000000
vt 0.375000 0.500000
vt 0.343750 1.000000
vt 0.343750 0.500000
vt 0.312500 1.000000
vt 0.312500 0.500000
vt 0.281250 1.000000
vt 0.281250 0.500000
vt 0.250000 1.000000
vt 0.250000 0.500000
vt 0.218750 1.000000
vt 0.218750 0.500000
vt 0.187500 1.000000
vt 0.187500 0.500000
vt 0.156250 1.000000
vt 0.156250 0.500000
vt 0.125000 1.000000
vt 0.125000 0.500000
vt 0.093750 1.000000
vt 0.093750 0.500000
vt 0.062500 1.000000
vt 0.062500 0.500000
vt 0.296822 0.485388
vt 0.250000 0.490000
vt 0.203178 0.485388
vt 0.158156 0.471731
vt 0.116663 0.449553
vt 0.080294 0.419706
vt 0.050447 0.383337
vt 0.028269 0.341844
vt 0.014612 0.296822
vt 0.010000 0.250000
vt 0.014612 0.203178
vt 0.028269 0.158156
vt 0.050447 0.116663
vt 0.080294 0.080294
vt 0.116663 0.050447
vt 0.158156 0.028269
vt 0.203178 0.014612
vt 0.250000 0.010000
vt 0.296822 0.014612
vt 0.341844 0.028269
vt 0.383337 0.050447
vt 0.419706 0.080294
vt 0.449553 0.116663
vt 0.471731 0.158156
vt 0.485388 0.203178
vt 0.490000 0.250000
vt 0.485388 0.296822
vt 0.471731 0.341844
vt 0.449553 0.383337
vt 0.419706 0.419706
vt 0.383337 0.449553
vt 0.341844 0.471731
vt 0.031250 1.000000
vt 0.031250 0.500000
vt 0.000000 1.000000
vt 0.000000 0.500000
vt 0.750000 0.490000
vt 0.796822 0.485388
vt 0.841844 0.471731
vt 0.883337 0.449553
vt 0.919706 0.419706
vt 0.949553 0.383337
vt 0.971731 0.341844
vt 0.985388 0.296822
vt 0.990000 0.250000
vt 0.985388 0.203178
vt 0.971731 0.158156
vt 0.949553 0.116663
vt 0.919706 0.080294
vt 0.883337 0.050447
vt 0.841844 0.028269
vt 0.796822 0.014612
vt 0.750000 0.010000
vt 0.703178 0.014612
vt 0.658156 0.028269
vt 0.616663 0.050447
vt 0.580294 0.080294
vt 0.550447 0.116663
vt 0.528269 0.158156
vt 0.514612 0.203178
vt 0.510000 0.250000
vt 0.514612 0.296822
vt 0.528269 0.341844
vt 0.550447 0.383337
vt 0.580294 0.419706
vt 0.616663 0.449553
vt 0.658156 0.471731
vt 0.703178 0.485388
s 1
f 4129/3591/2539 4130/3592/2539 4132/3593/2539 4131/3594/2539
f 4131/3594/2540 4132/3593/2540 4134/3595/2540 4133/3596/2540
f 4133/3596/2541 4134/3595/2541 4136/3597/2541 4135/3598/2541
f 4135/3598/2542 4136/3597/2542 4138/3599/2542 4137/3600/2542
f 4137/3600/2543 4138/3599/2543 4140/3601/2543 4139/3602/2543
f 4139/3602/2544 4140/3601/2544 4142/3603/2544 4141/3604/2544
f 4141/3604/2545 4142/3603/2545 4144/3605/2545 4143/3606/2545
f 4143/3606/2546 4144/3605/2546 4146/3607/2546 4145/3608/2546
f 4145/3608/2547 4146/3607/2547 4148/3609/2547 4147/3610/2547
f 4147/3610/2548 4148/3609/2548 4150/3611/2548 4149/3612/2548
f 4149/3612/2549 4150/3611/2549 4152/3613/2549 4151/3614/2549
f 4151/3614/2550 4152/3613/2550 4154/3615/2550 4153/3616/2550
f 4153/3616/2551 4154/3615/2551 4156/3617/2551 4155/3618/2551
f 4155/3618/2552 4156/3617/2552 4158/3619/2552 4157/3620/2552
f 4157/3620/2553 4158/3619/2553 4160/3621/2553 4159/3622/2553
f 4159/3622/2554 4160/3621/2554 4162/3623/2554 4161/3624/2554
f 4161/3624/2555 4162/3623/2555 4164/3625/2555 4163/3626/2555
f 4163/3626/2556 4164/3625/2556 4166/3627/2556 4165/3628/2556
f 4165/3628/2557 4166/3627/2557 4168/3629/2557 4167/3630/2557
f 4167/3630/2558 4168/3629/2558 4170/3631/2558 4169/3632/2558
f 4169/3632/2559 4170/3631/2559 4172/3633/2559 4171/3634/2559
f 4171/3634/2560 4172/3633/2560 4174/3635/2560 4173/3636/2560
f 4173/3636/2561 4174/3635/2561 4176/3637/2561 4175/3638/2561
f 4175/3638/2562 4176/3637/2562 4178/3639/2562 4177/3640/2562
f 4177/3640/2563 4178/3639/2563 4180/3641/2563 4179/3642/2563
f 4179/3642/2564 4180/3641/2564 4182/3643/2564 4181/3644/2564
f 4181/3644/2565 4182/3643/2565 4184/3645/2565 4183/3646/2565
f 4183/3646/2566 4184/3645/2566 4186/3647/2566 4185/3648/2566
f 4185/3648/2567 4186/3647/2567 4188/3649/2567 4187/3650/2567
f 4187/3650/2568 4188/3649/2568 4190/3651/2568 4189/3652/2568
f 4132/3653/2569 4130/3654/2569 4192/3655/2569 4190/3656/2569 4188/3657/2569 4186/3658/2569 4184/3659/2569 4182/3660/2569 4180/3661/2569 4178/3662/2569 4176/3663/2569 4174/3664/2569 4172/3665/2569 4170/3666/2569 4168/3667/2569 4166/3668/2569 4164/3669/2569 4162/3670/2569 4160/3671/2569 4158/3672/2569 4156/3673/2569 4154/3674/2569 4152/3675/2569 4150/3676/2569 4148/3677/2569 4146/3678/2569 4144/3679/2569 4142/3680/2569 4140/3681/2569 4138/3682/2569 4136/3683/2569 4134/3684/2569
f 4189/3652/2570 4190/3651/2570 4192/3685/2570 4191/3686/2570
f 4191/3686/2571 4192/3685/2571 4130/3687/2571 4129/3688/2571
f 4129/3689/2572 4131/3690/2572 4133/3691/2572 4135/3692/2572 4137/3693/2572 4139/3694/2572 4141/3695/2572 4143/3696/2572 4145/3697/2572 4147/3698/2572 4149/3699/2572 4151/3700/2572 4153/3701/2572 4155/3702/2572 4157/3703/2572 4159/3704/2572 4161/3705/2572 4163/3706/2572 4165/3707/2572 4167/3708/2572 4169/3709/2572 4171/3710/2572 4173/3711/2572 4175/3712/2572 4177/3713/2572 4179/3714/2572 4181/3715/2572 4183/3716/2572 4185/3717/2572 4187/3718/2572 4189/3719/2572 4191/3720/2572
o Cylinder.028
v 0.280809 -0.115930 0.588343
v 0.280809 0.105647 0.588343
v 0.280045 -0.115930 0.590514
v 0.280045 0.105647 0.590514
v 0.278873 -0.115930 0.592494
v 0.278873 0.105647 0.592494
v 0.277337 -0.115930 0.594208
v 0.277337 0.105647 0.594208
v 0.275496 -0.115930 0.595589
v 0.275496 0.105647 0.595589
v 0.273421 -0.115930 0.596584
v 0.273421 0.105647 0.596584
v 0.271192 -0.115930 0.597155
v 0.271192 0.105647 0.597155
v 0.268894 -0.115930 0.597281
v 0.268894 0.105647 0.597281
v 0.266615 -0.115930 0.596955
v 0.266615 0.105647 0.596955
v 0.264444 -0.115930 0.596192
v 0.264444 0.105647 0.596192
v 0.262464 -0.115930 0.595020
v 0.262464 0.105647 0.595020
v 0.260751 -0.115930 0.593483
v 0.260751 0.105647 0.593483
v 0.259370 -0.115930 0.591642
v 0.259370 0.105647 0.591642
v 0.258374 -0.115930 0.589567
v 0.258374 0.105647 0.589567
v 0.257803 -0.115930 0.587338
v 0.257803 0.105647 0.587338
v 0.257678 -0.115930 0.585040
v 0.257678 0.105647 0.585040
v 0.258003 -0.115930 0.582762
v 0.258003 0.105647 0.582762
v 0.258766 -0.115930 0.580591
v 0.258766 0.105647 0.580591
v 0.259939 -0.115930 0.578611
v 0.259939 0.105647 0.578611
v 0.261475 -0.115930 0.576897
v 0.261475 0.105647 0.576897
v 0.263316 -0.115930 0.575516
v 0.263316 0.105647 0.575516
v 0.265391 -0.115930 0.574521
v 0.265391 0.105647 0.574521
v 0.267620 -0.115930 0.573950
v 0.267620 0.105647 0.573950
v 0.269918 -0.115930 0.573824
v 0.269918 0.105647 0.573824
v 0.272196 -0.115930 0.574149
v 0.272196 0.105647 0.574149
v 0.274367 -0.115930 0.574913
v 0.274367 0.105647 0.574913
v 0.276348 -0.115930 0.576085
v 0.276348 0.105647 0.576085
v 0.278061 -0.115930 0.577622
v 0.278061 0.105647 0.577622
v 0.279442 -0.115930 0.579463
v 0.279442 0.105647 0.579463
v 0.280437 -0.115930 0.581537
v 0.280437 0.105647 0.581537
v 0.281009 -0.115930 0.583767
v 0.281009 0.105647 0.583767
v 0.281134 -0.115930 0.586065
v 0.281134 0.105647 0.586065
vn 0.9433 -0.0000 0.3320
vn 0.8606 -0.0000 0.5094
vn 0.7445 -0.0000 0.6676
vn 0.6001 -0.0000 0.8000
vn 0.4324 -0.0000 0.9017
vn 0.2486 -0.0000 0.9686
vn 0.0548 -0.0000 0.9985
vn -0.1416 -0.0000 0.9899
vn -0.3316 -0.0000 0.9434
vn -0.5094 -0.0000 0.8605
vn -0.6678 -0.0000 0.7443
vn -0.7999 -0.0000 0.6001
vn -0.9015 -0.0000 0.4327
vn -0.9686 -0.0000 0.2485
vn -0.9985 -0.0000 0.0543
vn -0.9900 -0.0000 -0.1412
vn -0.9433 -0.0000 -0.3320
vn -0.8604 -0.0000 -0.5097
vn -0.7447 -0.0000 -0.6674
vn -0.6001 -0.0000 -0.7999
vn -0.4324 -0.0000 -0.9017
vn -0.2482 -0.0000 -0.9687
vn -0.0548 -0.0000 -0.9985
vn 0.1413 -0.0000 -0.9900
vn 0.3316 -0.0000 -0.9434
vn 0.5092 -0.0000 -0.8607
vn 0.6678 -0.0000 -0.7443
vn 0.7999 -0.0000 -0.6001
vn 0.9016 -0.0000 -0.4325
vn 0.9687 -0.0000 -0.2481
vn -0.0000 1.0000 -0.0000
vn 0.9985 -0.0000 -0.0543
vn 0.9900 -0.0000 0.1413
vn -0.0000 -1.0000 -0.0000
vt 1.000000 0.500000
vt 1.000000 1.000000
vt 0.968750 1.000000
vt 0.968750 0.500000
vt 0.937500 1.000000
vt 0.937500 0.500000
vt 0.906250 1.000000
vt 0.906250 0.500000
vt 0.875000 1.000000
vt 0.875000 0.500000
vt 0.843750 1.000000
vt 0.843750 0.500000
vt 0.812500 1.000000
vt 0.812500 0.500000
vt 0.781250 1.000000
vt 0.781250 0.500000
vt 0.750000 1.000000
vt 0.750000 0.500000
vt 0.718750 1.000000
vt 0.718750 0.500000
vt 0.687500 1.000000
vt 0.687500 0.500000
vt 0.656250 1.000000
vt 0.656250 0.500000
vt 0.625000 1.000000
vt 0.625000 0.500000
vt 0.593750 1.000000
vt 0.593750 0.500000
vt 0.562500 1.000000
vt 0.562500 0.500000
vt 0.531250 1.000000
vt 0.531250 0.500000
vt 0.500000 1.000000
vt 0.500000 0.500000
vt 0.468750 1.000000
vt 0.468750 0.500000
vt 0.437500 1.000000
vt 0.437500 0.500000
vt 0.406250 1.000000
vt 0.406250 0.500000
vt 0.375000 1.000000
vt 0.375000 0.500000
vt 0.343750 1.000000
vt 0.343750 0.500000
vt 0.312500 1.000000
vt 0.312500 0.500000
vt 0.281250 1.000000
vt 0.281250 0.500000
vt 0.250000 1.000000
vt 0.250000 0.500000
vt 0.218750 1.000000
vt 0.218750 0.500000
vt 0.187500 1.000000
vt 0.187500 0.500000
vt 0.156250 1.000000
vt 0.156250 0.500000
vt 0.125000 1.000000
vt 0.125000 0.500000
vt 0.093750 1.000000
vt 0.093750 0.500000
vt 0.062500 1.000000
vt 0.062500 0.500000
vt 0.296822 0.485388
vt 0.250000 0.490000
vt 0.203178 0.485388
vt 0.158156 0.471731
vt 0.116663 0.449553
vt 0.080294 0.419706
vt 0.050447 0.383337
vt 0.028269 0.341844
vt 0.014612 0.296822
vt 0.010000 0.250000
vt 0.014612 0.203178
vt 0.028269 0.158156
vt 0.050447 0.116663
vt 0.080294 0.080294
vt 0.116663 0.050447
vt 0.158156 0.028269
vt 0.203178 0.014612
vt 0.250000 0.010000
vt 0.296822 0.014612
vt 0.341844 0.028269
vt 0.383337 0.050447
vt 0.419706 0.080294
vt 0.449553 0.116663
vt 0.471731 0.158156
vt 0.485388 0.203178
vt 0.490000 0.250000
vt 0.485388 0.296822
vt 0.471731 0.341844
vt 0.449553 0.383337
vt 0.419706 0.419706
vt 0.383337 0.449553
vt 0.341844 0.471731
vt 0.031250 1.000000
vt 0.031250 0.500000
vt 0.000000 1.000000
vt 0.000000 0.500000
vt 0.750000 0.490000
vt 0.796822 0.485388
vt 0.841844 0.471731
vt 0.883337 0.449553
vt 0.919706 0.419706
vt 0.949553 0.383337
vt 0.971731 0.341844
vt 0.985388 0.296822
vt 0.990000 0.250000
vt 0.985388 0.203178
vt 0.971731 0.158156
vt 0.949553 0.116663
vt 0.919706 0.080294
vt 0.883337 0.050447
vt 0.841844 0.028269
vt 0.796822 0.014612
vt 0.750000 0.010000
vt 0.703178 0.014612
vt 0.658156 0.028269
vt 0.616663 0.050447
vt 0.580294 0.080294
vt 0.550447 0.116663
vt 0.528269 0.158156
vt 0.514612 0.203178
vt 0.510000 0.250000
vt 0.514612 0.296822
vt 0.528269 0.341844
vt 0.550447 0.383337
vt 0.580294 0.419706
vt 0.616663 0.449553
vt 0.658156 0.471731
vt 0.703178 0.485388
s 1
f 4193/3721/2573 4194/3722/2573 4196/3723/2573 4195/3724/2573
f 4195/3724/2574 4196/3723/2574 4198/3725/2574 4197/3726/2574
f 4197/3726/2575 4198/3725/2575 4200/3727/2575 4199/3728/2575
f 4199/3728/2576 4200/3727/2576 4202/3729/2576 4201/3730/2576
f 4201/3730/2577 4202/3729/2577 4204/3731/2577 4203/3732/2577
f 4203/3732/2578 4204/3731/2578 4206/3733/2578 4205/3734/2578
f 4205/3734/2579 4206/3733/2579 4208/3735/2579 4207/3736/2579
f 4207/3736/2580 4208/3735/2580 4210/3737/2580 4209/3738/2580
f 4209/3738/2581 4210/3737/2581 4212/3739/2581 4211/3740/2581
f 4211/3740/2582 4212/3739/2582 4214/3741/2582 4213/3742/2582
f 4213/3742/2583 4214/3741/2583 4216/3743/2583 4215/3744/2583
f 4215/3744/2584 4216/3743/2584 4218/3745/2584 4217/3746/2584
f 4217/3746/2585 4218/3745/2585 4220/3747/2585 4219/3748/2585
f 4219/3748/2586 4220/3747/2586 4222/3749/2586 4221/3750/2586
f 4221/3750/2587 4222/3749/2587 4224/3751/2587 4223/3752/2587
f 4223/3752/2588 4224/3751/2588 4226/3753/2588 4225/3754/2588
f 4225/3754/2589 4226/3753/2589 4228/3755/2589 4227/3756/2589
f 4227/3756/2590 4228/3755/2590 4230/3757/2590 4229/3758/2590
f 4229/3758/2591 4230/3757/2591 4232/3759/2591 4231/3760/2591
f 4231/3760/2592 4232/3759/2592 4234/3761/2592 4233/3762/2592
f 4233/3762/2593 4234/3761/2593 4236/3763/2593 4235/3764/2593
f 4235/3764/2594 4236/3763/2594 4238/3765/2594 4237/3766/2594
f 4237/3766/2595 4238/3765/2595 4240/3767/2595 4239/3768/2595
f 4239/3768/2596 4240/3767/2596 4242/3769/2596 4241/3770/2596
f 4241/3770/2597 4242/3769/2597 4244/3771/2597 4243/3772/2597
f 4243/3772/2598 4244/3771/2598 4246/3773/2598 4245/3774/2598
f 4245/3774/2599 4246/3773/2599 4248/3775/2599 4247/3776/2599
f 4247/3776/2600 4248/3775/2600 4250/3777/2600 4249/3778/2600
f 4249/3778/2601 4250/3777/2601 4252/3779/2601 4251/3780/2601
f 4251/3780/2602 4252/3779/2602 4254/3781/2602 4253/3782/2602
f 4196/3783/2603 4194/3784/2603 4256/3785/2603 4254/3786/2603 4252/3787/2603 4250/3788/2603 4248/3789/2603 4246/3790/2603 4244/3791/2603 4242/3792/2603 4240/3793/2603 4238/3794/2603 4236/3795/2603 4234/3796/2603 4232/3797/2603 4230/3798/2603 4228/3799/2603 4226/3800/2603 4224/3801/2603 4222/3802/2603 4220/3803/2603 4218/3804/2603 4216/3805/2603 4214/3806/2603 4212/3807/2603 4210/3808/2603 4208/3809/2603 4206/3810/2603 4204/3811/2603 4202/3812/2603 4200/3813/2603 4198/3814/2603
f 4253/3782/2604 4254/3781/2604 4256/3815/2604 4255/3816/2604
f 4255/3816/2605 4256/3815/2605 4194/3817/2605 4193/3818/2605
f 4193/3819/2606 4195/3820/2606 4197/3821/2606 4199/3822/2606 4201/3823/2606 4203/3824/2606 4205/3825/2606 4207/3826/2606 4209/3827/2606 4211/3828/2606 4213/3829/2606 4215/3830/2606 4217/3831/2606 4219/3832/2606 4221/3833/2606 4223/3834/2606 4225/3835/2606 4227/3836/2606 4229/3837/2606 4231/3838/2606 4233/3839/2606 4235/3840/2606 4237/3841/2606 4239/3842/2606 4241/3843/2606 4243/3844/2606 4245/3845/2606 4247/3846/2606 4249/3847/2606 4251/3848/2606 4253/3849/2606 4255/3850/2606
o Cylinder.029
v 0.196184 -0.115930 0.567634
v 0.196184 0.105647 0.567634
v 0.195421 -0.115930 0.569805
v 0.195421 0.105647 0.569805
v 0.194248 -0.115930 0.571785
v 0.194248 0.105647 0.571785
v 0.192712 -0.115930 0.573499
v 0.192712 0.105647 0.573499
v 0.190871 -0.115930 0.574880
v 0.190871 0.105647 0.574880
v 0.188796 -0.115930 0.575875
v 0.188796 0.105647 0.575875
v 0.186567 -0.115930 0.576446
v 0.186567 0.105647 0.576446
v 0.184269 -0.115930 0.576572
v 0.184269 0.105647 0.576572
v 0.181991 -0.115930 0.576247
v 0.181991 0.105647 0.576247
v 0.179820 -0.115930 0.575483
v 0.179820 0.105647 0.575483
v 0.177840 -0.115930 0.574311
v 0.177840 0.105647 0.574311
v 0.176126 -0.115930 0.572775
v 0.176126 0.105647 0.572775
v 0.174745 -0.115930 0.570934
v 0.174745 0.105647 0.570934
v 0.173750 -0.115930 0.568859
v 0.173750 0.105647 0.568859
v 0.173178 -0.115930 0.566629
v 0.173178 0.105647 0.566629
v 0.173053 -0.115930 0.564331
v 0.173053 0.105647 0.564331
v 0.173378 -0.115930 0.562053
v 0.173378 0.105647 0.562053
v 0.174142 -0.115930 0.559882
v 0.174142 0.105647 0.559882
v 0.175314 -0.115930 0.557902
v 0.175314 0.105647 0.557902
v 0.176850 -0.115930 0.556188
v 0.176850 0.105647 0.556188
v 0.178691 -0.115930 0.554807
v 0.178691 0.105647 0.554807
v 0.180766 -0.115930 0.553812
v 0.180766 0.105647 0.553812
v 0.182996 -0.115930 0.553241
v 0.182996 0.105647 0.553241
v 0.185294 -0.115930 0.553115
v 0.185294 0.105647 0.553115
v 0.187572 -0.115930 0.553441
v 0.187572 0.105647 0.553441
v 0.189743 -0.115930 0.554204
v 0.189743 0.105647 0.554204
v 0.191723 -0.115930 0.555376
v 0.191723 0.105647 0.555376
v 0.193437 -0.115930 0.556913
v 0.193437 0.105647 0.556913
v 0.194818 -0.115930 0.558754
v 0.194818 0.105647 0.558754
v 0.195813 -0.115930 0.560829
v 0.195813 0.105647 0.560829
v 0.196384 -0.115930 0.563058
v 0.196384 0.105647 0.563058
v 0.196510 -0.115930 0.565356
v 0.196510 0.105647 0.565356
vn 0.9434 -0.0000 0.3316
vn 0.8604 -0.0000 0.5097
vn 0.7447 -0.0000 0.6674
vn 0.6001 -0.0000 0.7999
vn 0.4324 -0.0000 0.9017
vn 0.2482 -0.0000 0.9687
vn 0.0548 -0.0000 0.9985
vn -0.1412 -0.0000 0.9900
vn -0.3316 -0.0000 0.9434
vn -0.5094 -0.0000 0.8605
vn -0.6674 -0.0000 0.7447
vn -0.7999 -0.0000 0.6001
vn -0.9017 -0.0000 0.4324
vn -0.9687 -0.0000 0.2481
vn -0.9985 -0.0000 0.0543
vn -0.9900 -0.0000 -0.1412
vn -0.9434 -0.0000 -0.3316
vn -0.8605 -0.0000 -0.5094
vn -0.7447 -0.0000 -0.6674
vn -0.6001 -0.0000 -0.7999
vn -0.4324 -0.0000 -0.9017
vn -0.2481 -0.0000 -0.9687
vn -0.0547 -0.0000 -0.9985
vn 0.1416 -0.0000 -0.9899
vn 0.3319 -0.0000 -0.9433
vn 0.5094 -0.0000 -0.8605
vn 0.6676 -0.0000 -0.7445
vn 0.7999 -0.0000 -0.6001
vn 0.9017 -0.0000 -0.4324
vn 0.9686 -0.0000 -0.2485
vn -0.0000 1.0000 -0.0000
vn 0.9985 -0.0000 -0.0547
vn 0.9899 -0.0000 0.1417
vn -0.0000 -1.0000 -0.0000
vt 1.000000 0.500000
vt 1.000000 1.000000
vt 0.968750 1.000000
vt 0.968750 0.500000
vt 0.937500 1.000000
vt 0.937500 0.500000
vt 0.906250 1.000000
vt 0.906250 0.500000
vt 0.875000 1.000000
vt 0.875000 0.500000
vt 0.843750 1.000000
vt 0.843750 0.500000
vt 0.812500 1.000000
vt 0.812500 0.500000
vt 0.781250 1.000000
vt 0.781250 0.500000
vt 0.750000 1.000000
vt 0.750000 0.500000
vt 0.718750 1.000000
vt 0.718750 0.500000
vt 0.687500 1.000000
vt 0.687500 0.500000
vt 0.656250 1.000000
vt 0.656250 0.500000
vt 0.625000 1.000000
vt 0.625000 0.500000
vt 0.593750 1.000000
vt 0.593750 0.500000
vt 0.562500 1.000000
vt 0.562500 0.500000
vt 0.531250 1.000000
vt 0.531250 0.500000
vt 0.500000 1.000000
vt 0.500000 0.500000
vt 0.468750 1.000000
vt 0.468750 0.500000
vt 0.437500 1.000000
vt 0.437500 0.500000
vt 0.406250 1.000000
vt 0.406250 0.500000
vt 0.375000 1.000000
vt 0.375000 0.500000
vt 0.343750 1.000000
vt 0.343750 0.500000
vt 0.312500 1.000000
vt 0.312500 0.500000
vt 0.281250 1.000000
vt 0.281250 0.500000
vt 0.250000 1.000000
vt 0.250000 0.500000
vt 0.218750 1.000000
vt 0.218750 0.500000
vt 0.187500 1.000000
vt 0.187500 0.500000
vt 0.156250 1.000000
vt 0.156250 0.500000
vt 0.125000 1.000000
vt 0.125000 0.500000
vt 0.093750 1.000000
vt 0.093750 0.500000
vt 0.062500 1.000000
vt 0.062500 0.500000
vt 0.296822 0.485388
vt 0.250000 0.490000
vt 0.203178 0.485388
vt 0.158156 0.471731
vt 0.116663 0.449553
vt 0.080294 0.419706
vt 0.050447 0.383337
vt 0.028269 0.341844
vt 0.014612 0.296822
vt 0.010000 0.250000
vt 0.014612 0.203178
vt 0.028269 0.158156
vt 0.050447 0.116663
vt 0.080294 0.080294
vt 0.116663 0.050447
vt 0.158156 0.028269
vt 0.203178 0.014612
vt 0.250000 0.010000
vt 0.296822 0.014612
vt 0.341844 0.028269
vt 0.383337 0.050447
vt 0.419706 0.080294
vt 0.449553 0.116663
vt 0.471731 0.158156
vt 0.485388 0.203178
vt 0.490000 0.250000
vt 0.485388 0.296822
vt 0.471731 0.341844
vt 0.449553 0.383337
vt 0.419706 0.419706
vt 0.383337 0.449553
vt 0.341844 0.471731
vt 0.031250 1.000000
vt 0.031250 0.500000
vt 0.000000 1.000000
vt 0.000000 0.500000
vt 0.750000 0.490000
vt 0.796822 0.485388
vt 0.841844 0.471731
vt 0.883337 0.449553
vt 0.919706 0.419706
vt 0.949553 0.383337
vt 0.971731 0.341844
vt 0.985388 0.296822
vt 0.990000 0.250000
vt 0.985388 0.203178
vt 0.971731 0.158156
vt 0.949553 0.116663
vt 0.919706 0.080294
vt 0.883337 0.050447
vt 0.841844 0.028269
vt 0.796822 0.014612
vt 0.750000 0.010000
vt 0.703178 0.014612
vt 0.658156 0.028269
vt 0.616663 0.050447
vt 0.580294 0.080294
vt 0.550447 0.116663
vt 0.528269 0.158156
vt 0.514612 0.203178
vt 0.510000 0.250000
vt 0.514612 0.296822
vt 0.528269 0.341844
vt 0.550447 0.383337
vt 0.580294 0.419706
vt 0.616663 0.449553
vt 0.658156 0.471731
vt 0.703178 0.485388
s 1
f 4257/3851/2607 4258/3852/2607 4260/3853/2607 4259/3854/2607
f 4259/3854/2608 4260/3853/2608 4262/3855/2608 4261/3856/2608
f 4261/3856/2609 4262/3855/2609 4264/3857/2609 4263/3858/2609
f 4263/3858/2610 4264/3857/2610 4266/3859/2610 4265/3860/2610
f 4265/3860/2611 4266/3859/2611 4268/3861/2611 4267/3862/2611
f 4267/3862/2612 4268/3861/2612 4270/3863/2612 4269/3864/2612
f 4269/3864/2613 4270/3863/2613 4272/3865/2613 4271/3866/2613
f 4271/3866/2614 4272/3865/2614 4274/3867/2614 4273/3868/2614
f 4273/3868/2615 4274/3867/2615 4276/3869/2615 4275/3870/2615
f 4275/3870/2616 4276/3869/2616 4278/3871/2616 4277/3872/2616
f 4277/3872/2617 4278/3871/2617 4280/3873/2617 4279/3874/2617
f 4279/3874/2618 4280/3873/2618 4282/3875/2618 4281/3876/2618
f 4281/3876/2619 4282/3875/2619 4284/3877/2619 4283/3878/2619
f 4283/3878/2620 4284/3877/2620 4286/3879/2620 4285/3880/2620
f 4285/3880/2621 4286/3879/2621 4288/3881/2621 4287/3882/2621
f 4287/3882/2622 4288/3881/2622 4290/3883/2622 4289/3884/2622
f 4289/3884/2623 4290/3883/2623 4292/3885/2623 4291/3886/2623
f 4291/3886/2624 4292/3885/2624 4294/3887/2624 4293/3888/2624
f 4293/3888/2625 4294/3887/2625 4296/3889/2625 4295/3890/2625
f 4295/3890/2626 4296/3889/2626 4298/3891/2626 4297/3892/2626
f 4297/3892/2627 4298/3891/2627 4300/3893/2627 4299/3894/2627
f 4299/3894/2628 4300/3893/2628 4302/3895/2628 4301/3896/2628
f 4301/3896/2629 4302/3895/2629 4304/3897/2629 4303/3898/2629
f 4303/3898/2630 4304/3897/2630 4306/3899/2630 4305/3900/2630
f 4305/3900/2631 4306/3899/2631 4308/3901/2631 4307/3902/2631
f 4307/3902/2632 4308/3901/2632 4310/3903/2632 4309/3904/2632
f 4309/3904/2633 4310/3903/2633 4312/3905/2633 4311/3906/2633
f 4311/3906/2634 4312/3905/2634 4314/3907/2634 4313/3908/2634
f 4313/3908/2635 4314/3907/2635 4316/3909/2635 4315/3910/2635
f 4315/3910/2636 4316/3909/2636 4318/3911/2636 4317/3912/2636
f 4260/3913/2637 4258/3914/2637 4320/3915/2637 4318/3916/2637 4316/3917/2637 4314/3918/2637 4312/3919/2637 4310/3920/2637 4308/3921/2637 4306/3922/2637 4304/3923/2637 4302/3924/2637 4300/3925/2637 4298/3926/2637 4296/3927/2637 4294/3928/2637 4292/3929/2637 4290/3930/2637 4288/3931/2637 4286/3932/2637 4284/3933/2637 4282/3934/2637 4280/3935/2637 4278/3936/2637 4276/3937/2637 4274/3938/2637 4272/3939/2637 4270/3940/2637 4268/3941/2637 4266/3942/2637 4264/3943/2637 4262/3944/2637
f 4317/3912/2638 4318/3911/2638 4320/3945/2638 4319/3946/2638
f 4319/3946/2639 4320/3945/2639 4258/3947/2639 4257/3948/2639
f 4257/3949/2640 4259/3950/2640 4261/3951/2640 4263/3952/2640 4265/3953/2640 4267/3954/2640 4269/3955/2640 4271/3956/2640 4273/3957/2640 4275/3958/2640 4277/3959/2640 4279/3960/2640 4281/3961/2640 4283/3962/2640 4285/3963/2640 4287/3964/2640 4289/3965/2640 4291/3966/2640 4293/3967/2640 4295/3968/2640 4297/3969/2640 4299/3970/2640 4301/3971/2640 4303/3972/2640 4305/3973/2640 4307/3974/2640 4309/3975/2640 4311/3976/2640 4313/3977/2640 4315/3978/2640 4317/3979/2640 4319/3980/2640
o Cylinder.030
v 0.089280 -0.115930 0.533588
v 0.089280 0.105647 0.533588
v 0.088516 -0.115930 0.535759
v 0.088516 0.105647 0.535759
v 0.087344 -0.115930 0.537740
v 0.087344 0.105647 0.537740
v 0.085808 -0.115930 0.539453
v 0.085808 0.105647 0.539453
v 0.083967 -0.115930 0.540834
v 0.083967 0.105647 0.540834
v 0.081892 -0.115930 0.541829
v 0.081892 0.105647 0.541829
v 0.079663 -0.115930 0.542401
v 0.079663 0.105647 0.542401
v 0.077365 -0.115930 0.542526
v 0.077365 0.105647 0.542526
v 0.075086 -0.115930 0.542201
v 0.075086 0.105647 0.542201
v 0.072915 -0.115930 0.541437
v 0.072915 0.105647 0.541437
v 0.070935 -0.115930 0.540265
v 0.070935 0.105647 0.540265
v 0.069222 -0.115930 0.538729
v 0.069222 0.105647 0.538729
v 0.067841 -0.115930 0.536888
v 0.067841 0.105647 0.536888
v 0.066845 -0.115930 0.534813
v 0.066845 0.105647 0.534813
v 0.066274 -0.115930 0.532583
v 0.066274 0.105647 0.532583
v 0.066149 -0.115930 0.530286
v 0.066149 0.105647 0.530286
v 0.066474 -0.115930 0.528007
v 0.066474 0.105647 0.528007
v 0.067237 -0.115930 0.525836
v 0.067237 0.105647 0.525836
v 0.068410 -0.115930 0.523856
v 0.068410 0.105647 0.523856
v 0.069946 -0.115930 0.522142
v 0.069946 0.105647 0.522142
v 0.071787 -0.115930 0.520762
v 0.071787 0.105647 0.520762
v 0.073862 -0.115930 0.519766
v 0.073862 0.105647 0.519766
v 0.076091 -0.115930 0.519195
v 0.076091 0.105647 0.519195
v 0.078389 -0.115930 0.519070
v 0.078389 0.105647 0.519070
v 0.080667 -0.115930 0.519395
v 0.080667 0.105647 0.519395
v 0.082838 -0.115930 0.520158
v 0.082838 0.105647 0.520158
v 0.084819 -0.115930 0.521331
v 0.084819 0.105647 0.521331
v 0.086532 -0.115930 0.522867
v 0.086532 0.105647 0.522867
v 0.087913 -0.115930 0.524708
v 0.087913 0.105647 0.524708
v 0.088908 -0.115930 0.526783
v 0.088908 0.105647 0.526783
v 0.089480 -0.115930 0.529012
v 0.089480 0.105647 0.529012
v 0.089605 -0.115930 0.531310
v 0.089605 0.105647 0.531310
vn 0.9433 -0.0000 0.3320
vn 0.8607 -0.0000 0.5092
vn 0.7445 -0.0000 0.6676
vn 0.6001 -0.0000 0.8000
vn 0.4324 -0.0000 0.9017
vn 0.2483 -0.0000 0.9687
vn 0.0543 -0.0000 0.9985
vn -0.1415 -0.0000 0.9899
vn -0.3315 -0.0000 0.9434
vn -0.5094 -0.0000 0.8606
vn -0.6676 -0.0000 0.7445
vn -0.7999 -0.0000 0.6001
vn -0.9015 -0.0000 0.4327
vn -0.9687 -0.0000 0.2484
vn -0.9985 -0.0000 0.0543
vn -0.9900 -0.0000 -0.1412
vn -0.9433 -0.0000 -0.3320
vn -0.8605 -0.0000 -0.5094
vn -0.7447 -0.0000 -0.6674
vn -0.6002 -0.0000 -0.7999
vn -0.4328 -0.0000 -0.9015
vn -0.2486 -0.0000 -0.9686
vn -0.0543 -0.0000 -0.9985
vn 0.1412 -0.0000 -0.9900
vn 0.3319 -0.0000 -0.9433
vn 0.5095 -0.0000 -0.8605
vn 0.6676 -0.0000 -0.7445
vn 0.7999 -0.0000 -0.6001
vn 0.9017 -0.0000 -0.4324
vn 0.9687 -0.0000 -0.2482
vn -0.0000 1.0000 -0.0000
vn 0.9985 -0.0000 -0.0543
vn 0.9900 -0.0000 0.1412
vn -0.0000 -1.0000 -0.0000
vt 1.000000 0.500000
vt 1.000000 1.000000
vt 0.968750 1.000000
vt 0.968750 0.500000
vt 0.937500 1.000000
vt 0.937500 0.500000
vt 0.906250 1.000000
vt 0.906250 0.500000
vt 0.875000 1.000000
vt 0.875000 0.500000
vt 0.843750 1.000000
vt 0.843750 0.500000
vt 0.812500 1.000000
vt 0.812500 0.500000
vt 0.781250 1.000000
vt 0.781250 0.500000
vt 0.750000 1.000000
vt 0.750000 0.500000
vt 0.718750 1.000000
vt 0.718750 0.500000
vt 0.687500 1.000000
vt 0.687500 0.500000
vt 0.656250 1.000000
vt 0.656250 0.500000
vt 0.625000 1.000000
vt 0.625000 0.500000
vt 0.593750 1.000000
vt 0.593750 0.500000
vt 0.562500 1.000000
vt 0.562500 0.500000
vt 0.531250 1.000000
vt 0.531250 0.500000
vt 0.500000 1.000000
vt 0.500000 0.500000
vt 0.468750 1.000000
vt 0.468750 0.500000
vt 0.437500 1.000000
vt 0.437500 0.500000
vt 0.406250 1.000000
vt 0.406250 0.500000
vt 0.375000 1.000000
vt 0.375000 0.500000
vt 0.343750 1.000000
vt 0.343750 0.500000
vt 0.312500 1.000000
vt 0.312500 0.500000
vt 0.281250 1.000000
vt 0.281250 0.500000
vt 0.250000 1.000000
vt 0.250000 0.500000
vt 0.218750 1.000000
vt 0.218750 0.500000
vt 0.187500 1.000000
vt 0.187500 0.500000
vt 0.156250 1.000000
vt 0.156250 0.500000
vt 0.125000 1.000000
vt 0.125000 0.500000
vt 0.093750 1.000000
vt 0.093750 0.500000
vt 0.062500 1.000000
vt 0.062500 0.500000
vt 0.296822 0.485388
vt 0.250000 0.490000
vt 0.203178 0.485388
vt 0.158156 0.471731
vt 0.116663 0.449553
vt 0.080294 0.419706
vt 0.050447 0.383337
vt 0.028269 0.341844
vt 0.014612 0.296822
vt 0.010000 0.250000
vt 0.014612 0.203178
vt 0.028269 0.158156
vt 0.050447 0.116663
vt 0.080294 0.080294
vt 0.116663 0.050447
vt 0.158156 0.028269
vt 0.203178 0.014612
vt 0.250000 0.010000
vt 0.296822 0.014612
vt 0.341844 0.028269
vt 0.383337 0.050447
vt 0.419706 0.080294
vt 0.449553 0.116663
vt 0.471731 0.158156
vt 0.485388 0.203178
vt 0.490000 0.250000
vt 0.485388 0.296822
vt 0.471731 0.341844
vt 0.449553 0.383337
vt 0.419706 0.419706
vt 0.383337 0.449553
vt 0.341844 0.471731
vt 0.031250 1.000000
vt 0.031250 0.500000
vt 0.000000 1.000000
vt 0.000000 0.500000
vt 0.750000 0.490000
vt 0.796822 0.485388
vt 0.841844 0.471731
vt 0.883337 0.449553
vt 0.919706 0.419706
vt 0.949553 0.383337
vt 0.971731 0.341844
vt 0.985388 0.296822
vt 0.990000 0.250000
vt 0.985388 0.203178
vt 0.971731 0.158156
vt 0.949553 0.116663
vt 0.919706 0.080294
vt 0.883337 0.050447
vt 0.841844 0.028269
vt 0.796822 0.014612
vt 0.750000 0.010000
vt 0.703178 0.014612
vt 0.658156 0.028269
vt 0.616663 0.050447
vt 0.580294 0.080294
vt 0.550447 0.116663
vt 0.528269 0.158156
vt 0.514612 0.203178
vt 0.510000 0.250000
vt 0.514612 0.296822
vt 0.528269 0.341844
vt 0.550447 0.383337
vt 0.580294 0.419706
vt 0.616663 0.449553
vt 0.658156 0.471731
vt 0.703178 0.485388
s 1
f 4321/3981/2641 4322/3982/2641 4324/3983/2641 4323/3984/2641
f 4323/3984/2642 4324/3983/2642 4326/3985/2642 4325/3986/2642
f 4325/3986/2643 4326/3985/2643 4328/3987/2643 4327/3988/2643
f 4327/3988/2644 4328/3987/2644 4330/3989/2644 4329/3990/2644
f 4329/3990/2645 4330/3989/2645 4332/3991/2645 4331/3992/2645
f 4331/3992/2646 4332/3991/2646 4334/3993/2646 4333/3994/2646
f 4333/3994/2647 4334/3993/2647 4336/3995/2647 4335/3996/2647
f 4335/3996/2648 4336/3995/2648 4338/3997/2648 4337/3998/2648
f 4337/3998/2649 4338/3997/2649 4340/3999/2649 4339/4000/2649
f 4339/4000/2650 4340/3999/2650 4342/4001/2650 4341/4002/2650
f 4341/4002/2651 4342/4001/2651 4344/4003/2651 4343/4004/2651
f 4343/4004/2652 4344/4003/2652 4346/4005/2652 4345/4006/2652
f 4345/4006/2653 4346/4005/2653 4348/4007/2653 4347/4008/2653
f 4347/4008/2654 4348/4007/2654 4350/4009/2654 4349/4010/2654
f 4349/4010/2655 4350/4009/2655 4352/4011/2655 4351/4012/2655
f 4351/4012/2656 4352/4011/2656 4354/4013/2656 4353/4014/2656
f 4353/4014/2657 4354/4013/2657 4356/4015/2657 4355/4016/2657
f 4355/4016/2658 4356/4015/2658 4358/4017/2658 4357/4018/2658
f 4357/4018/2659 4358/4017/2659 4360/4019/2659 4359/4020/2659
f 4359/4020/2660 4360/4019/2660 4362/4021/2660 4361/4022/2660
f 4361/4022/2661 4362/4021/2661 4364/4023/2661 4363/4024/2661
f 4363/4024/2662 4364/4023/2662 4366/4025/2662 4365/4026/2662
f 4365/4026/2663 4366/4025/2663 4368/4027/2663 4367/4028/2663
f 4367/4028/2664 4368/4027/2664 4370/4029/2664 4369/4030/2664
f 4369/4030/2665 4370/4029/2665 4372/4031/2665 4371/4032/2665
f 4371/4032/2666 4372/4031/2666 4374/4033/2666 4373/4034/2666
f 4373/4034/2667 4374/4033/2667 4376/4035/2667 4375/4036/2667
f 4375/4036/2668 4376/4035/2668 4378/4037/2668 4377/4038/2668
f 4377/4038/2669 4378/4037/2669 4380/4039/2669 4379/4040/2669
f 4379/4040/2670 4380/4039/2670 4382/4041/2670 4381/4042/2670
f 4324/4043/2671 4322/4044/2671 4384/4045/2671 4382/4046/2671 4380/4047/2671 4378/4048/2671 4376/4049/2671 4374/4050/2671 4372/4051/2671 4370/4052/2671 4368/4053/2671 4366/4054/2671 4364/4055/2671 4362/4056/2671 4360/4057/2671 4358/4058/2671 4356/4059/2671 4354/4060/2671 4352/4061/2671 4350/4062/2671 4348/4063/2671 4346/4064/2671 4344/4065/2671 4342/4066/2671 4340/4067/2671 4338/4068/2671 4336/4069/2671 4334/4070/2671 4332/4071/2671 4330/4072/2671 4328/4073/2671 4326/4074/2671
f 4381/4042/2672 4382/4041/2672 4384/4075/2672 4383/4076/2672
f 4383/4076/2673 4384/4075/2673 4322/4077/2673 4321/4078/2673
f 4321/4079/2674 4323/4080/2674 4325/4081/2674 4327/4082/2674 4329/4083/2674 4331/4084/2674 4333/4085/2674 4335/4086/2674 4337/4087/2674 4339/4088/2674 4341/4089/2674 4343/4090/2674 4345/4091/2674 4347/4092/2674 4349/4093/2674 4351/4094/2674 4353/4095/2674 4355/4096/2674 4357/4097/2674 4359/4098/2674 4361/4099/2674 4363/4100/2674 4365/4101/2674 4367/4102/2674 4369/4103/2674 4371/4104/2674 4373/4105/2674 4375/4106/2674 4377/4107/2674 4379/4108/2674 4381/4109/2674 4383/4110/2674
o Cylinder.031
v -0.020553 -0.115930 0.420588
v -0.020553 0.105647 0.420588
v -0.021316 -0.115930 0.422759
v -0.021316 0.105647 0.422759
v -0.022488 -0.115930 0.424740
v -0.022488 0.105647 0.424740
v -0.024025 -0.115930 0.426453
v -0.024025 0.105647 0.426453
v -0.025866 -0.115930 0.427834
v -0.025866 0.105647 0.427834
v -0.027941 -0.115930 0.428829
v -0.027941 0.105647 0.428829
v -0.030170 -0.115930 0.429401
v -0.030170 0.105647 0.429401
v -0.032468 -0.115930 0.429526
v -0.032468 0.105647 0.429526
v -0.034746 -0.115930 0.429201
v -0.034746 0.105647 0.429201
v -0.036917 -0.115930 0.428437
v -0.036917 0.105647 0.428437
v -0.038897 -0.115930 0.427265
v -0.038897 0.105647 0.427265
v -0.040611 -0.115930 0.425729
v -0.040611 0.105647 0.425729
v -0.041992 -0.115930 0.423888
v -0.041992 0.105647 0.423888
v -0.042987 -0.115930 0.421813
v -0.042987 0.105647 0.421813
v -0.043558 -0.115930 0.419583
v -0.043558 0.105647 0.419583
v -0.043684 -0.115930 0.417286
v -0.043684 0.105647 0.417286
v -0.043358 -0.115930 0.415007
v -0.043358 0.105647 0.415007
v -0.042595 -0.115930 0.412836
v -0.042595 0.105647 0.412836
v -0.041423 -0.115930 0.410856
v -0.041423 0.105647 0.410856
v -0.039886 -0.115930 0.409142
v -0.039886 0.105647 0.409142
v -0.038045 -0.115930 0.407762
v -0.038045 0.105647 0.407762
v -0.035970 -0.115930 0.406766
v -0.035970 0.105647 0.406766
v -0.033741 -0.115930 0.406195
v -0.033741 0.105647 0.406195
v -0.031443 -0.115930 0.406070
v -0.031443 0.105647 0.406070
v -0.029165 -0.115930 0.406395
v -0.029165 0.105647 0.406395
v -0.026994 -0.115930 0.407158
v -0.026994 0.105647 0.407158
v -0.025014 -0.115930 0.408331
v -0.025014 0.105647 0.408331
v -0.023300 -0.115930 0.409867
v -0.023300 0.105647 0.409867
v -0.021919 -0.115930 0.411708
v -0.021919 0.105647 0.411708
v -0.020924 -0.115930 0.413783
v -0.020924 0.105647 0.413783
v -0.020353 -0.115930 0.416012
v -0.020353 0.105647 0.416012
v -0.020227 -0.115930 0.418310
v -0.020227 0.105647 0.418310
vn 0.9434 -0.0000 0.3316
vn 0.8607 -0.0000 0.5092
vn 0.7446 -0.0000 0.6675
vn 0.6001 -0.0000 0.7999
vn 0.4324 -0.0000 0.9017
vn 0.2482 -0.0000 0.9687
vn 0.0543 -0.0000 0.9985
vn -0.1412 -0.0000 0.9900
vn -0.3320 -0.0000 0.9433
vn -0.5094 -0.0000 0.8605
vn -0.6674 -0.0000 0.7447
vn -0.7999 -0.0000 0.6001
vn -0.9017 -0.0000 0.4324
vn -0.9687 -0.0000 0.2481
vn -0.9985 -0.0000 0.0548
vn -0.9899 -0.0000 -0.1416
vn -0.9433 -0.0000 -0.3320
vn -0.8605 -0.0000 -0.5094
vn -0.7445 -0.0000 -0.6676
vn -0.6001 -0.0000 -0.8000
vn -0.4327 -0.0000 -0.9015
vn -0.2482 -0.0000 -0.9687
vn -0.0543 -0.0000 -0.9985
vn 0.1412 -0.0000 -0.9900
vn 0.3316 -0.0000 -0.9434
vn 0.5097 -0.0000 -0.8604
vn 0.6674 -0.0000 -0.7447
vn 0.8000 -0.0000 -0.6001
vn 0.9017 -0.0000 -0.4324
vn 0.9687 -0.0000 -0.2482
vn -0.0000 1.0000 -0.0000
vn 0.9985 -0.0000 -0.0547
vn 0.9899 -0.0000 0.1417
vn -0.0000 -1.0000 -0.0000
vt 1.000000 0.500000
vt 1.000000 1.000000
vt 0.968750 1.000000
vt 0.968750 0.500000
vt 0.937500 1.000000
vt 0.937500 0.500000
vt 0.906250 1.000000
vt 0.906250 0.500000
vt 0.875000 1.000000
vt 0.875000 0.500000
vt 0.843750 1.000000
vt 0.843750 0.500000
vt 0.812500 1.000000
vt 0.812500 0.500000
vt 0.781250 1.000000
vt 0.781250 0.500000
vt 0.750000 1.000000
vt 0.750000 0.500000
vt 0.718750 1.000000
vt 0.718750 0.500000
vt 0.687500 1.000000
vt 0.687500 0.500000
vt 0.656250 1.000000
vt 0.656250 0.500000
vt 0.625000 1.000000
vt 0.625000 0.500000
vt 0.593750 1.000000
vt 0.593750 0.500000
vt 0.562500 1.000000
vt 0.562500 0.500000
vt 0.531250 1.000000
vt 0.531250 0.500000
vt 0.500000 1.000000
vt 0.500000 0.500000
vt 0.468750 1.000000
vt 0.468750 0.500000
vt 0.437500 1.000000
vt 0.437500 0.500000
vt 0.406250 1.000000
vt 0.406250 0.500000
vt 0.375000 1.000000
vt 0.375000 0.500000
vt 0.343750 1.000000
vt 0.343750 0.500000
vt 0.312500 1.000000
vt 0.312500 0.500000
vt 0.281250 1.000000
vt 0.281250 0.500000
vt 0.250000 1.000000
vt 0.250000 0.500000
vt 0.218750 1.000000
vt 0.218750 0.500000
vt 0.187500 1.000000
vt 0.187500 0.500000
vt 0.156250 1.000000
vt 0.156250 0.500000
vt 0.125000 1.000000
vt 0.125000 0.500000
vt 0.093750 1.000000
vt 0.093750 0.500000
vt 0.062500 1.000000
vt 0.062500 0.500000
vt 0.296822 0.485388
vt 0.250000 0.490000
vt 0.203178 0.485388
vt 0.158156 0.471731
vt 0.116663 0.449553
vt 0.080294 0.419706
vt 0.050447 0.383337
vt 0.028269 0.341844
vt 0.014612 0.296822
vt 0.010000 0.250000
vt 0.014612 0.203178
vt 0.028269 0.158156
vt 0.050447 0.116663
vt 0.080294 0.080294
vt 0.116663 0.050447
vt 0.158156 0.028269
vt 0.203178 0.014612
vt 0.250000 0.010000
vt 0.296822 0.014612
vt 0.341844 0.028269
vt 0.383337 0.050447
vt 0.419706 0.080294
vt 0.449553 0.116663
vt 0.471731 0.158156
vt 0.485388 0.203178
vt 0.490000 0.250000
vt 0.485388 0.296822
vt 0.471731 0.341844
vt 0.449553 0.383337
vt 0.419706 0.419706
vt 0.383337 0.449553
vt 0.341844 0.471731
vt 0.031250 1.000000
vt 0.031250 0.500000
vt 0.000000 1.000000
vt 0.000000 0.500000
vt 0.750000 0.490000
vt 0.796822 0.485388
vt 0.841844 0.471731
vt 0.883337 0.449553
vt 0.919706 0.419706
vt 0.949553 0.383337
vt 0.971731 0.341844
vt 0.985388 0.296822
vt 0.990000 0.250000
vt 0.985388 0.203178
vt 0.971731 0.158156
vt 0.949553 0.116663
vt 0.919706 0.080294
vt 0.883337 0.050447
vt 0.841844 0.028269
vt 0.796822 0.014612
vt 0.750000 0.010000
vt 0.703178 0.014612
vt 0.658156 0.028269
vt 0.616663 0.050447
vt 0.580294 0.080294
vt 0.550447 0.116663
vt 0.528269 0.158156
vt 0.514612 0.203178
vt 0.510000 0.250000
vt 0.514612 0.296822
vt 0.528269 0.341844
vt 0.550447 0.383337
vt 0.580294 0.419706
vt 0.616663 0.449553
vt 0.658156 0.471731
vt 0.703178 0.485388
s 1
f 4385/4111/2675 4386/4112/2675 4388/4113/2675 4387/4114/2675
f 4387/4114/2676 4388/4113/2676 4390/4115/2676 4389/4116/2676
f 4389/4116/2677 4390/4115/2677 4392/4117/2677 4391/4118/2677
f 4391/4118/2678 4392/4117/2678 4394/4119/2678 4393/4120/2678
f 4393/4120/2679 4394/4119/2679 4396/4121/2679 4395/4122/2679
f 4395/4122/2680 4396/4121/2680 4398/4123/2680 4397/4124/2680
f 4397/4124/2681 4398/4123/2681 4400/4125/2681 4399/4126/2681
f 4399/4126/2682 4400/4125/2682 4402/4127/2682 4401/4128/2682
f 4401/4128/2683 4402/4127/2683 4404/4129/2683 4403/4130/2683
f 4403/4130/2684 4404/4129/2684 4406/4131/2684 4405/4132/2684
f 4405/4132/2685 4406/4131/2685 4408/4133/2685 4407/4134/2685
f 4407/4134/2686 4408/4133/2686 4410/4135/2686 4409/4136/2686
f 4409/4136/2687 4410/4135/2687 4412/4137/2687 4411/4138/2687
f 4411/4138/2688 4412/4137/2688 4414/4139/2688 4413/4140/2688
f 4413/4140/2689 4414/4139/2689 4416/4141/2689 4415/4142/2689
f 4415/4142/2690 4416/4141/2690 4418/4143/2690 4417/4144/2690
f 4417/4144/2691 4418/4143/2691 4420/4145/2691 4419/4146/2691
f 4419/4146/2692 4420/4145/2692 4422/4147/2692 4421/4148/2692
f 4421/4148/2693 4422/4147/2693 4424/4149/2693 4423/4150/2693
f 4423/4150/2694 4424/4149/2694 4426/4151/2694 4425/4152/2694
f 4425/4152/2695 4426/4151/2695 4428/4153/2695 4427/4154/2695
f 4427/4154/2696 4428/4153/2696 4430/4155/2696 4429/4156/2696
f 4429/4156/2697 4430/4155/2697 4432/4157/2697 4431/4158/2697
f 4431/4158/2698 4432/4157/2698 4434/4159/2698 4433/4160/2698
f 4433/4160/2699 4434/4159/2699 4436/4161/2699 4435/4162/2699
f 4435/4162/2700 4436/4161/2700 4438/4163/2700 4437/4164/2700
f 4437/4164/2701 4438/4163/2701 4440/4165/2701 4439/4166/2701
f 4439/4166/2702 4440/4165/2702 4442/4167/2702 4441/4168/2702
f 4441/4168/2703 4442/4167/2703 4444/4169/2703 4443/4170/2703
f 4443/4170/2704 4444/4169/2704 4446/4171/2704 4445/4172/2704
f 4388/4173/2705 4386/4174/2705 4448/4175/2705 4446/4176/2705 4444/4177/2705 4442/4178/2705 4440/4179/2705 4438/4180/2705 4436/4181/2705 4434/4182/2705 4432/4183/2705 4430/4184/2705 4428/4185/2705 4426/4186/2705 4424/4187/2705 4422/4188/2705 4420/4189/2705 4418/4190/2705 4416/4191/2705 4414/4192/2705 4412/4193/2705 4410/4194/2705 4408/4195/2705 4406/4196/2705 4404/4197/2705 4402/4198/2705 4400/4199/2705 4398/4200/2705 4396/4201/2705 4394/4202/2705 4392/4203/2705 4390/4204/2705
f 4445/4172/2706 4446/4171/2706 4448/4205/2706 4447/4206/2706
f 4447/4206/2707 4448/4205/2707 4386/4207/2707 4385/4208/2707
f 4385/4209/2708 4387/4210/2708 4389/4211/2708 4391/4212/2708 4393/4213/2708 4395/4214/2708 4397/4215/2708 4399/4216/2708 4401/4217/2708 4403/4218/2708 4405/4219/2708 4407/4220/2708 4409/4221/2708 4411/4222/2708 4413/4223/2708 4415/4224/2708 4417/4225/2708 4419/4226/2708 4421/4227/2708 4423/4228/2708 4425/4229/2708 4427/4230/2708 4429/4231/2708 4431/4232/2708 4433/4233/2708 4435/4234/2708 4437/4235/2708 4439/4236/2708 4441/4237/2708 4443/4238/2708 4445/4239/2708 4447/4240/2708
o Cylinder.032
v -0.146093 -0.115930 0.338163
v -0.146093 0.105647 0.338163
v -0.146856 -0.115930 0.340334
v -0.146856 0.105647 0.340334
v -0.148029 -0.115930 0.342314
v -0.148029 0.105647 0.342314
v -0.149565 -0.115930 0.344028
v -0.149565 0.105647 0.344028
v -0.151406 -0.115930 0.345409
v -0.151406 0.105647 0.345409
v -0.153481 -0.115930 0.346404
v -0.153481 0.105647 0.346404
v -0.155710 -0.115930 0.346975
v -0.155710 0.105647 0.346975
v -0.158008 -0.115930 0.347101
v -0.158008 0.105647 0.347101
v -0.160286 -0.115930 0.346775
v -0.160286 0.105647 0.346775
v -0.162457 -0.115930 0.346012
v -0.162457 0.105647 0.346012
v -0.164437 -0.115930 0.344840
v -0.164437 0.105647 0.344840
v -0.166151 -0.115930 0.343303
v -0.166151 0.105647 0.343303
v -0.167532 -0.115930 0.341462
v -0.167532 0.105647 0.341462
v -0.168527 -0.115930 0.339387
v -0.168527 0.105647 0.339387
v -0.169098 -0.115930 0.337158
v -0.169098 0.105647 0.337158
v -0.169224 -0.115930 0.334860
v -0.169224 0.105647 0.334860
v -0.168899 -0.115930 0.332582
v -0.168899 0.105647 0.332582
v -0.168135 -0.115930 0.330411
v -0.168135 0.105647 0.330411
v -0.166963 -0.115930 0.328431
v -0.166963 0.105647 0.328431
v -0.165427 -0.115930 0.326717
v -0.165427 0.105647 0.326717
v -0.163586 -0.115930 0.325336
v -0.163586 0.105647 0.325336
v -0.161511 -0.115930 0.324341
v -0.161511 0.105647 0.324341
v -0.159281 -0.115930 0.323770
v -0.159281 0.105647 0.323770
v -0.156983 -0.115930 0.323644
v -0.156983 0.105647 0.323644
v -0.154705 -0.115930 0.323969
v -0.154705 0.105647 0.323969
v -0.152534 -0.115930 0.324733
v -0.152534 0.105647 0.324733
v -0.150554 -0.115930 0.325905
v -0.150554 0.105647 0.325905
v -0.148840 -0.115930 0.327442
v -0.148840 0.105647 0.327442
v -0.147459 -0.115930 0.329282
v -0.147459 0.105647 0.329282
v -0.146464 -0.115930 0.331357
v -0.146464 0.105647 0.331357
v -0.145893 -0.115930 0.333587
v -0.145893 0.105647 0.333587
v -0.145767 -0.115930 0.335885
v -0.145767 0.105647 0.335885
vn 0.9434 -0.0000 0.3316
vn 0.8605 -0.0000 0.5094
vn 0.7447 -0.0000 0.6674
vn 0.6001 -0.0000 0.7999
vn 0.4324 -0.0000 0.9017
vn 0.2482 -0.0000 0.9687
vn 0.0547 -0.0000 0.9985
vn -0.1417 -0.0000 0.9899
vn -0.3319 -0.0000 0.9433
vn -0.5094 -0.0000 0.8605
vn -0.6673 -0.0000 0.7448
vn -0.8000 -0.0000 0.6001
vn -0.9017 -0.0000 0.4324
vn -0.9687 -0.0000 0.2482
vn -0.9985 -0.0000 0.0547
vn -0.9900 -0.0000 -0.1412
vn -0.9434 -0.0000 -0.3316
vn -0.8605 -0.0000 -0.5094
vn -0.7447 -0.0000 -0.6674
vn -0.6001 -0.0000 -0.7999
vn -0.4324 -0.0000 -0.9017
vn -0.2481 -0.0000 -0.9687
vn -0.0547 -0.0000 -0.9985
vn 0.1412 -0.0000 -0.9900
vn 0.3316 -0.0000 -0.9434
vn 0.5094 -0.0000 -0.8605
vn 0.6673 -0.0000 -0.7448
vn 0.7998 -0.0000 -0.6003
vn 0.9017 -0.0000 -0.4324
vn 0.9686 -0.0000 -0.2485
vn -0.0000 1.0000 -0.0000
vn 0.9985 -0.0000 -0.0547
vn 0.9900 -0.0000 0.1412
vn -0.0000 -1.0000 -0.0000
vt 1.000000 0.500000
vt 1.000000 1.000000
vt 0.968750 1.000000
vt 0.968750 0.500000
vt 0.937500 1.000000
vt 0.937500 0.500000
vt 0.906250 1.000000
vt 0.906250 0.500000
vt 0.875000 1.000000
vt 0.875000 0.500000
vt 0.843750 1.000000
vt 0.843750 0.500000
vt 0.812500 1.000000
vt 0.812500 0.500000
vt 0.781250 1.000000
vt 0.781250 0.500000
vt 0.750000 1.000000
vt 0.750000 0.500000
vt 0.718750 1.000000
vt 0.718750 0.500000
vt 0.687500 1.000000
vt 0.687500 0.500000
vt 0.656250 1.000000
vt 0.656250 0.500000
vt 0.625000 1.000000
vt 0.625000 0.500000
vt 0.593750 1.000000
vt 0.593750 0.500000
vt 0.562500 1.000000
vt 0.562500 0.500000
vt 0.531250 1.000000
vt 0.531250 0.500000
vt 0.500000 1.000000
vt 0.500000 0.500000
vt 0.468750 1.000000
vt 0.468750 0.500000
vt 0.437500 1.000000
vt 0.437500 0.500000
vt 0.406250 1.000000
vt 0.406250 0.500000
vt 0.375000 1.000000
vt 0.375000 0.500000
vt 0.343750 1.000000
vt 0.343750 0.500000
vt 0.312500 1.000000
vt 0.312500 0.500000
vt 0.281250 1.000000
vt 0.281250 0.500000
vt 0.250000 1.000000
vt 0.250000 0.500000
vt 0.218750 1.000000
vt 0.218750 0.500000
vt 0.187500 1.000000
vt 0.187500 0.500000
vt 0.156250 1.000000
vt 0.156250 0.500000
vt 0.125000 1.000000
vt 0.125000 0.500000
vt 0.093750 1.000000
vt 0.093750 0.500000
vt 0.062500 1.000000
vt 0.062500 0.500000
vt 0.296822 0.485388
vt 0.250000 0.490000
vt 0.203178 0.485388
vt 0.158156 0.471731
vt 0.116663 0.449553
vt 0.080294 0.419706
vt 0.050447 0.383337
vt 0.028269 0.341844
vt 0.014612 0.296822
vt 0.010000 0.250000
vt 0.014612 0.203178
vt 0.028269 0.158156
vt 0.050447 0.116663
vt 0.080294 0.080294
vt 0.116663 0.050447
vt 0.158156 0.028269
vt 0.203178 0.014612
vt 0.250000 0.010000
vt 0.296822 0.014612
vt 0.341844 0.028269
vt 0.383337 0.050447
vt 0.419706 0.080294
vt 0.449553 0.116663
vt 0.471731 0.158156
vt 0.485388 0.203178
vt 0.490000 0.250000
vt 0.485388 0.296822
vt 0.471731 0.341844
vt 0.449553 0.383337
vt 0.419706 0.419706
vt 0.383337 0.449553
vt 0.341844 0.471731
vt 0.031250 1.000000
vt 0.031250 0.500000
vt 0.000000 1.000000
vt 0.000000 0.500000
vt 0.750000 0.490000
vt 0.796822 0.485388
vt 0.841844 0.471731
vt 0.883337 0.449553
vt 0.919706 0.419706
vt 0.949553 0.383337
vt 0.971731 0.341844
vt 0.985388 0.296822
vt 0.990000 0.250000
vt 0.985388 0.203178
vt 0.971731 0.158156
vt 0.949553 0.116663
vt 0.919706 0.080294
vt 0.883337 0.050447
vt 0.841844 0.028269
vt 0.796822 0.014612
vt 0.750000 0.010000
vt 0.703178 0.014612
vt 0.658156 0.028269
vt 0.616663 0.050447
vt 0.580294 0.080294
vt 0.550447 0.116663
vt 0.528269 0.158156
vt 0.514612 0.203178
vt 0.510000 0.250000
vt 0.514612 0.296822
vt 0.528269 0.341844
vt 0.550447 0.383337
vt 0.580294 0.419706
vt 0.616663 0.449553
vt 0.658156 0.471731
vt 0.703178 0.485388
s 1
f 4449/4241/2709 4450/4242/2709 4452/4243/2709 4451/4244/2709
f 4451/4244/2710 4452/4243/2710 4454/4245/2710 4453/4246/2710
f 4453/4246/2711 4454/4245/2711 4456/4247/2711 4455/4248/2711
f 4455/4248/2712 4456/4247/2712 4458/4249/2712 4457/4250/2712
f 4457/4250/2713 4458/4249/2713 4460/4251/2713 4459/4252/2713
f 4459/4252/2714 4460/4251/2714 4462/4253/2714 4461/4254/2714
f 4461/4254/2715 4462/4253/2715 4464/4255/2715 4463/4256/2715
f 4463/4256/2716 4464/4255/2716 4466/4257/2716 4465/4258/2716
f 4465/4258/2717 4466/4257/2717 4468/4259/2717 4467/4260/2717
f 4467/4260/2718 4468/4259/2718 4470/4261/2718 4469/4262/2718
f 4469/4262/2719 4470/4261/2719 4472/4263/2719 4471/4264/2719
f 4471/4264/2720 4472/4263/2720 4474/4265/2720 4473/4266/2720
f 4473/4266/2721 4474/4265/2721 4476/4267/2721 4475/4268/2721
f 4475/4268/2722 4476/4267/2722 4478/4269/2722 4477/4270/2722
f 4477/4270/2723 4478/4269/2723 4480/4271/2723 4479/4272/2723
f 4479/4272/2724 4480/4271/2724 4482/4273/2724 4481/4274/2724
f 4481/4274/2725 4482/4273/2725 4484/4275/2725 4483/4276/2725
f 4483/4276/2726 4484/4275/2726 4486/4277/2726 4485/4278/2726
f 4485/4278/2727 4486/4277/2727 4488/4279/2727 4487/4280/2727
f 4487/4280/2728 4488/4279/2728 4490/4281/2728 4489/4282/2728
f 4489/4282/2729 4490/4281/2729 4492/4283/2729 4491/4284/2729
f 4491/4284/2730 4492/4283/2730 4494/4285/2730 4493/4286/2730
f 4493/4286/2731 4494/4285/2731 4496/4287/2731 4495/4288/2731
f 4495/4288/2732 4496/4287/2732 4498/4289/2732 4497/4290/2732
f 4497/4290/2733 4498/4289/2733 4500/4291/2733 4499/4292/2733
f 4499/4292/2734 4500/4291/2734 4502/4293/2734 4501/4294/2734
f 4501/4294/2735 4502/4293/2735 4504/4295/2735 4503/4296/2735
f 4503/4296/2736 4504/4295/2736 4506/4297/2736 4505/4298/2736
f 4505/4298/2737 4506/4297/2737 4508/4299/2737 4507/4300/2737
f 4507/4300/2738 4508/4299/2738 4510/4301/2738 4509/4302/2738
f 4452/4303/2739 4450/4304/2739 4512/4305/2739 4510/4306/2739 4508/4307/2739 4506/4308/2739 4504/4309/2739 4502/4310/2739 4500/4311/2739 4498/4312/2739 4496/4313/2739 4494/4314/2739 4492/4315/2739 4490/4316/2739 4488/4317/2739 4486/4318/2739 4484/4319/2739 4482/4320/2739 4480/4321/2739 4478/4322/2739 4476/4323/2739 4474/4324/2739 4472/4325/2739 4470/4326/2739 4468/4327/2739 4466/4328/2739 4464/4329/2739 4462/4330/2739 4460/4331/2739 4458/4332/2739 4456/4333/2739 4454/4334/2739
f 4509/4302/2740 4510/4301/2740 4512/4335/2740 4511/4336/2740
f 4511/4336/2741 4512/4335/2741 4450/4337/2741 4449/4338/2741
f 4449/4339/2742 4451/4340/2742 4453/4341/2742 4455/4342/2742 4457/4343/2742 4459/4344/2742 4461/4345/2742 4463/4346/2742 4465/4347/2742 4467/4348/2742 4469/4349/2742 4471/4350/2742 4473/4351/2742 4475/4352/2742 4477/4353/2742 4479/4354/2742 4481/4355/2742 4483/4356/2742 4485/4357/2742 4487/4358/2742 4489/4359/2742 4491/4360/2742 4493/4361/2742 4495/4362/2742 4497/4363/2742 4499/4364/2742 4501/4365/2742 4503/4366/2742 4505/4367/2742 4507/4368/2742 4509/4369/2742 4511/4370/2742
o Cylinder.033
v -0.264532 -0.115930 0.236324
v -0.264532 0.105647 0.236324
v -0.265295 -0.115930 0.238495
v -0.265295 0.105647 0.238495
v -0.266468 -0.115930 0.240475
v -0.266468 0.105647 0.240475
v -0.268004 -0.115930 0.242189
v -0.268004 0.105647 0.242189
v -0.269845 -0.115930 0.243570
v -0.269845 0.105647 0.243570
v -0.271920 -0.115930 0.244565
v -0.271920 0.105647 0.244565
v -0.274149 -0.115930 0.245136
v -0.274149 0.105647 0.245136
v -0.276447 -0.115930 0.245262
v -0.276447 0.105647 0.245262
v -0.278725 -0.115930 0.244936
v -0.278725 0.105647 0.244936
v -0.280896 -0.115930 0.244173
v -0.280896 0.105647 0.244173
v -0.282876 -0.115930 0.243000
v -0.282876 0.105647 0.243000
v -0.284590 -0.115930 0.241464
v -0.284590 0.105647 0.241464
v -0.285971 -0.115930 0.239623
v -0.285971 0.105647 0.239623
v -0.286966 -0.115930 0.237548
v -0.286966 0.105647 0.237548
v -0.287538 -0.115930 0.235319
v -0.287538 0.105647 0.235319
v -0.287663 -0.115930 0.233021
v -0.287663 0.105647 0.233021
v -0.287338 -0.115930 0.230743
v -0.287338 0.105647 0.230743
v -0.286574 -0.115930 0.228572
v -0.286574 0.105647 0.228572
v -0.285402 -0.115930 0.226591
v -0.285402 0.105647 0.226591
v -0.283866 -0.115930 0.224878
v -0.283866 0.105647 0.224878
v -0.282025 -0.115930 0.223497
v -0.282025 0.105647 0.223497
v -0.279950 -0.115930 0.222502
v -0.279950 0.105647 0.222502
v -0.277720 -0.115930 0.221930
v -0.277720 0.105647 0.221930
v -0.275422 -0.115930 0.221805
v -0.275422 0.105647 0.221805
v -0.273144 -0.115930 0.222130
v -0.273144 0.105647 0.222130
v -0.270973 -0.115930 0.222894
v -0.270973 0.105647 0.222894
v -0.268993 -0.115930 0.224066
v -0.268993 0.105647 0.224066
v -0.267279 -0.115930 0.225602
v -0.267279 0.105647 0.225602
v -0.265898 -0.115930 0.227443
v -0.265898 0.105647 0.227443
v -0.264903 -0.115930 0.229518
v -0.264903 0.105647 0.229518
v -0.264332 -0.115930 0.231748
v -0.264332 0.105647 0.231748
v -0.264206 -0.115930 0.234046
v -0.264206 0.105647 0.234046
vn 0.9434 -0.0000 0.3316
vn 0.8604 -0.0000 0.5097
vn 0.7447 -0.0000 0.6674
vn 0.6001 -0.0000 0.8000
vn 0.4324 -0.0000 0.9017
vn 0.2482 -0.0000 0.9687
vn 0.0548 -0.0000 0.9985
vn -0.1417 -0.0000 0.9899
vn -0.3316 -0.0000 0.9434
vn -0.5097 -0.0000 0.8604
vn -0.6674 -0.0000 0.7447
vn -0.8000 -0.0000 0.6001
vn -0.9017 -0.0000 0.4324
vn -0.9687 -0.0000 0.2482
vn -0.9985 -0.0000 0.0543
vn -0.9900 -0.0000 -0.1412
vn -0.9434 -0.0000 -0.3316
vn -0.8607 -0.0000 -0.5092
vn -0.7445 -0.0000 -0.6676
vn -0.6001 -0.0000 -0.7999
vn -0.4324 -0.0000 -0.9017
vn -0.2481 -0.0000 -0.9687
vn -0.0543 -0.0000 -0.9985
vn 0.1412 -0.0000 -0.9900
vn 0.3320 -0.0000 -0.9433
vn 0.5094 -0.0000 -0.8605
vn 0.6674 -0.0000 -0.7447
vn 0.7999 -0.0000 -0.6001
vn 0.9017 -0.0000 -0.4324
vn 0.9687 -0.0000 -0.2481
vn -0.0000 1.0000 -0.0000
vn 0.9985 -0.0000 -0.0547
vn 0.9900 -0.0000 0.1413
vn -0.0000 -1.0000 -0.0000
vt 1.000000 0.500000
vt 1.000000 1.000000
vt 0.968750 1.000000
vt 0.968750 0.500000
vt 0.937500 1.000000
vt 0.937500 0.500000
vt 0.906250 1.000000
vt 0.906250 0.500000
vt 0.875000 1.000000
vt 0.875000 0.500000
vt 0.843750 1.000000
vt 0.843750 0.500000
vt 0.812500 1.000000
vt 0.812500 0.500000
vt 0.781250 1.000000
vt 0.781250 0.500000
vt 0.750000 1.000000
vt 0.750000 0.500000
vt 0.718750 1.000000
vt 0.718750 0.500000
vt 0.687500 1.000000
vt 0.687500 0.500000
vt 0.656250 1.000000
vt 0.656250 0.500000
vt 0.625000 1.000000
vt 0.625000 0.500000
vt 0.593750 1.000000
vt 0.593750 0.500000
vt 0.562500 1.000000
vt 0.562500 0.500000
vt 0.531250 1.000000
vt 0.531250 0.500000
vt 0.500000 1.000000
vt 0.500000 0.500000
vt 0.468750 1.000000
vt 0.468750 0.500000
vt 0.437500 1.000000
vt 0.437500 0.500000
vt 0.406250 1.000000
vt 0.406250 0.500000
vt 0.375000 1.000000
vt 0.375000 0.500000
vt 0.343750 1.000000
vt 0.343750 0.500000
vt 0.312500 1.000000
vt 0.312500 0.500000
vt 0.281250 1.000000
vt 0.281250 0.500000
vt 0.250000 1.000000
vt 0.250000 0.500000
vt 0.218750 1.000000
vt 0.218750 0.500000
vt 0.187500 1.000000
vt 0.187500 0.500000
vt 0.156250 1.000000
vt 0.156250 0.500000
vt 0.125000 1.000000
vt 0.125000 0.500000
vt 0.093750 1.000000
vt 0.093750 0.500000
vt 0.062500 1.000000
vt 0.062500 0.500000
vt 0.296822 0.485388
vt 0.250000 0.490000
vt 0.203178 0.485388
vt 0.158156 0.471731
vt 0.116663 0.449553
vt 0.080294 0.419706
vt 0.050447 0.383337
vt 0.028269 0.341844
vt 0.014612 0.296822
vt 0.010000 0.250000
vt 0.014612 0.203178
vt 0.028269 0.158156
vt 0.050447 0.116663
vt 0.080294 0.080294
vt 0.116663 0.050447
vt 0.158156 0.028269
vt 0.203178 0.014612
vt 0.250000 0.010000
vt 0.296822 0.014612
vt 0.341844 0.028269
vt 0.383337 0.050447
vt 0.419706 0.080294
vt 0.449553 0.116663
vt 0.471731 0.158156
vt 0.485388 0.203178
vt 0.490000 0.250000
vt 0.485388 0.296822
vt 0.471731 0.341844
vt 0.449553 0.383337
vt 0.419706 0.419706
vt 0.383337 0.449553
vt 0.341844 0.471731
vt 0.031250 1.000000
vt 0.031250 0.500000
vt 0.000000 1.000000
vt 0.000000 0.500000
vt 0.750000 0.490000
vt 0.796822 0.485388
vt 0.841844 0.471731
vt 0.883337 0.449553
vt 0.919706 0.419706
vt 0.949553 0.383337
vt 0.971731 0.341844
vt 0.985388 0.296822
vt 0.990000 0.250000
vt 0.985388 0.203178
vt 0.971731 0.158156
vt 0.949553 0.116663
vt 0.919706 0.080294
vt 0.883337 0.050447
vt 0.841844 0.028269
vt 0.796822 0.014612
vt 0.750000 0.010000
vt 0.703178 0.014612
vt 0.658156 0.028269
vt 0.616663 0.050447
vt 0.580294 0.080294
vt 0.550447 0.116663
vt 0.528269 0.158156
vt 0.514612 0.203178
vt 0.510000 0.250000
vt 0.514612 0.296822
vt 0.528269 0.341844
vt 0.550447 0.383337
vt 0.580294 0.419706
vt 0.616663 0.449553
vt 0.658156 0.471731
vt 0.703178 0.485388
s 1
f 4513/4371/2743 4514/4372/2743 4516/4373/2743 4515/4374/2743
f 4515/4374/2744 4516/4373/2744 4518/4375/2744 4517/4376/2744
f 4517/4376/2745 4518/4375/2745 4520/4377/2745 4519/4378/2745
f 4519/4378/2746 4520/4377/2746 4522/4379/2746 4521/4380/2746
f 4521/4380/2747 4522/4379/2747 4524/4381/2747 4523/4382/2747
f 4523/4382/2748 4524/4381/2748 4526/4383/2748 4525/4384/2748
f 4525/4384/2749 4526/4383/2749 4528/4385/2749 4527/4386/2749
f 4527/4386/2750 4528/4385/2750 4530/4387/2750 4529/4388/2750
f 4529/4388/2751 4530/4387/2751 4532/4389/2751 4531/4390/2751
f 4531/4390/2752 4532/4389/2752 4534/4391/2752 4533/4392/2752
f 4533/4392/2753 4534/4391/2753 4536/4393/2753 4535/4394/2753
f 4535/4394/2754 4536/4393/2754 4538/4395/2754 4537/4396/2754
f 4537/4396/2755 4538/4395/2755 4540/4397/2755 4539/4398/2755
f 4539/4398/2756 4540/4397/2756 4542/4399/2756 4541/4400/2756
f 4541/4400/2757 4542/4399/2757 4544/4401/2757 4543/4402/2757
f 4543/4402/2758 4544/4401/2758 4546/4403/2758 4545/4404/2758
f 4545/4404/2759 4546/4403/2759 4548/4405/2759 4547/4406/2759
f 4547/4406/2760 4548/4405/2760 4550/4407/2760 4549/4408/2760
f 4549/4408/2761 4550/4407/2761 4552/4409/2761 4551/4410/2761
f 4551/4410/2762 4552/4409/2762 4554/4411/2762 4553/4412/2762
f 4553/4412/2763 4554/4411/2763 4556/4413/2763 4555/4414/2763
f 4555/4414/2764 4556/4413/2764 4558/4415/2764 4557/4416/2764
f 4557/4416/2765 4558/4415/2765 4560/4417/2765 4559/4418/2765
f 4559/4418/2766 4560/4417/2766 4562/4419/2766 4561/4420/2766
f 4561/4420/2767 4562/4419/2767 4564/4421/2767 4563/4422/2767
f 4563/4422/2768 4564/4421/2768 4566/4423/2768 4565/4424/2768
f 4565/4424/2769 4566/4423/2769 4568/4425/2769 4567/4426/2769
f 4567/4426/2770 4568/4425/2770 4570/4427/2770 4569/4428/2770
f 4569/4428/2771 4570/4427/2771 4572/4429/2771 4571/4430/2771
f 4571/4430/2772 4572/4429/2772 4574/4431/2772 4573/4432/2772
f 4516/4433/2773 4514/4434/2773 4576/4435/2773 4574/4436/2773 4572/4437/2773 4570/4438/2773 4568/4439/2773 4566/4440/2773 4564/4441/2773 4562/4442/2773 4560/4443/2773 4558/4444/2773 4556/4445/2773 4554/4446/2773 4552/4447/2773 4550/4448/2773 4548/4449/2773 4546/4450/2773 4544/4451/2773 4542/4452/2773 4540/4453/2773 4538/4454/2773 4536/4455/2773 4534/4456/2773 4532/4457/2773 4530/4458/2773 4528/4459/2773 4526/4460/2773 4524/4461/2773 4522/4462/2773 4520/4463/2773 4518/4464/2773
f 4573/4432/2774 4574/4431/2774 4576/4465/2774 4575/4466/2774
f 4575/4466/2775 4576/4465/2775 4514/4467/2775 4513/4468/2775
f 4513/4469/2776 4515/4470/2776 4517/4471/2776 4519/4472/2776 4521/4473/2776 4523/4474/2776 4525/4475/2776 4527/4476/2776 4529/4477/2776 4531/4478/2776 4533/4479/2776 4535/4480/2776 4537/4481/2776 4539/4482/2776 4541/4483/2776 4543/4484/2776 4545/4485/2776 4547/4486/2776 4549/4487/2776 4551/4488/2776 4553/4489/2776 4555/4490/2776 4557/4491/2776 4559/4492/2776 4561/4493/2776 4563/4494/2776 4565/4495/2776 4567/4496/2776 4569/4497/2776 4571/4498/2776 4573/4499/2776 4575/4500/2776
o Cylinder.034
v -0.375019 -0.115930 0.063575
v -0.375019 0.105647 0.063575
v -0.375782 -0.115930 0.065746
v -0.375782 0.105647 0.065746
v -0.376955 -0.115930 0.067726
v -0.376955 0.105647 0.067726
v -0.378491 -0.115930 0.069440
v -0.378491 0.105647 0.069440
v -0.380332 -0.115930 0.070821
v -0.380332 0.105647 0.070821
v -0.382407 -0.115930 0.071816
v -0.382407 0.105647 0.071816
v -0.384636 -0.115930 0.072388
v -0.384636 0.105647 0.072388
v -0.386934 -0.115930 0.072513
v -0.386934 0.105647 0.072513
v -0.389212 -0.115930 0.072188
v -0.389212 0.105647 0.072188
v -0.391383 -0.115930 0.071424
v -0.391383 0.105647 0.071424
v -0.393364 -0.115930 0.070252
v -0.393364 0.105647 0.070252
v -0.395077 -0.115930 0.068716
v -0.395077 0.105647 0.068716
v -0.396458 -0.115930 0.066875
v -0.396458 0.105647 0.066875
v -0.397453 -0.115930 0.064800
v -0.397453 0.105647 0.064800
v -0.398025 -0.115930 0.062570
v -0.398025 0.105647 0.062570
v -0.398150 -0.115930 0.060272
v -0.398150 0.105647 0.060272
v -0.397825 -0.115930 0.057994
v -0.397825 0.105647 0.057994
v -0.397061 -0.115930 0.055823
v -0.397061 0.105647 0.055823
v -0.395889 -0.115930 0.053843
v -0.395889 0.105647 0.053843
v -0.394353 -0.115930 0.052129
v -0.394353 0.105647 0.052129
v -0.392512 -0.115930 0.050748
v -0.392512 0.105647 0.050748
v -0.390437 -0.115930 0.049753
v -0.390437 0.105647 0.049753
v -0.388208 -0.115930 0.049182
v -0.388208 0.105647 0.049182
v -0.385910 -0.115930 0.049056
v -0.385910 0.105647 0.049056
v -0.383631 -0.115930 0.049382
v -0.383631 0.105647 0.049382
v -0.381460 -0.115930 0.050145
v -0.381460 0.105647 0.050145
v -0.379480 -0.115930 0.051318
v -0.379480 0.105647 0.051318
v -0.377767 -0.115930 0.052854
v -0.377767 0.105647 0.052854
v -0.376386 -0.115930 0.054695
v -0.376386 0.105647 0.054695
v -0.375390 -0.115930 0.056770
v -0.375390 0.105647 0.056770
v -0.374819 -0.115930 0.058999
v -0.374819 0.105647 0.058999
v -0.374694 -0.115930 0.061297
v -0.374694 0.105647 0.061297
vn 0.9434 -0.0000 0.3316
vn 0.8604 -0.0000 0.5097
vn 0.7447 -0.0000 0.6674
vn 0.6001 -0.0000 0.7999
vn 0.4324 -0.0000 0.9017
vn 0.2486 -0.0000 0.9686
vn 0.0543 -0.0000 0.9985
vn -0.1412 -0.0000 0.9900
vn -0.3315 -0.0000 0.9435
vn -0.5092 -0.0000 0.8607
vn -0.6676 -0.0000 0.7445
vn -0.7999 -0.0000 0.6001
vn -0.9017 -0.0000 0.4324
vn -0.9686 -0.0000 0.2485
vn -0.9985 -0.0000 0.0543
vn -0.9900 -0.0000 -0.1412
vn -0.9433 -0.0000 -0.3320
vn -0.8605 -0.0000 -0.5094
vn -0.7447 -0.0000 -0.6674
vn -0.6001 -0.0000 -0.7999
vn -0.4324 -0.0000 -0.9017
vn -0.2482 -0.0000 -0.9687
vn -0.0547 -0.0000 -0.9985
vn 0.1416 -0.0000 -0.9899
vn 0.3320 -0.0000 -0.9433
vn 0.5097 -0.0000 -0.8604
vn 0.6676 -0.0000 -0.7445
vn 0.7999 -0.0000 -0.6001
vn 0.9015 -0.0000 -0.4327
vn 0.9686 -0.0000 -0.2486
vn -0.0000 1.0000 -0.0000
vn 0.9985 -0.0000 -0.0543
vn 0.9900 -0.0000 0.1412
vn -0.0000 -1.0000 -0.0000
vt 1.000000 0.500000
vt 1.000000 1.000000
vt 0.968750 1.000000
vt 0.968750 0.500000
vt 0.937500 1.000000
vt 0.937500 0.500000
vt 0.906250 1.000000
vt 0.906250 0.500000
vt 0.875000 1.000000
vt 0.875000 0.500000
vt 0.843750 1.000000
vt 0.843750 0.500000
vt 0.812500 1.000000
vt 0.812500 0.500000
vt 0.781250 1.000000
vt 0.781250 0.500000
vt 0.750000 1.000000
vt 0.750000 0.500000
vt 0.718750 1.000000
vt 0.718750 0.500000
vt 0.687500 1.000000
vt 0.687500 0.500000
vt 0.656250 1.000000
vt 0.656250 0.500000
vt 0.625000 1.000000
vt 0.625000 0.500000
vt 0.593750 1.000000
vt 0.593750 0.500000
vt 0.562500 1.000000
vt 0.562500 0.500000
vt 0.531250 1.000000
vt 0.531250 0.500000
vt 0.500000 1.000000
vt 0.500000 0.500000
vt 0.468750 1.000000
vt 0.468750 0.500000
vt 0.437500 1.000000
vt 0.437500 0.500000
vt 0.406250 1.000000
vt 0.406250 0.500000
vt 0.375000 1.000000
vt 0.375000 0.500000
vt 0.343750 1.000000
vt 0.343750 0.500000
vt 0.312500 1.000000
vt 0.312500 0.500000
vt 0.281250 1.000000
vt 0.281250 0.500000
vt 0.250000 1.000000
vt 0.250000 0.500000
vt 0.218750 1.000000
vt 0.218750 0.500000
vt 0.187500 1.000000
vt 0.187500 0.500000
vt 0.156250 1.000000
vt 0.156250 0.500000
vt 0.125000 1.000000
vt 0.125000 0.500000
vt 0.093750 1.000000
vt 0.093750 0.500000
vt 0.062500 1.000000
vt 0.062500 0.500000
vt 0.296822 0.485388
vt 0.250000 0.490000
vt 0.203178 0.485388
vt 0.158156 0.471731
vt 0.116663 0.449553
vt 0.080294 0.419706
vt 0.050447 0.383337
vt 0.028269 0.341844
vt 0.014612 0.296822
vt 0.010000 0.250000
vt 0.014612 0.203178
vt 0.028269 0.158156
vt 0.050447 0.116663
vt 0.080294 0.080294
vt 0.116663 0.050447
vt 0.158156 0.028269
vt 0.203178 0.014612
vt 0.250000 0.010000
vt 0.296822 0.014612
vt 0.341844 0.028269
vt 0.383337 0.050447
vt 0.419706 0.080294
vt 0.449553 0.116663
vt 0.471731 0.158156
vt 0.485388 0.203178
vt 0.490000 0.250000
vt 0.485388 0.296822
vt 0.471731 0.341844
vt 0.449553 0.383337
vt 0.419706 0.419706
vt 0.383337 0.449553
vt 0.341844 0.471731
vt 0.031250 1.000000
vt 0.031250 0.500000
vt 0.000000 1.000000
vt 0.000000 0.500000
vt 0.750000 0.490000
vt 0.796822 0.485388
vt 0.841844 0.471731
vt 0.883337 0.449553
vt 0.919706 0.419706
vt 0.949553 0.383337
vt 0.971731 0.341844
vt 0.985388 0.296822
vt 0.990000 0.250000
vt 0.985388 0.203178
vt 0.971731 0.158156
vt 0.949553 0.116663
vt 0.919706 0.080294
vt 0.883337 0.050447
vt 0.841844 0.028269
vt 0.796822 0.014612
vt 0.750000 0.010000
vt 0.703178 0.014612
vt 0.658156 0.028269
vt 0.616663 0.050447
vt 0.580294 0.080294
vt 0.550447 0.116663
vt 0.528269 0.158156
vt 0.514612 0.203178
vt 0.510000 0.250000
vt 0.514612 0.296822
vt 0.528269 0.341844
vt 0.550447 0.383337
vt 0.580294 0.419706
vt 0.616663 0.449553
vt 0.658156 0.471731
vt 0.703178 0.485388
s 1
f 4577/4501/2777 4578/4502/2777 4580/4503/2777 4579/4504/2777
f 4579/4504/2778 4580/4503/2778 4582/4505/2778 4581/4506/2778
f 4581/4506/2779 4582/4505/2779 4584/4507/2779 4583/4508/2779
f 4583/4508/2780 4584/4507/2780 4586/4509/2780 4585/4510/2780
f 4585/4510/2781 4586/4509/2781 4588/4511/2781 4587/4512/2781
f 4587/4512/2782 4588/4511/2782 4590/4513/2782 4589/4514/2782
f 4589/4514/2783 4590/4513/2783 4592/4515/2783 4591/4516/2783
f 4591/4516/2784 4592/4515/2784 4594/4517/2784 4593/4518/2784
f 4593/4518/2785 4594/4517/2785 4596/4519/2785 4595/4520/2785
f 4595/4520/2786 4596/4519/2786 4598/4521/2786 4597/4522/2786
f 4597/4522/2787 4598/4521/2787 4600/4523/2787 4599/4524/2787
f 4599/4524/2788 4600/4523/2788 4602/4525/2788 4601/4526/2788
f 4601/4526/2789 4602/4525/2789 4604/4527/2789 4603/4528/2789
f 4603/4528/2790 4604/4527/2790 4606/4529/2790 4605/4530/2790
f 4605/4530/2791 4606/4529/2791 4608/4531/2791 4607/4532/2791
f 4607/4532/2792 4608/4531/2792 4610/4533/2792 4609/4534/2792
f 4609/4534/2793 4610/4533/2793 4612/4535/2793 4611/4536/2793
f 4611/4536/2794 4612/4535/2794 4614/4537/2794 4613/4538/2794
f 4613/4538/2795 4614/4537/2795 4616/4539/2795 4615/4540/2795
f 4615/4540/2796 4616/4539/2796 4618/4541/2796 4617/4542/2796
f 4617/4542/2797 4618/4541/2797 4620/4543/2797 4619/4544/2797
f 4619/4544/2798 4620/4543/2798 4622/4545/2798 4621/4546/2798
f 4621/4546/2799 4622/4545/2799 4624/4547/2799 4623/4548/2799
f 4623/4548/2800 4624/4547/2800 4626/4549/2800 4625/4550/2800
f 4625/4550/2801 4626/4549/2801 4628/4551/2801 4627/4552/2801
f 4627/4552/2802 4628/4551/2802 4630/4553/2802 4629/4554/2802
f 4629/4554/2803 4630/4553/2803 4632/4555/2803 4631/4556/2803
f 4631/4556/2804 4632/4555/2804 4634/4557/2804 4633/4558/2804
f 4633/4558/2805 4634/4557/2805 4636/4559/2805 4635/4560/2805
f 4635/4560/2806 4636/4559/2806 4638/4561/2806 4637/4562/2806
f 4580/4563/2807 4578/4564/2807 4640/4565/2807 4638/4566/2807 4636/4567/2807 4634/4568/2807 4632/4569/2807 4630/4570/2807 4628/4571/2807 4626/4572/2807 4624/4573/2807 4622/4574/2807 4620/4575/2807 4618/4576/2807 4616/4577/2807 4614/4578/2807 4612/4579/2807 4610/4580/2807 4608/4581/2807 4606/4582/2807 4604/4583/2807 4602/4584/2807 4600/4585/2807 4598/4586/2807 4596/4587/2807 4594/4588/2807 4592/4589/2807 4590/4590/2807 4588/4591/2807 4586/4592/2807 4584/4593/2807 4582/4594/2807
f 4637/4562/2808 4638/4561/2808 4640/4595/2808 4639/4596/2808
f 4639/4596/2809 4640/4595/2809 4578/4597/2809 4577/4598/2809
f 4577/4599/2810 4579/4600/2810 4581/4601/2810 4583/4602/2810 4585/4603/2810 4587/4604/2810 4589/4605/2810 4591/4606/2810 4593/4607/2810 4595/4608/2810 4597/4609/2810 4599/4610/2810 4601/4611/2810 4603/4612/2810 4605/4613/2810 4607/4614/2810 4609/4615/2810 4611/4616/2810 4613/4617/2810 4615/4618/2810 4617/4619/2810 4619/4620/2810 4621/4621/2810 4623/4622/2810 4625/4623/2810 4627/4624/2810 4629/4625/2810 4631/4626/2810 4633/4627/2810 4635/4628/2810 4637/4629/2810 4639/4630/2810
o Cylinder.035
v 0.579917 -0.115930 0.277777
v 0.579917 0.105647 0.277777
v 0.579154 -0.115930 0.279948
v 0.579154 0.105647 0.279948
v 0.577981 -0.115930 0.281928
v 0.577981 0.105647 0.281928
v 0.576445 -0.115930 0.283641
v 0.576445 0.105647 0.283641
v 0.574604 -0.115930 0.285022
v 0.574604 0.105647 0.285022
v 0.572529 -0.115930 0.286018
v 0.572529 0.105647 0.286018
v 0.570300 -0.115930 0.286589
v 0.570300 0.105647 0.286589
v 0.568002 -0.115930 0.286714
v 0.568002 0.105647 0.286714
v 0.565724 -0.115930 0.286389
v 0.565724 0.105647 0.286389
v 0.563553 -0.115930 0.285626
v 0.563553 0.105647 0.285626
v 0.561573 -0.115930 0.284453
v 0.561573 0.105647 0.284453
v 0.559859 -0.115930 0.282917
v 0.559859 0.105647 0.282917
v 0.558478 -0.115930 0.281076
v 0.558478 0.105647 0.281076
v 0.557483 -0.115930 0.279001
v 0.557483 0.105647 0.279001
v 0.556912 -0.115930 0.276772
v 0.556912 0.105647 0.276772
v 0.556786 -0.115930 0.274474
v 0.556786 0.105647 0.274474
v 0.557111 -0.115930 0.272196
v 0.557111 0.105647 0.272196
v 0.557875 -0.115930 0.270025
v 0.557875 0.105647 0.270025
v 0.559047 -0.115930 0.268044
v 0.559047 0.105647 0.268044
v 0.560583 -0.115930 0.266331
v 0.560583 0.105647 0.266331
v 0.562424 -0.115930 0.264950
v 0.562424 0.105647 0.264950
v 0.564499 -0.115930 0.263955
v 0.564499 0.105647 0.263955
v 0.566729 -0.115930 0.263383
v 0.566729 0.105647 0.263383
v 0.569027 -0.115930 0.263258
v 0.569027 0.105647 0.263258
v 0.571305 -0.115930 0.263583
v 0.571305 0.105647 0.263583
v 0.573476 -0.115930 0.264347
v 0.573476 0.105647 0.264347
v 0.575456 -0.115930 0.265519
v 0.575456 0.105647 0.265519
v 0.577170 -0.115930 0.267055
v 0.577170 0.105647 0.267055
v 0.578551 -0.115930 0.268896
v 0.578551 0.105647 0.268896
v 0.579546 -0.115930 0.270971
v 0.579546 0.105647 0.270971
v 0.580117 -0.115930 0.273200
v 0.580117 0.105647 0.273200
v 0.580243 -0.115930 0.275498
v 0.580243 0.105647 0.275498
vn 0.9433 -0.0000 0.3319
vn 0.8604 -0.0000 0.5097
vn 0.7445 -0.0000 0.6676
vn 0.6001 -0.0000 0.8000
vn 0.4327 -0.0000 0.9015
vn 0.2485 -0.0000 0.9686
vn 0.0543 -0.0000 0.9985
vn -0.1412 -0.0000 0.9900
vn -0.3316 -0.0000 0.9434
vn -0.5097 -0.0000 0.8604
vn -0.6674 -0.0000 0.7447
vn -0.7999 -0.0000 0.6001
vn -0.9017 -0.0000 0.4324
vn -0.9687 -0.0000 0.2482
vn -0.9985 -0.0000 0.0547
vn -0.9900 -0.0000 -0.1412
vn -0.9434 -0.0000 -0.3316
vn -0.8607 -0.0000 -0.5092
vn -0.7445 -0.0000 -0.6676
vn -0.6001 -0.0000 -0.8000
vn -0.4324 -0.0000 -0.9017
vn -0.2481 -0.0000 -0.9687
vn -0.0543 -0.0000 -0.9985
vn 0.1412 -0.0000 -0.9900
vn 0.3315 -0.0000 -0.9435
vn 0.5094 -0.0000 -0.8605
vn 0.6674 -0.0000 -0.7447
vn 0.8000 -0.0000 -0.6001
vn 0.9017 -0.0000 -0.4324
vn 0.9687 -0.0000 -0.2482
vn -0.0000 1.0000 -0.0000
vn 0.9985 -0.0000 -0.0547
vn 0.9899 -0.0000 0.1416
vn -0.0000 -1.0000 -0.0000
vt 1.000000 0.500000
vt 1.000000 1.000000
vt 0.968750 1.000000
vt 0.968750 0.500000
vt 0.937500 1.000000
vt 0.937500 0.500000
vt 0.906250 1.000000
vt 0.906250 0.500000
vt 0.875000 1.000000
vt 0.875000 0.500000
vt 0.843750 1.000000
vt 0.843750 0.500000
vt 0.812500 1.000000
vt 0.812500 0.500000
vt 0.781250 1.000000
vt 0.781250 0.500000
vt 0.750000 1.000000
vt 0.750000 0.500000
vt 0.718750 1.000000
vt 0.718750 0.500000
vt 0.687500 1.000000
vt 0.687500 0.500000
vt 0.656250 1.000000
vt 0.656250 0.500000
vt 0.625000 1.000000
vt 0.625000 0.500000
vt 0.593750 1.000000
vt 0.593750 0.500000
vt 0.562500 1.000000
vt 0.562500 0.500000
vt 0.531250 1.000000
vt 0.531250 0.500000
vt 0.500000 1.000000
vt 0.500000 0.500000
vt 0.468750 1.000000
vt 0.468750 0.500000
vt 0.437500 1.000000
vt 0.437500 0.500000
vt 0.406250 1.000000
vt 0.406250 0.500000
vt 0.375000 1.000000
vt 0.375000 0.500000
vt 0.343750 1.000000
vt 0.343750 0.500000
vt 0.312500 1.000000
vt 0.312500 0.500000
vt 0.281250 1.000000
vt 0.281250 0.500000
vt 0.250000 1.000000
vt 0.250000 0.500000
vt 0.218750 1.000000
vt 0.218750 0.500000
vt 0.187500 1.000000
vt 0.187500 0.500000
vt 0.156250 1.000000
vt 0.156250 0.500000
vt 0.125000 1.000000
vt 0.125000 0.500000
vt 0.093750 1.000000
vt 0.093750 0.500000
vt 0.062500 1.000000
vt 0.062500 0.500000
vt 0.296822 0.485388
vt 0.250000 0.490000
vt 0.203178 0.485388
vt 0.158156 0.471731
vt 0.116663 0.449553
vt 0.080294 0.419706
vt 0.050447 0.383337
vt 0.028269 0.341844
vt 0.014612 0.296822
vt 0.010000 0.250000
vt 0.014612 0.203178
vt 0.028269 0.158156
vt 0.050447 0.116663
vt 0.080294 0.080294
vt 0.116663 0.050447
vt 0.158156 0.028269
vt 0.203178 0.014612
vt 0.250000 0.010000
vt 0.296822 0.014612
vt 0.341844 0.028269
vt 0.383337 0.050447
vt 0.419706 0.080294
vt 0.449553 0.116663
vt 0.471731 0.158156
vt 0.485388 0.203178
vt 0.490000 0.250000
vt 0.485388 0.296822
vt 0.471731 0.341844
vt 0.449553 0.383337
vt 0.419706 0.419706
vt 0.383337 0.449553
vt 0.341844 0.471731
vt 0.031250 1.000000
vt 0.031250 0.500000
vt 0.000000 1.000000
vt 0.000000 0.500000
vt 0.750000 0.490000
vt 0.796822 0.485388
vt 0.841844 0.471731
vt 0.883337 0.449553
vt 0.919706 0.419706
vt 0.949553 0.383337
vt 0.971731 0.341844
vt 0.985388 0.296822
vt 0.990000 0.250000
vt 0.985388 0.203178
vt 0.971731 0.158156
vt 0.949553 0.116663
vt 0.919706 0.080294
vt 0.883337 0.050447
vt 0.841844 0.028269
vt 0.796822 0.014612
vt 0.750000 0.010000
vt 0.703178 0.014612
vt 0.658156 0.028269
vt 0.616663 0.050447
vt 0.580294 0.080294
vt 0.550447 0.116663
vt 0.528269 0.158156
vt 0.514612 0.203178
vt 0.510000 0.250000
vt 0.514612 0.296822
vt 0.528269 0.341844
vt 0.550447 0.383337
vt 0.580294 0.419706
vt 0.616663 0.449553
vt 0.658156 0.471731
vt 0.703178 0.485388
s 1
f 4641/4631/2811 4642/4632/2811 4644/4633/2811 4643/4634/2811
f 4643/4634/2812 4644/4633/2812 4646/4635/2812 4645/4636/2812
f 4645/4636/2813 4646/4635/2813 4648/4637/2813 4647/4638/2813
f 4647/4638/2814 4648/4637/2814 4650/4639/2814 4649/4640/2814
f 4649/4640/2815 4650/4639/2815 4652/4641/2815 4651/4642/2815
f 4651/4642/2816 4652/4641/2816 4654/4643/2816 4653/4644/2816
f 4653/4644/2817 4654/4643/2817 4656/4645/2817 4655/4646/2817
f 4655/4646/2818 4656/4645/2818 4658/4647/2818 4657/4648/2818
f 4657/4648/2819 4658/4647/2819 4660/4649/2819 4659/4650/2819
f 4659/4650/2820 4660/4649/2820 4662/4651/2820 4661/4652/2820
f 4661/4652/2821 4662/4651/2821 4664/4653/2821 4663/4654/2821
f 4663/4654/2822 4664/4653/2822 4666/4655/2822 4665/4656/2822
f 4665/4656/2823 4666/4655/2823 4668/4657/2823 4667/4658/2823
f 4667/4658/2824 4668/4657/2824 4670/4659/2824 4669/4660/2824
f 4669/4660/2825 4670/4659/2825 4672/4661/2825 4671/4662/2825
f 4671/4662/2826 4672/4661/2826 4674/4663/2826 4673/4664/2826
f 4673/4664/2827 4674/4663/2827 4676/4665/2827 4675/4666/2827
f 4675/4666/2828 4676/4665/2828 4678/4667/2828 4677/4668/2828
f 4677/4668/2829 4678/4667/2829 4680/4669/2829 4679/4670/2829
f 4679/4670/2830 4680/4669/2830 4682/4671/2830 4681/4672/2830
f 4681/4672/2831 4682/4671/2831 4684/4673/2831 4683/4674/2831
f 4683/4674/2832 4684/4673/2832 4686/4675/2832 4685/4676/2832
f 4685/4676/2833 4686/4675/2833 4688/4677/2833 4687/4678/2833
f 4687/4678/2834 4688/4677/2834 4690/4679/2834 4689/4680/2834
f 4689/4680/2835 4690/4679/2835 4692/4681/2835 4691/4682/2835
f 4691/4682/2836 4692/4681/2836 4694/4683/2836 4693/4684/2836
f 4693/4684/2837 4694/4683/2837 4696/4685/2837 4695/4686/2837
f 4695/4686/2838 4696/4685/2838 4698/4687/2838 4697/4688/2838
f 4697/4688/2839 4698/4687/2839 4700/4689/2839 4699/4690/2839
f 4699/4690/2840 4700/4689/2840 4702/4691/2840 4701/4692/2840
f 4644/4693/2841 4642/4694/2841 4704/4695/2841 4702/4696/2841 4700/4697/2841 4698/4698/2841 4696/4699/2841 4694/4700/2841 4692/4701/2841 4690/4702/2841 4688/4703/2841 4686/4704/2841 4684/4705/2841 4682/4706/2841 4680/4707/2841 4678/4708/2841 4676/4709/2841 4674/4710/2841 4672/4711/2841 4670/4712/2841 4668/4713/2841 4666/4714/2841 4664/4715/2841 4662/4716/2841 4660/4717/2841 4658/4718/2841 4656/4719/2841 4654/4720/2841 4652/4721/2841 4650/4722/2841 4648/4723/2841 4646/4724/2841
f 4701/4692/2842 4702/4691/2842 4704/4725/2842 4703/4726/2842
f 4703/4726/2843 4704/4725/2843 4642/4727/2843 4641/4728/2843
f 4641/4729/2844 4643/4730/2844 4645/4731/2844 4647/4732/2844 4649/4733/2844 4651/4734/2844 4653/4735/2844 4655/4736/2844 4657/4737/2844 4659/4738/2844 4661/4739/2844 4663/4740/2844 4665/4741/2844 4667/4742/2844 4669/4743/2844 4671/4744/2844 4673/4745/2844 4675/4746/2844 4677/4747/2844 4679/4748/2844 4681/4749/2844 4683/4750/2844 4685/4751/2844 4687/4752/2844 4689/4753/2844 4691/4754/2844 4693/4755/2844 4695/4756/2844 4697/4757/2844 4699/4758/2844 4701/4759/2844 4703/4760/2844
o Cylinder.036
v 0.468349 -0.115930 -0.772515
v 0.468349 0.105647 -0.772515
v 0.466499 -0.115930 -0.773883
v 0.466499 0.105647 -0.773883
v 0.464950 -0.115930 -0.775586
v 0.464950 0.105647 -0.775586
v 0.463764 -0.115930 -0.777557
v 0.463764 0.105647 -0.777557
v 0.462985 -0.115930 -0.779723
v 0.462985 0.105647 -0.779723
v 0.462643 -0.115930 -0.781999
v 0.462643 0.105647 -0.781999
v 0.462752 -0.115930 -0.784298
v 0.462752 0.105647 -0.784298
v 0.463307 -0.115930 -0.786531
v 0.463307 0.105647 -0.786531
v 0.464287 -0.115930 -0.788613
v 0.464287 0.105647 -0.788613
v 0.465655 -0.115930 -0.790464
v 0.465655 0.105647 -0.790464
v 0.467357 -0.115930 -0.792012
v 0.467357 0.105647 -0.792012
v 0.469329 -0.115930 -0.793199
v 0.469329 0.105647 -0.793199
v 0.471495 -0.115930 -0.793978
v 0.471495 0.105647 -0.793978
v 0.473771 -0.115930 -0.794320
v 0.473771 0.105647 -0.794320
v 0.476069 -0.115930 -0.794211
v 0.476069 0.105647 -0.794211
v 0.478303 -0.115930 -0.793655
v 0.478303 0.105647 -0.793655
v 0.480385 -0.115930 -0.792675
v 0.480385 0.105647 -0.792675
v 0.482236 -0.115930 -0.791307
v 0.482236 0.105647 -0.791307
v 0.483784 -0.115930 -0.789605
v 0.483784 0.105647 -0.789605
v 0.484971 -0.115930 -0.787633
v 0.484971 0.105647 -0.787633
v 0.485750 -0.115930 -0.785468
v 0.485750 0.105647 -0.785468
v 0.486091 -0.115930 -0.783192
v 0.486091 0.105647 -0.783192
v 0.485983 -0.115930 -0.780893
v 0.485983 0.105647 -0.780893
v 0.485427 -0.115930 -0.778660
v 0.485427 0.105647 -0.778660
v 0.484447 -0.115930 -0.776578
v 0.484447 0.105647 -0.776578
v 0.483079 -0.115930 -0.774727
v 0.483079 0.105647 -0.774727
v 0.481377 -0.115930 -0.773178
v 0.481377 0.105647 -0.773178
v 0.479405 -0.115930 -0.771992
v 0.479405 0.105647 -0.771992
v 0.477240 -0.115930 -0.771213
v 0.477240 0.105647 -0.771213
v 0.474964 -0.115930 -0.770871
v 0.474964 0.105647 -0.770871
v 0.472665 -0.115930 -0.770980
v 0.472665 0.105647 -0.770980
v 0.470432 -0.115930 -0.771535
v 0.470432 0.105647 -0.771535
vn -0.5942 -0.0000 0.8043
vn -0.7398 -0.0000 0.6729
vn -0.8568 -0.0000 0.5156
vn -0.9410 -0.0000 0.3384
vn -0.9889 -0.0000 0.1486
vn -0.9989 -0.0000 -0.0474
vn -0.9705 -0.0000 -0.2412
vn -0.9046 -0.0000 -0.4262
vn -0.8042 -0.0000 -0.5944
vn -0.6728 -0.0000 -0.7398
vn -0.5154 -0.0000 -0.8569
vn -0.3384 -0.0000 -0.9410
vn -0.1486 -0.0000 -0.9889
vn 0.0474 -0.0000 -0.9989
vn 0.2415 -0.0000 -0.9704
vn 0.4259 -0.0000 -0.9048
vn 0.5944 -0.0000 -0.8042
vn 0.7398 -0.0000 -0.6728
vn 0.8568 -0.0000 -0.5157
vn 0.9409 -0.0000 -0.3386
vn 0.9889 -0.0000 -0.1486
vn 0.9989 -0.0000 0.0473
vn 0.9705 -0.0000 0.2413
vn 0.9048 -0.0000 0.4259
vn 0.8042 -0.0000 0.5944
vn 0.6731 -0.0000 0.7396
vn 0.5154 -0.0000 0.8570
vn 0.3386 -0.0000 0.9409
vn 0.1486 -0.0000 0.9889
vn -0.0474 -0.0000 0.9989
vn -0.0000 1.0000 -0.0000
vn -0.2412 -0.0000 0.9705
vn -0.4257 -0.0000 0.9049
vn -0.0000 -1.0000 -0.0000
vt 1.000000 0.500000
vt 1.000000 1.000000
vt 0.968750 1.000000
vt 0.968750 0.500000
vt 0.937500 1.000000
vt 0.937500 0.500000
vt 0.906250 1.000000
vt 0.906250 0.500000
vt 0.875000 1.000000
vt 0.875000 0.500000
vt 0.843750 1.000000
vt 0.843750 0.500000
vt 0.812500 1.000000
vt 0.812500 0.500000
vt 0.781250 1.000000
vt 0.781250 0.500000
vt 0.750000 1.000000
vt 0.750000 0.500000
vt 0.718750 1.000000
vt 0.718750 0.500000
vt 0.687500 1.000000
vt 0.687500 0.500000
vt 0.656250 1.000000
vt 0.656250 0.500000
vt 0.625000 1.000000
vt 0.625000 0.500000
vt 0.593750 1.000000
vt 0.593750 0.500000
vt 0.562500 1.000000
vt 0.562500 0.500000
vt 0.531250 1.000000
vt 0.531250 0.500000
vt 0.500000 1.000000
vt 0.500000 0.500000
vt 0.468750 1.000000
vt 0.468750 0.500000
vt 0.437500 1.000000
vt 0.437500 0.500000
vt 0.406250 1.000000
vt 0.406250 0.500000
vt 0.375000 1.000000
vt 0.375000 0.500000
vt 0.343750 1.000000
vt 0.343750 0.500000
vt 0.312500 1.000000
vt 0.312500 0.500000
vt 0.281250 1.000000
vt 0.281250 0.500000
vt 0.250000 1.000000
vt 0.250000 0.500000
vt 0.218750 1.000000
vt 0.218750 0.500000
vt 0.187500 1.000000
vt 0.187500 0.500000
vt 0.156250 1.000000
vt 0.156250 0.500000
vt 0.125000 1.000000
vt 0.125000 0.500000
vt 0.093750 1.000000
vt 0.093750 0.500000
vt 0.062500 1.000000
vt 0.062500 0.500000
vt 0.296822 0.485388
vt 0.250000 0.490000
vt 0.203178 0.485388
vt 0.158156 0.471731
vt 0.116663 0.449553
vt 0.080294 0.419706
vt 0.050447 0.383337
vt 0.028269 0.341844
vt 0.014612 0.296822
vt 0.010000 0.250000
vt 0.014612 0.203178
vt 0.028269 0.158156
vt 0.050447 0.116663
vt 0.080294 0.080294
vt 0.116663 0.050447
vt 0.158156 0.028269
vt 0.203178 0.014612
vt 0.250000 0.010000
vt 0.296822 0.014612
vt 0.341844 0.028269
vt 0.383337 0.050447
vt 0.419706 0.080294
vt 0.449553 0.116663
vt 0.471731 0.158156
vt 0.485388 0.203178
vt 0.490000 0.250000
vt 0.485388 0.296822
vt 0.471731 0.341844
vt 0.449553 0.383337
vt 0.419706 0.419706
vt 0.383337 0.449553
vt 0.341844 0.471731
vt 0.031250 1.000000
vt 0.031250 0.500000
vt 0.000000 1.000000
vt 0.000000 0.500000
vt 0.750000 0.490000
vt 0.796822 0.485388
vt 0.841844 0.471731
vt 0.883337 0.449553
vt 0.919706 0.419706
vt 0.949553 0.383337
vt 0.971731 0.341844
vt 0.985388 0.296822
vt 0.990000 0.250000
vt 0.985388 0.203178
vt 0.971731 0.158156
vt 0.949553 0.116663
vt 0.919706 0.080294
vt 0.883337 0.050447
vt 0.841844 0.028269
vt 0.796822 0.014612
vt 0.750000 0.010000
vt 0.703178 0.014612
vt 0.658156 0.028269
vt 0.616663 0.050447
vt 0.580294 0.080294
vt 0.550447 0.116663
vt 0.528269 0.158156
vt 0.514612 0.203178
vt 0.510000 0.250000
vt 0.514612 0.296822
vt 0.528269 0.341844
vt 0.550447 0.383337
vt 0.580294 0.419706
vt 0.616663 0.449553
vt 0.658156 0.471731
vt 0.703178 0.485388
s 1
f 4705/4761/2845 4706/4762/2845 4708/4763/2845 4707/4764/2845
f 4707/4764/2846 4708/4763/2846 4710/4765/2846 4709/4766/2846
f 4709/4766/2847 4710/4765/2847 4712/4767/2847 4711/4768/2847
f 4711/4768/2848 4712/4767/2848 4714/4769/2848 4713/4770/2848
f 4713/4770/2849 4714/4769/2849 4716/4771/2849 4715/4772/2849
f 4715/4772/2850 4716/4771/2850 4718/4773/2850 4717/4774/2850
f 4717/4774/2851 4718/4773/2851 4720/4775/2851 4719/4776/2851
f 4719/4776/2852 4720/4775/2852 4722/4777/2852 4721/4778/2852
f 4721/4778/2853 4722/4777/2853 4724/4779/2853 4723/4780/2853
f 4723/4780/2854 4724/4779/2854 4726/4781/2854 4725/4782/2854
f 4725/4782/2855 4726/4781/2855 4728/4783/2855 4727/4784/2855
f 4727/4784/2856 4728/4783/2856 4730/4785/2856 4729/4786/2856
f 4729/4786/2857 4730/4785/2857 4732/4787/2857 4731/4788/2857
f 4731/4788/2858 4732/4787/2858 4734/4789/2858 4733/4790/2858
f 4733/4790/2859 4734/4789/2859 4736/4791/2859 4735/4792/2859
f 4735/4792/2860 4736/4791/2860 4738/4793/2860 4737/4794/2860
f 4737/4794/2861 4738/4793/2861 4740/4795/2861 4739/4796/2861
f 4739/4796/2862 4740/4795/2862 4742/4797/2862 4741/4798/2862
f 4741/4798/2863 4742/4797/2863 4744/4799/2863 4743/4800/2863
f 4743/4800/2864 4744/4799/2864 4746/4801/2864 4745/4802/2864
f 4745/4802/2865 4746/4801/2865 4748/4803/2865 4747/4804/2865
f 4747/4804/2866 4748/4803/2866 4750/4805/2866 4749/4806/2866
f 4749/4806/2867 4750/4805/2867 4752/4807/2867 4751/4808/2867
f 4751/4808/2868 4752/4807/2868 4754/4809/2868 4753/4810/2868
f 4753/4810/2869 4754/4809/2869 4756/4811/2869 4755/4812/2869
f 4755/4812/2870 4756/4811/2870 4758/4813/2870 4757/4814/2870
f 4757/4814/2871 4758/4813/2871 4760/4815/2871 4759/4816/2871
f 4759/4816/2872 4760/4815/2872 4762/4817/2872 4761/4818/2872
f 4761/4818/2873 4762/4817/2873 4764/4819/2873 4763/4820/2873
f 4763/4820/2874 4764/4819/2874 4766/4821/2874 4765/4822/2874
f 4708/4823/2875 4706/4824/2875 4768/4825/2875 4766/4826/2875 4764/4827/2875 4762/4828/2875 4760/4829/2875 4758/4830/2875 4756/4831/2875 4754/4832/2875 4752/4833/2875 4750/4834/2875 4748/4835/2875 4746/4836/2875 4744/4837/2875 4742/4838/2875 4740/4839/2875 4738/4840/2875 4736/4841/2875 4734/4842/2875 4732/4843/2875 4730/4844/2875 4728/4845/2875 4726/4846/2875 4724/4847/2875 4722/4848/2875 4720/4849/2875 4718/4850/2875 4716/4851/2875 4714/4852/2875 4712/4853/2875 4710/4854/2875
f 4765/4822/2876 4766/4821/2876 4768/4855/2876 4767/4856/2876
f 4767/4856/2877 4768/4855/2877 4706/4857/2877 4705/4858/2877
f 4705/4859/2878 4707/4860/2878 4709/4861/2878 4711/4862/2878 4713/4863/2878 4715/4864/2878 4717/4865/2878 4719/4866/2878 4721/4867/2878 4723/4868/2878 4725/4869/2878 4727/4870/2878 4729/4871/2878 4731/4872/2878 4733/4873/2878 4735/4874/2878 4737/4875/2878 4739/4876/2878 4741/4877/2878 4743/4878/2878 4745/4879/2878 4747/4880/2878 4749/4881/2878 4751/4882/2878 4753/4883/2878 4755/4884/2878 4757/4885/2878 4759/4886/2878 4761/4887/2878 4763/4888/2878 4765/4889/2878 4767/4890/2878
o Cylinder.037
v 0.515511 -0.115930 -0.851513
v 0.515511 0.105647 -0.851513
v 0.513660 -0.115930 -0.852881
v 0.513660 0.105647 -0.852881
v 0.512112 -0.115930 -0.854583
v 0.512112 0.105647 -0.854583
v 0.510925 -0.115930 -0.856555
v 0.510925 0.105647 -0.856555
v 0.510146 -0.115930 -0.858720
v 0.510146 0.105647 -0.858720
v 0.509804 -0.115930 -0.860996
v 0.509804 0.105647 -0.860996
v 0.509913 -0.115930 -0.863295
v 0.509913 0.105647 -0.863295
v 0.510469 -0.115930 -0.865528
v 0.510469 0.105647 -0.865528
v 0.511449 -0.115930 -0.867610
v 0.511449 0.105647 -0.867610
v 0.512817 -0.115930 -0.869461
v 0.512817 0.105647 -0.869461
v 0.514519 -0.115930 -0.871010
v 0.514519 0.105647 -0.871010
v 0.516491 -0.115930 -0.872196
v 0.516491 0.105647 -0.872196
v 0.518656 -0.115930 -0.872975
v 0.518656 0.105647 -0.872975
v 0.520932 -0.115930 -0.873317
v 0.520932 0.105647 -0.873317
v 0.523231 -0.115930 -0.873208
v 0.523231 0.105647 -0.873208
v 0.525464 -0.115930 -0.872653
v 0.525464 0.105647 -0.872653
v 0.527546 -0.115930 -0.871672
v 0.527546 0.105647 -0.871672
v 0.529397 -0.115930 -0.870305
v 0.529397 0.105647 -0.870305
v 0.530946 -0.115930 -0.868602
v 0.530946 0.105647 -0.868602
v 0.532132 -0.115930 -0.866630
v 0.532132 0.105647 -0.866630
v 0.532911 -0.115930 -0.864465
v 0.532911 0.105647 -0.864465
v 0.533253 -0.115930 -0.862189
v 0.533253 0.105647 -0.862189
v 0.533144 -0.115930 -0.859890
v 0.533144 0.105647 -0.859890
v 0.532589 -0.115930 -0.857657
v 0.532589 0.105647 -0.857657
v 0.531608 -0.115930 -0.855575
v 0.531608 0.105647 -0.855575
v 0.530241 -0.115930 -0.853724
v 0.530241 0.105647 -0.853724
v 0.528538 -0.115930 -0.852176
v 0.528538 0.105647 -0.852176
v 0.526566 -0.115930 -0.850989
v 0.526566 0.105647 -0.850989
v 0.524401 -0.115930 -0.850210
v 0.524401 0.105647 -0.850210
v 0.522125 -0.115930 -0.849868
v 0.522125 0.105647 -0.849868
v 0.519826 -0.115930 -0.849977
v 0.519826 0.105647 -0.849977
v 0.517593 -0.115930 -0.850533
v 0.517593 0.105647 -0.850533
vn -0.5944 -0.0000 0.8042
vn -0.7398 -0.0000 0.6728
vn -0.8569 -0.0000 0.5154
vn -0.9409 -0.0000 0.3385
vn -0.9889 -0.0000 0.1483
vn -0.9989 -0.0000 -0.0474
vn -0.9704 -0.0000 -0.2416
vn -0.9046 -0.0000 -0.4263
vn -0.8042 -0.0000 -0.5944
vn -0.6731 -0.0000 -0.7396
vn -0.5154 -0.0000 -0.8570
vn -0.3385 -0.0000 -0.9409
vn -0.1486 -0.0000 -0.9889
vn 0.0474 -0.0000 -0.9989
vn 0.2412 -0.0000 -0.9705
vn 0.4263 -0.0000 -0.9046
vn 0.5944 -0.0000 -0.8041
vn 0.7398 -0.0000 -0.6729
vn 0.8569 -0.0000 -0.5154
vn 0.9409 -0.0000 -0.3385
vn 0.9889 -0.0000 -0.1483
vn 0.9989 -0.0000 0.0474
vn 0.9705 -0.0000 0.2412
vn 0.9046 -0.0000 0.4262
vn 0.8042 -0.0000 0.5943
vn 0.6730 -0.0000 0.7397
vn 0.5157 -0.0000 0.8568
vn 0.3385 -0.0000 0.9409
vn 0.1486 -0.0000 0.9889
vn -0.0474 -0.0000 0.9989
vn -0.0000 1.0000 -0.0000
vn -0.2416 -0.0000 0.9704
vn -0.4262 -0.0000 0.9046
vn -0.0000 -1.0000 -0.0000
vt 1.000000 0.500000
vt 1.000000 1.000000
vt 0.968750 1.000000
vt 0.968750 0.500000
vt 0.937500 1.000000
vt 0.937500 0.500000
vt 0.906250 1.000000
vt 0.906250 0.500000
vt 0.875000 1.000000
vt 0.875000 0.500000
vt 0.843750 1.000000
vt 0.843750 0.500000
vt 0.812500 1.000000
vt 0.812500 0.500000
vt 0.781250 1.000000
vt 0.781250 0.500000
vt 0.750000 1.000000
vt 0.750000 0.500000
vt 0.718750 1.000000
vt 0.718750 0.500000
vt 0.687500 1.000000
vt 0.687500 0.500000
vt 0.656250 1.000000
vt 0.656250 0.500000
vt 0.625000 1.000000
vt 0.625000 0.500000
vt 0.593750 1.000000
vt 0.593750 0.500000
vt 0.562500 1.000000
vt 0.562500 0.500000
vt 0.531250 1.000000
vt 0.531250 0.500000
vt 0.500000 1.000000
vt 0.500000 0.500000
vt 0.468750 1.000000
vt 0.468750 0.500000
vt 0.437500 1.000000
vt 0.437500 0.500000
vt 0.406250 1.000000
vt 0.406250 0.500000
vt 0.375000 1.000000
vt 0.375000 0.500000
vt 0.343750 1.000000
vt 0.343750 0.500000
vt 0.312500 1.000000
vt 0.312500 0.500000
vt 0.281250 1.000000
vt 0.281250 0.500000
vt 0.250000 1.000000
vt 0.250000 0.500000
vt 0.218750 1.000000
vt 0.218750 0.500000
vt 0.187500 1.000000
vt 0.187500 0.500000
vt 0.156250 1.000000
vt 0.156250 0.500000
vt 0.125000 1.000000
vt 0.125000 0.500000
vt 0.093750 1.000000
vt 0.093750 0.500000
vt 0.062500 1.000000
vt 0.062500 0.500000
vt 0.296822 0.485388
vt 0.250000 0.490000
vt 0.203178 0.485388
vt 0.158156 0.471731
vt 0.116663 0.449553
vt 0.080294 0.419706
vt 0.050447 0.383337
vt 0.028269 0.341844
vt 0.014612 0.296822
vt 0.010000 0.250000
vt 0.014612 0.203178
vt 0.028269 0.158156
vt 0.050447 0.116663
vt 0.080294 0.080294
vt 0.116663 0.050447
vt 0.158156 0.028269
vt 0.203178 0.014612
vt 0.250000 0.010000
vt 0.296822 0.014612
vt 0.341844 0.028269
vt 0.383337 0.050447
vt 0.419706 0.080294
vt 0.449553 0.116663
vt 0.471731 0.158156
vt 0.485388 0.203178
vt 0.490000 0.250000
vt 0.485388 0.296822
vt 0.471731 0.341844
vt 0.449553 0.383337
vt 0.419706 0.419706
vt 0.383337 0.449553
vt 0.341844 0.471731
vt 0.031250 1.000000
vt 0.031250 0.500000
vt 0.000000 1.000000
vt 0.000000 0.500000
vt 0.750000 0.490000
vt 0.796822 0.485388
vt 0.841844 0.471731
vt 0.883337 0.449553
vt 0.919706 0.419706
vt 0.949553 0.383337
vt 0.971731 0.341844
vt 0.985388 0.296822
vt 0.990000 0.250000
vt 0.985388 0.203178
vt 0.971731 0.158156
vt 0.949553 0.116663
vt 0.919706 0.080294
vt 0.883337 0.050447
vt 0.841844 0.028269
vt 0.796822 0.014612
vt 0.750000 0.010000
vt 0.703178 0.014612
vt 0.658156 0.028269
vt 0.616663 0.050447
vt 0.580294 0.080294
vt 0.550447 0.116663
vt 0.528269 0.158156
vt 0.514612 0.203178
vt 0.510000 0.250000
vt 0.514612 0.296822
vt 0.528269 0.341844
vt 0.550447 0.383337
vt 0.580294 0.419706
vt 0.616663 0.449553
vt 0.658156 0.471731
vt 0.703178 0.485388
s 1
f 4769/4891/2879 4770/4892/2879 4772/4893/2879 4771/4894/2879
f 4771/4894/2880 4772/4893/2880 4774/4895/2880 4773/4896/2880
f 4773/4896/2881 4774/4895/2881 4776/4897/2881 4775/4898/2881
f 4775/4898/2882 4776/4897/2882 4778/4899/2882 4777/4900/2882
f 4777/4900/2883 4778/4899/2883 4780/4901/2883 4779/4902/2883
f 4779/4902/2884 4780/4901/2884 4782/4903/2884 4781/4904/2884
f 4781/4904/2885 4782/4903/2885 4784/4905/2885 4783/4906/2885
f 4783/4906/2886 4784/4905/2886 4786/4907/2886 4785/4908/2886
f 4785/4908/2887 4786/4907/2887 4788/4909/2887 4787/4910/2887
f 4787/4910/2888 4788/4909/2888 4790/4911/2888 4789/4912/2888
f 4789/4912/2889 4790/4911/2889 4792/4913/2889 4791/4914/2889
f 4791/4914/2890 4792/4913/2890 4794/4915/2890 4793/4916/2890
f 4793/4916/2891 4794/4915/2891 4796/4917/2891 4795/4918/2891
f 4795/4918/2892 4796/4917/2892 4798/4919/2892 4797/4920/2892
f 4797/4920/2893 4798/4919/2893 4800/4921/2893 4799/4922/2893
f 4799/4922/2894 4800/4921/2894 4802/4923/2894 4801/4924/2894
f 4801/4924/2895 4802/4923/2895 4804/4925/2895 4803/4926/2895
f 4803/4926/2896 4804/4925/2896 4806/4927/2896 4805/4928/2896
f 4805/4928/2897 4806/4927/2897 4808/4929/2897 4807/4930/2897
f 4807/4930/2898 4808/4929/2898 4810/4931/2898 4809/4932/2898
f 4809/4932/2899 4810/4931/2899 4812/4933/2899 4811/4934/2899
f 4811/4934/2900 4812/4933/2900 4814/4935/2900 4813/4936/2900
f 4813/4936/2901 4814/4935/2901 4816/4937/2901 4815/4938/2901
f 4815/4938/2902 4816/4937/2902 4818/4939/2902 4817/4940/2902
f 4817/4940/2903 4818/4939/2903 4820/4941/2903 4819/4942/2903
f 4819/4942/2904 4820/4941/2904 4822/4943/2904 4821/4944/2904
f 4821/4944/2905 4822/4943/2905 4824/4945/2905 4823/4946/2905
f 4823/4946/2906 4824/4945/2906 4826/4947/2906 4825/4948/2906
f 4825/4948/2907 4826/4947/2907 4828/4949/2907 4827/4950/2907
f 4827/4950/2908 4828/4949/2908 4830/4951/2908 4829/4952/2908
f 4772/4953/2909 4770/4954/2909 4832/4955/2909 4830/4956/2909 4828/4957/2909 4826/4958/2909 4824/4959/2909 4822/4960/2909 4820/4961/2909 4818/4962/2909 4816/4963/2909 4814/4964/2909 4812/4965/2909 4810/4966/2909 4808/4967/2909 4806/4968/2909 4804/4969/2909 4802/4970/2909 4800/4971/2909 4798/4972/2909 4796/4973/2909 4794/4974/2909 4792/4975/2909 4790/4976/2909 4788/4977/2909 4786/4978/2909 4784/4979/2909 4782/4980/2909 4780/4981/2909 4778/4982/2909 4776/4983/2909 4774/4984/2909
f 4829/4952/2910 4830/4951/2910 4832/4985/2910 4831/4986/2910
f 4831/4986/2911 4832/4985/2911 4770/4987/2911 4769/4988/2911
f 4769/4989/2912 4771/4990/2912 4773/4991/2912 4775/4992/2912 4777/4993/2912 4779/4994/2912 4781/4995/2912 4783/4996/2912 4785/4997/2912 4787/4998/2912 4789/4999/2912 4791/5000/2912 4793/5001/2912 4795/5002/2912 4797/5003/2912 4799/5004/2912 4801/5005/2912 4803/5006/2912 4805/5007/2912 4807/5008/2912 4809/5009/2912 4811/5010/2912 4813/5011/2912 4815/5012/2912 4817/5013/2912 4819/5014/2912 4821/5015/2912 4823/5016/2912 4825/5017/2912 4827/5018/2912 4829/5019/2912 4831/5020/2912
o Cylinder.038
v 0.560170 -0.115930 -0.926318
v 0.560170 0.105647 -0.926318
v 0.558319 -0.115930 -0.927685
v 0.558319 0.105647 -0.927685
v 0.556770 -0.115930 -0.929388
v 0.556770 0.105647 -0.929388
v 0.555584 -0.115930 -0.931360
v 0.555584 0.105647 -0.931360
v 0.554805 -0.115930 -0.933525
v 0.554805 0.105647 -0.933525
v 0.554463 -0.115930 -0.935801
v 0.554463 0.105647 -0.935801
v 0.554572 -0.115930 -0.938100
v 0.554572 0.105647 -0.938100
v 0.555127 -0.115930 -0.940333
v 0.555127 0.105647 -0.940333
v 0.556107 -0.115930 -0.942415
v 0.556107 0.105647 -0.942415
v 0.557475 -0.115930 -0.944266
v 0.557475 0.105647 -0.944266
v 0.559178 -0.115930 -0.945814
v 0.559178 0.105647 -0.945814
v 0.561149 -0.115930 -0.947001
v 0.561149 0.105647 -0.947001
v 0.563315 -0.115930 -0.947780
v 0.563315 0.105647 -0.947780
v 0.565591 -0.115930 -0.948122
v 0.565591 0.105647 -0.948122
v 0.567890 -0.115930 -0.948013
v 0.567890 0.105647 -0.948013
v 0.570123 -0.115930 -0.947458
v 0.570123 0.105647 -0.947458
v 0.572205 -0.115930 -0.946477
v 0.572205 0.105647 -0.946477
v 0.574056 -0.115930 -0.945110
v 0.574056 0.105647 -0.945110
v 0.575604 -0.115930 -0.943407
v 0.575604 0.105647 -0.943407
v 0.576791 -0.115930 -0.941435
v 0.576791 0.105647 -0.941435
v 0.577570 -0.115930 -0.939270
v 0.577570 0.105647 -0.939270
v 0.577912 -0.115930 -0.936994
v 0.577912 0.105647 -0.936994
v 0.577803 -0.115930 -0.934695
v 0.577803 0.105647 -0.934695
v 0.577247 -0.115930 -0.932462
v 0.577247 0.105647 -0.932462
v 0.576267 -0.115930 -0.930380
v 0.576267 0.105647 -0.930380
v 0.574899 -0.115930 -0.928529
v 0.574899 0.105647 -0.928529
v 0.573197 -0.115930 -0.926980
v 0.573197 0.105647 -0.926980
v 0.571225 -0.115930 -0.925794
v 0.571225 0.105647 -0.925794
v 0.569060 -0.115930 -0.925015
v 0.569060 0.105647 -0.925015
v 0.566784 -0.115930 -0.924673
v 0.566784 0.105647 -0.924673
v 0.564485 -0.115930 -0.924782
v 0.564485 0.105647 -0.924782
v 0.562252 -0.115930 -0.925337
v 0.562252 0.105647 -0.925337
vn -0.5945 -0.0000 0.8041
vn -0.7398 -0.0000 0.6729
vn -0.8570 -0.0000 0.5154
vn -0.9409 -0.0000 0.3386
vn -0.9889 -0.0000 0.1486
vn -0.9989 -0.0000 -0.0473
vn -0.9705 -0.0000 -0.2412
vn -0.9046 -0.0000 -0.4262
vn -0.8042 -0.0000 -0.5944
vn -0.6730 -0.0000 -0.7397
vn -0.5159 -0.0000 -0.8567
vn -0.3384 -0.0000 -0.9410
vn -0.1486 -0.0000 -0.9889
vn 0.0474 -0.0000 -0.9989
vn 0.2412 -0.0000 -0.9705
vn 0.4262 -0.0000 -0.9046
vn 0.5945 -0.0000 -0.8041
vn 0.7400 -0.0000 -0.6726
vn 0.8568 -0.0000 -0.5157
vn 0.9409 -0.0000 -0.3386
vn 0.9889 -0.0000 -0.1486
vn 0.9989 -0.0000 0.0473
vn 0.9704 -0.0000 0.2416
vn 0.9048 -0.0000 0.4259
vn 0.8042 -0.0000 0.5944
vn 0.6731 -0.0000 0.7396
vn 0.5154 -0.0000 0.8570
vn 0.3386 -0.0000 0.9409
vn 0.1486 -0.0000 0.9889
vn -0.0474 -0.0000 0.9989
vn -0.0000 1.0000 -0.0000
vn -0.2412 -0.0000 0.9705
vn -0.4262 -0.0000 0.9046
vn -0.0000 -1.0000 -0.0000
vt 1.000000 0.500000
vt 1.000000 1.000000
vt 0.968750 1.000000
vt 0.968750 0.500000
vt 0.937500 1.000000
vt 0.937500 0.500000
vt 0.906250 1.000000
vt 0.906250 0.500000
vt 0.875000 1.000000
vt 0.875000 0.500000
vt 0.843750 1.000000
vt 0.843750 0.500000
vt 0.812500 1.000000
vt 0.812500 0.500000
vt 0.781250 1.000000
vt 0.781250 0.500000
vt 0.750000 1.000000
vt 0.750000 0.500000
vt 0.718750 1.000000
vt 0.718750 0.500000
vt 0.687500 1.000000
vt 0.687500 0.500000
vt 0.656250 1.000000
vt 0.656250 0.500000
vt 0.625000 1.000000
vt 0.625000 0.500000
vt 0.593750 1.000000
vt 0.593750 0.500000
vt 0.562500 1.000000
vt 0.562500 0.500000
vt 0.531250 1.000000
vt 0.531250 0.500000
vt 0.500000 1.000000
vt 0.500000 0.500000
vt 0.468750 1.000000
vt 0.468750 0.500000
vt 0.437500 1.000000
vt 0.437500 0.500000
vt 0.406250 1.000000
vt 0.406250 0.500000
vt 0.375000 1.000000
vt 0.375000 0.500000
vt 0.343750 1.000000
vt 0.343750 0.500000
vt 0.312500 1.000000
vt 0.312500 0.500000
vt 0.281250 1.000000
vt 0.281250 0.500000
vt 0.250000 1.000000
vt 0.250000 0.500000
vt 0.218750 1.000000
vt 0.218750 0.500000
vt 0.187500 1.000000
vt 0.187500 0.500000
vt 0.156250 1.000000
vt 0.156250 0.500000
vt 0.125000 1.000000
vt 0.125000 0.500000
vt 0.093750 1.000000
vt 0.093750 0.500000
vt 0.062500 1.000000
vt 0.062500 0.500000
vt 0.296822 0.485388
vt 0.250000 0.490000
vt 0.203178 0.485388
vt 0.158156 0.471731
vt 0.116663 0.449553
vt 0.080294 0.419706
vt 0.050447 0.383337
vt 0.028269 0.341844
vt 0.014612 0.296822
vt 0.010000 0.250000
vt 0.014612 0.203178
vt 0.028269 0.158156
vt 0.050447 0.116663
vt 0.080294 0.080294
vt 0.116663 0.050447
vt 0.158156 0.028269
vt 0.203178 0.014612
vt 0.250000 0.010000
vt 0.296822 0.014612
vt 0.341844 0.028269
vt 0.383337 0.050447
vt 0.419706 0.080294
vt 0.449553 0.116663
vt 0.471731 0.158156
vt 0.485388 0.203178
vt 0.490000 0.250000
vt 0.485388 0.296822
vt 0.471731 0.341844
vt 0.449553 0.383337
vt 0.419706 0.419706
vt 0.383337 0.449553
vt 0.341844 0.471731
vt 0.031250 1.000000
vt 0.031250 0.500000
vt 0.000000 1.000000
vt 0.000000 0.500000
vt 0.750000 0.490000
vt 0.796822 0.485388
vt 0.841844 0.471731
vt 0.883337 0.449553
vt 0.919706 0.419706
vt 0.949553 0.383337
vt 0.971731 0.341844
vt 0.985388 0.296822
vt 0.990000 0.250000
vt 0.985388 0.203178
vt 0.971731 0.158156
vt 0.949553 0.116663
vt 0.919706 0.080294
vt 0.883337 0.050447
vt 0.841844 0.028269
vt 0.796822 0.014612
vt 0.750000 0.010000
vt 0.703178 0.014612
vt 0.658156 0.028269
vt 0.616663 0.050447
vt 0.580294 0.080294
vt 0.550447 0.116663
vt 0.528269 0.158156
vt 0.514612 0.203178
vt 0.510000 0.250000
vt 0.514612 0.296822
vt 0.528269 0.341844
vt 0.550447 0.383337
vt 0.580294 0.419706
vt 0.616663 0.449553
vt 0.658156 0.471731
vt 0.703178 0.485388
s 1
f 4833/5021/2913 4834/5022/2913 4836/5023/2913 4835/5024/2913
f 4835/5024/2914 4836/5023/2914 4838/5025/2914 4837/5026/2914
f 4837/5026/2915 4838/5025/2915 4840/5027/2915 4839/5028/2915
f 4839/5028/2916 4840/5027/2916 4842/5029/2916 4841/5030/2916
f 4841/5030/2917 4842/5029/2917 4844/5031/2917 4843/5032/2917
f 4843/5032/2918 4844/5031/2918 4846/5033/2918 4845/5034/2918
f 4845/5034/2919 4846/5033/2919 4848/5035/2919 4847/5036/2919
f 4847/5036/2920 4848/5035/2920 4850/5037/2920 4849/5038/2920
f 4849/5038/2921 4850/5037/2921 4852/5039/2921 4851/5040/2921
f 4851/5040/2922 4852/5039/2922 4854/5041/2922 4853/5042/2922
f 4853/5042/2923 4854/5041/2923 4856/5043/2923 4855/5044/2923
f 4855/5044/2924 4856/5043/2924 4858/5045/2924 4857/5046/2924
f 4857/5046/2925 4858/5045/2925 4860/5047/2925 4859/5048/2925
f 4859/5048/2926 4860/5047/2926 4862/5049/2926 4861/5050/2926
f 4861/5050/2927 4862/5049/2927 4864/5051/2927 4863/5052/2927
f 4863/5052/2928 4864/5051/2928 4866/5053/2928 4865/5054/2928
f 4865/5054/2929 4866/5053/2929 4868/5055/2929 4867/5056/2929
f 4867/5056/2930 4868/5055/2930 4870/5057/2930 4869/5058/2930
f 4869/5058/2931 4870/5057/2931 4872/5059/2931 4871/5060/2931
f 4871/5060/2932 4872/5059/2932 4874/5061/2932 4873/5062/2932
f 4873/5062/2933 4874/5061/2933 4876/5063/2933 4875/5064/2933
f 4875/5064/2934 4876/5063/2934 4878/5065/2934 4877/5066/2934
f 4877/5066/2935 4878/5065/2935 4880/5067/2935 4879/5068/2935
f 4879/5068/2936 4880/5067/2936 4882/5069/2936 4881/5070/2936
f 4881/5070/2937 4882/5069/2937 4884/5071/2937 4883/5072/2937
f 4883/5072/2938 4884/5071/2938 4886/5073/2938 4885/5074/2938
f 4885/5074/2939 4886/5073/2939 4888/5075/2939 4887/5076/2939
f 4887/5076/2940 4888/5075/2940 4890/5077/2940 4889/5078/2940
f 4889/5078/2941 4890/5077/2941 4892/5079/2941 4891/5080/2941
f 4891/5080/2942 4892/5079/2942 4894/5081/2942 4893/5082/2942
f 4836/5083/2943 4834/5084/2943 4896/5085/2943 4894/5086/2943 4892/5087/2943 4890/5088/2943 4888/5089/2943 4886/5090/2943 4884/5091/2943 4882/5092/2943 4880/5093/2943 4878/5094/2943 4876/5095/2943 4874/5096/2943 4872/5097/2943 4870/5098/2943 4868/5099/2943 4866/5100/2943 4864/5101/2943 4862/5102/2943 4860/5103/2943 4858/5104/2943 4856/5105/2943 4854/5106/2943 4852/5107/2943 4850/5108/2943 4848/5109/2943 4846/5110/2943 4844/5111/2943 4842/5112/2943 4840/5113/2943 4838/5114/2943
f 4893/5082/2944 4894/5081/2944 4896/5115/2944 4895/5116/2944
f 4895/5116/2945 4896/5115/2945 4834/5117/2945 4833/5118/2945
f 4833/5119/2946 4835/5120/2946 4837/5121/2946 4839/5122/2946 4841/5123/2946 4843/5124/2946 4845/5125/2946 4847/5126/2946 4849/5127/2946 4851/5128/2946 4853/5129/2946 4855/5130/2946 4857/5131/2946 4859/5132/2946 4861/5133/2946 4863/5134/2946 4865/5135/2946 4867/5136/2946 4869/5137/2946 4871/5138/2946 4873/5139/2946 4875/5140/2946 4877/5141/2946 4879/5142/2946 4881/5143/2946 4883/5144/2946 4885/5145/2946 4887/5146/2946 4889/5147/2946 4891/5148/2946 4893/5149/2946 4895/5150/2946
o Cylinder.039
v 0.624123 -0.115930 -1.018500
v 0.624123 0.105647 -1.018500
v 0.622272 -0.115930 -1.019868
v 0.622272 0.105647 -1.019868
v 0.620723 -0.115930 -1.021570
v 0.620723 0.105647 -1.021570
v 0.619537 -0.115930 -1.023542
v 0.619537 0.105647 -1.023542
v 0.618758 -0.115930 -1.025708
v 0.618758 0.105647 -1.025708
v 0.618416 -0.115930 -1.027984
v 0.618416 0.105647 -1.027984
v 0.618525 -0.115930 -1.030282
v 0.618525 0.105647 -1.030282
v 0.619080 -0.115930 -1.032516
v 0.619080 0.105647 -1.032516
v 0.620060 -0.115930 -1.034598
v 0.620060 0.105647 -1.034598
v 0.621428 -0.115930 -1.036449
v 0.621428 0.105647 -1.036449
v 0.623131 -0.115930 -1.037997
v 0.623131 0.105647 -1.037997
v 0.625102 -0.115930 -1.039184
v 0.625102 0.105647 -1.039184
v 0.627268 -0.115930 -1.039963
v 0.627268 0.105647 -1.039963
v 0.629544 -0.115930 -1.040304
v 0.629544 0.105647 -1.040304
v 0.631842 -0.115930 -1.040195
v 0.631842 0.105647 -1.040195
v 0.634076 -0.115930 -1.039640
v 0.634076 0.105647 -1.039640
v 0.636158 -0.115930 -1.038660
v 0.636158 0.105647 -1.038660
v 0.638009 -0.115930 -1.037292
v 0.638009 0.105647 -1.037292
v 0.639557 -0.115930 -1.035590
v 0.639557 0.105647 -1.035590
v 0.640744 -0.115930 -1.033618
v 0.640744 0.105647 -1.033618
v 0.641523 -0.115930 -1.031452
v 0.641523 0.105647 -1.031452
v 0.641864 -0.115930 -1.029177
v 0.641864 0.105647 -1.029177
v 0.641756 -0.115930 -1.026878
v 0.641756 0.105647 -1.026878
v 0.641200 -0.115930 -1.024644
v 0.641200 0.105647 -1.024644
v 0.640220 -0.115930 -1.022562
v 0.640220 0.105647 -1.022562
v 0.638852 -0.115930 -1.020712
v 0.638852 0.105647 -1.020712
v 0.637150 -0.115930 -1.019163
v 0.637150 0.105647 -1.019163
v 0.635178 -0.115930 -1.017977
v 0.635178 0.105647 -1.017977
v 0.633013 -0.115930 -1.017197
v 0.633013 0.105647 -1.017197
v 0.630737 -0.115930 -1.016856
v 0.630737 0.105647 -1.016856
v 0.628438 -0.115930 -1.016965
v 0.628438 0.105647 -1.016965
v 0.626205 -0.115930 -1.017520
v 0.626205 0.105647 -1.017520
vn -0.5944 -0.0000 0.8042
vn -0.7396 -0.0000 0.6731
vn -0.8570 -0.0000 0.5154
vn -0.9410 -0.0000 0.3384
vn -0.9889 -0.0000 0.1486
vn -0.9989 -0.0000 -0.0474
vn -0.9705 -0.0000 -0.2411
vn -0.9046 -0.0000 -0.4262
vn -0.8042 -0.0000 -0.5944
vn -0.6726 -0.0000 -0.7400
vn -0.5159 -0.0000 -0.8567
vn -0.3384 -0.0000 -0.9410
vn -0.1482 -0.0000 -0.9890
vn 0.0474 -0.0000 -0.9989
vn 0.2411 -0.0000 -0.9705
vn 0.4258 -0.0000 -0.9048
vn 0.5944 -0.0000 -0.8042
vn 0.7398 -0.0000 -0.6728
vn 0.8568 -0.0000 -0.5157
vn 0.9410 -0.0000 -0.3384
vn 0.9890 -0.0000 -0.1482
vn 0.9989 -0.0000 0.0469
vn 0.9704 -0.0000 0.2415
vn 0.9046 -0.0000 0.4262
vn 0.8043 -0.0000 0.5943
vn 0.6731 -0.0000 0.7396
vn 0.5154 -0.0000 0.8569
vn 0.3385 -0.0000 0.9410
vn 0.1487 -0.0000 0.9889
vn -0.0474 -0.0000 0.9989
vn -0.0000 1.0000 -0.0000
vn -0.2412 -0.0000 0.9705
vn -0.4262 -0.0000 0.9046
vn -0.0000 -1.0000 -0.0000
vt 1.000000 0.500000
vt 1.000000 1.000000
vt 0.968750 1.000000
vt 0.968750 0.500000
vt 0.937500 1.000000
vt 0.937500 0.500000
vt 0.906250 1.000000
vt 0.906250 0.500000
vt 0.875000 1.000000
vt 0.875000 0.500000
vt 0.843750 1.000000
vt 0.843750 0.500000
vt 0.812500 1.000000
vt 0.812500 0.500000
vt 0.781250 1.000000
vt 0.781250 0.500000
vt 0.750000 1.000000
vt 0.750000 0.500000
vt 0.718750 1.000000
vt 0.718750 0.500000
vt 0.687500 1.000000
vt 0.687500 0.500000
vt 0.656250 1.000000
vt 0.656250 0.500000
vt 0.625000 1.000000
vt 0.625000 0.500000
vt 0.593750 1.000000
vt 0.593750 0.500000
vt 0.562500 1.000000
vt 0.562500 0.500000
vt 0.531250 1.000000
vt 0.531250 0.500000
vt 0.500000 1.000000
vt 0.500000 0.500000
vt 0.468750 1.000000
vt 0.468750 0.500000
vt 0.437500 1.000000
vt 0.437500 0.500000
vt 0.406250 1.000000
vt 0.406250 0.500000
vt 0.375000 1.000000
vt 0.375000 0.500000
vt 0.343750 1.000000
vt 0.343750 0.500000
vt 0.312500 1.000000
vt 0.312500 0.500000
vt 0.281250 1.000000
vt 0.281250 0.500000
vt 0.250000 1.000000
vt 0.250000 0.500000
vt 0.218750 1.000000
vt 0.218750 0.500000
vt 0.187500 1.000000
vt 0.187500 0.500000
vt 0.156250 1.000000
vt 0.156250 0.500000
vt 0.125000 1.000000
vt 0.125000 0.500000
vt 0.093750 1.000000
vt 0.093750 0.500000
vt 0.062500 1.000000
vt 0.062500 0.500000
vt 0.296822 0.485388
vt 0.250000 0.490000
vt 0.203178 0.485388
vt 0.158156 0.471731
vt 0.116663 0.449553
vt 0.080294 0.419706
vt 0.050447 0.383337
vt 0.028269 0.341844
vt 0.014612 0.296822
vt 0.010000 0.250000
vt 0.014612 0.203178
vt 0.028269 0.158156
vt 0.050447 0.116663
vt 0.080294 0.080294
vt 0.116663 0.050447
vt 0.158156 0.028269
vt 0.203178 0.014612
vt 0.250000 0.010000
vt 0.296822 0.014612
vt 0.341844 0.028269
vt 0.383337 0.050447
vt 0.419706 0.080294
vt 0.449553 0.116663
vt 0.471731 0.158156
vt 0.485388 0.203178
vt 0.490000 0.250000
vt 0.485388 0.296822
vt 0.471731 0.341844
vt 0.449553 0.383337
vt 0.419706 0.419706
vt 0.383337 0.449553
vt 0.341844 0.471731
vt 0.031250 1.000000
vt 0.031250 0.500000
vt 0.000000 1.000000
vt 0.000000 0.500000
vt 0.750000 0.490000
vt 0.796822 0.485388
vt 0.841844 0.471731
vt 0.883337 0.449553
vt 0.919706 0.419706
vt 0.949553 0.383337
vt 0.971731 0.341844
vt 0.985388 0.296822
vt 0.990000 0.250000
vt 0.985388 0.203178
vt 0.971731 0.158156
vt 0.949553 0.116663
vt 0.919706 0.080294
vt 0.883337 0.050447
vt 0.841844 0.028269
vt 0.796822 0.014612
vt 0.750000 0.010000
vt 0.703178 0.014612
vt 0.658156 0.028269
vt 0.616663 0.050447
vt 0.580294 0.080294
vt 0.550447 0.116663
vt 0.528269 0.158156
vt 0.514612 0.203178
vt 0.510000 0.250000
vt 0.514612 0.296822
vt 0.528269 0.341844
vt 0.550447 0.383337
vt 0.580294 0.419706
vt 0.616663 0.449553
vt 0.658156 0.471731
vt 0.703178 0.485388
s 1
f 4897/5151/2947 4898/5152/2947 4900/5153/2947 4899/5154/2947
f 4899/5154/2948 4900/5153/2948 4902/5155/2948 4901/5156/2948
f 4901/5156/2949 4902/5155/2949 4904/5157/2949 4903/5158/2949
f 4903/5158/2950 4904/5157/2950 4906/5159/2950 4905/5160/2950
f 4905/5160/2951 4906/5159/2951 4908/5161/2951 4907/5162/2951
f 4907/5162/2952 4908/5161/2952 4910/5163/2952 4909/5164/2952
f 4909/5164/2953 4910/5163/2953 4912/5165/2953 4911/5166/2953
f 4911/5166/2954 4912/5165/2954 4914/5167/2954 4913/5168/2954
f 4913/5168/2955 4914/5167/2955 4916/5169/2955 4915/5170/2955
f 4915/5170/2956 4916/5169/2956 4918/5171/2956 4917/5172/2956
f 4917/5172/2957 4918/5171/2957 4920/5173/2957 4919/5174/2957
f 4919/5174/2958 4920/5173/2958 4922/5175/2958 4921/5176/2958
f 4921/5176/2959 4922/5175/2959 4924/5177/2959 4923/5178/2959
f 4923/5178/2960 4924/5177/2960 4926/5179/2960 4925/5180/2960
f 4925/5180/2961 4926/5179/2961 4928/5181/2961 4927/5182/2961
f 4927/5182/2962 4928/5181/2962 4930/5183/2962 4929/5184/2962
f 4929/5184/2963 4930/5183/2963 4932/5185/2963 4931/5186/2963
f 4931/5186/2964 4932/5185/2964 4934/5187/2964 4933/5188/2964
f 4933/5188/2965 4934/5187/2965 4936/5189/2965 4935/5190/2965
f 4935/5190/2966 4936/5189/2966 4938/5191/2966 4937/5192/2966
f 4937/5192/2967 4938/5191/2967 4940/5193/2967 4939/5194/2967
f 4939/5194/2968 4940/5193/2968 4942/5195/2968 4941/5196/2968
f 4941/5196/2969 4942/5195/2969 4944/5197/2969 4943/5198/2969
f 4943/5198/2970 4944/5197/2970 4946/5199/2970 4945/5200/2970
f 4945/5200/2971 4946/5199/2971 4948/5201/2971 4947/5202/2971
f 4947/5202/2972 4948/5201/2972 4950/5203/2972 4949/5204/2972
f 4949/5204/2973 4950/5203/2973 4952/5205/2973 4951/5206/2973
f 4951/5206/2974 4952/5205/2974 4954/5207/2974 4953/5208/2974
f 4953/5208/2975 4954/5207/2975 4956/5209/2975 4955/5210/2975
f 4955/5210/2976 4956/5209/2976 4958/5211/2976 4957/5212/2976
f 4900/5213/2977 4898/5214/2977 4960/5215/2977 4958/5216/2977 4956/5217/2977 4954/5218/2977 4952/5219/2977 4950/5220/2977 4948/5221/2977 4946/5222/2977 4944/5223/2977 4942/5224/2977 4940/5225/2977 4938/5226/2977 4936/5227/2977 4934/5228/2977 4932/5229/2977 4930/5230/2977 4928/5231/2977 4926/5232/2977 4924/5233/2977 4922/5234/2977 4920/5235/2977 4918/5236/2977 4916/5237/2977 4914/5238/2977 4912/5239/2977 4910/5240/2977 4908/5241/2977 4906/5242/2977 4904/5243/2977 4902/5244/2977
f 4957/5212/2978 4958/5211/2978 4960/5245/2978 4959/5246/2978
f 4959/5246/2979 4960/5245/2979 4898/5247/2979 4897/5248/2979
f 4897/5249/2980 4899/5250/2980 4901/5251/2980 4903/5252/2980 4905/5253/2980 4907/5254/2980 4909/5255/2980 4911/5256/2980 4913/5257/2980 4915/5258/2980 4917/5259/2980 4919/5260/2980 4921/5261/2980 4923/5262/2980 4925/5263/2980 4927/5264/2980 4929/5265/2980 4931/5266/2980 4933/5267/2980 4935/5268/2980 4937/5269/2980 4939/5270/2980 4941/5271/2980 4943/5272/2980 4945/5273/2980 4947/5274/2980 4949/5275/2980 4951/5276/2980 4953/5277/2980 4955/5278/2980 4957/5279/2980 4959/5280/2980
o Cylinder.040
v 0.764405 -0.115930 -1.090284
v 0.764405 0.105647 -1.090284
v 0.762554 -0.115930 -1.091652
v 0.762554 0.105647 -1.091652
v 0.761006 -0.115930 -1.093354
v 0.761006 0.105647 -1.093354
v 0.759819 -0.115930 -1.095326
v 0.759819 0.105647 -1.095326
v 0.759040 -0.115930 -1.097492
v 0.759040 0.105647 -1.097492
v 0.758699 -0.115930 -1.099768
v 0.758699 0.105647 -1.099768
v 0.758808 -0.115930 -1.102066
v 0.758808 0.105647 -1.102066
v 0.759363 -0.115930 -1.104300
v 0.759363 0.105647 -1.104300
v 0.760343 -0.115930 -1.106382
v 0.760343 0.105647 -1.106382
v 0.761711 -0.115930 -1.108233
v 0.761711 0.105647 -1.108233
v 0.763413 -0.115930 -1.109781
v 0.763413 0.105647 -1.109781
v 0.765385 -0.115930 -1.110968
v 0.765385 0.105647 -1.110968
v 0.767551 -0.115930 -1.111747
v 0.767551 0.105647 -1.111747
v 0.769826 -0.115930 -1.112088
v 0.769826 0.105647 -1.112088
v 0.772125 -0.115930 -1.111979
v 0.772125 0.105647 -1.111979
v 0.774359 -0.115930 -1.111424
v 0.774359 0.105647 -1.111424
v 0.776441 -0.115930 -1.110444
v 0.776441 0.105647 -1.110444
v 0.778291 -0.115930 -1.109076
v 0.778291 0.105647 -1.109076
v 0.779840 -0.115930 -1.107374
v 0.779840 0.105647 -1.107374
v 0.781026 -0.115930 -1.105402
v 0.781026 0.105647 -1.105402
v 0.781806 -0.115930 -1.103236
v 0.781806 0.105647 -1.103236
v 0.782147 -0.115930 -1.100961
v 0.782147 0.105647 -1.100961
v 0.782038 -0.115930 -1.098662
v 0.782038 0.105647 -1.098662
v 0.781483 -0.115930 -1.096429
v 0.781483 0.105647 -1.096429
v 0.780503 -0.115930 -1.094346
v 0.780503 0.105647 -1.094346
v 0.779135 -0.115930 -1.092496
v 0.779135 0.105647 -1.092496
v 0.777433 -0.115930 -1.090947
v 0.777433 0.105647 -1.090947
v 0.775461 -0.115930 -1.089761
v 0.775461 0.105647 -1.089761
v 0.773295 -0.115930 -1.088982
v 0.773295 0.105647 -1.088982
v 0.771019 -0.115930 -1.088640
v 0.771019 0.105647 -1.088640
v 0.768721 -0.115930 -1.088749
v 0.768721 0.105647 -1.088749
v 0.766487 -0.115930 -1.089304
v 0.766487 0.105647 -1.089304
vn -0.5944 -0.0000 0.8042
vn -0.7398 -0.0000 0.6729
vn -0.8568 -0.0000 0.5157
vn -0.9410 -0.0000 0.3384
vn -0.9889 -0.0000 0.1486
vn -0.9989 -0.0000 -0.0474
vn -0.9705 -0.0000 -0.2411
vn -0.9046 -0.0000 -0.4262
vn -0.8042 -0.0000 -0.5944
vn -0.6729 -0.0000 -0.7398
vn -0.5157 -0.0000 -0.8568
vn -0.3384 -0.0000 -0.9410
vn -0.1482 -0.0000 -0.9890
vn 0.0473 -0.0000 -0.9989
vn 0.2411 -0.0000 -0.9705
vn 0.4259 -0.0000 -0.9048
vn 0.5942 -0.0000 -0.8043
vn 0.7396 -0.0000 -0.6731
vn 0.8570 -0.0000 -0.5154
vn 0.9410 -0.0000 -0.3384
vn 0.9890 -0.0000 -0.1482
vn 0.9989 -0.0000 0.0474
vn 0.9705 -0.0000 0.2412
vn 0.9046 -0.0000 0.4262
vn 0.8043 -0.0000 0.5943
vn 0.6731 -0.0000 0.7396
vn 0.5154 -0.0000 0.8570
vn 0.3384 -0.0000 0.9410
vn 0.1486 -0.0000 0.9889
vn -0.0471 -0.0000 0.9989
vn -0.0000 1.0000 -0.0000
vn -0.2411 -0.0000 0.9705
vn -0.4259 -0.0000 0.9048
vn -0.0000 -1.0000 -0.0000
vt 1.000000 0.500000
vt 1.000000 1.000000
vt 0.968750 1.000000
vt 0.968750 0.500000
vt 0.937500 1.000000
vt 0.937500 0.500000
vt 0.906250 1.000000
vt 0.906250 0.500000
vt 0.875000 1.000000
vt 0.875000 0.500000
vt 0.843750 1.000000
vt 0.843750 0.500000
vt 0.812500 1.000000
vt 0.812500 0.500000
vt 0.781250 1.000000
vt 0.781250 0.500000
vt 0.750000 1.000000
vt 0.750000 0.500000
vt 0.718750 1.000000
vt 0.718750 0.500000
vt 0.687500 1.000000
vt 0.687500 0.500000
vt 0.656250 1.000000
vt 0.656250 0.500000
vt 0.625000 1.000000
vt 0.625000 0.500000
vt 0.593750 1.000000
vt 0.593750 0.500000
vt 0.562500 1.000000
vt 0.562500 0.500000
vt 0.531250 1.000000
vt 0.531250 0.500000
vt 0.500000 1.000000
vt 0.500000 0.500000
vt 0.468750 1.000000
vt 0.468750 0.500000
vt 0.437500 1.000000
vt 0.437500 0.500000
vt 0.406250 1.000000
vt 0.406250 0.500000
vt 0.375000 1.000000
vt 0.375000 0.500000
vt 0.343750 1.000000
vt 0.343750 0.500000
vt 0.312500 1.000000
vt 0.312500 0.500000
vt 0.281250 1.000000
vt 0.281250 0.500000
vt 0.250000 1.000000
vt 0.250000 0.500000
vt 0.218750 1.000000
vt 0.218750 0.500000
vt 0.187500 1.000000
vt 0.187500 0.500000
vt 0.156250 1.000000
vt 0.156250 0.500000
vt 0.125000 1.000000
vt 0.125000 0.500000
vt 0.093750 1.000000
vt 0.093750 0.500000
vt 0.062500 1.000000
vt 0.062500 0.500000
vt 0.296822 0.485388
vt 0.250000 0.490000
vt 0.203178 0.485388
vt 0.158156 0.471731
vt 0.116663 0.449553
vt 0.080294 0.419706
vt 0.050447 0.383337
vt 0.028269 0.341844
vt 0.014612 0.296822
vt 0.010000 0.250000
vt 0.014612 0.203178
vt 0.028269 0.158156
vt 0.050447 0.116663
vt 0.080294 0.080294
vt 0.116663 0.050447
vt 0.158156 0.028269
vt 0.203178 0.014612
vt 0.250000 0.010000
vt 0.296822 0.014612
vt 0.341844 0.028269
vt 0.383337 0.050447
vt 0.419706 0.080294
vt 0.449553 0.116663
vt 0.471731 0.158156
vt 0.485388 0.203178
vt 0.490000 0.250000
vt 0.485388 0.296822
vt 0.471731 0.341844
vt 0.449553 0.383337
vt 0.419706 0.419706
vt 0.383337 0.449553
vt 0.341844 0.471731
vt 0.031250 1.000000
vt 0.031250 0.500000
vt 0.000000 1.000000
vt 0.000000 0.500000
vt 0.750000 0.490000
vt 0.796822 0.485388
vt 0.841844 0.471731
vt 0.883337 0.449553
vt 0.919706 0.419706
vt 0.949553 0.383337
vt 0.971731 0.341844
vt 0.985388 0.296822
vt 0.990000 0.250000
vt 0.985388 0.203178
vt 0.971731 0.158156
vt 0.949553 0.116663
vt 0.919706 0.080294
vt 0.883337 0.050447
vt 0.841844 0.028269
vt 0.796822 0.014612
vt 0.750000 0.010000
vt 0.703178 0.014612
vt 0.658156 0.028269
vt 0.616663 0.050447
vt 0.580294 0.080294
vt 0.550447 0.116663
vt 0.528269 0.158156
vt 0.514612 0.203178
vt 0.510000 0.250000
vt 0.514612 0.296822
vt 0.528269 0.341844
vt 0.550447 0.383337
vt 0.580294 0.419706
vt 0.616663 0.449553
vt 0.658156 0.471731
vt 0.703178 0.485388
s 1
f 4961/5281/2981 4962/5282/2981 4964/5283/2981 4963/5284/2981
f 4963/5284/2982 4964/5283/2982 4966/5285/2982 4965/5286/2982
f 4965/5286/2983 4966/5285/2983 4968/5287/2983 4967/5288/2983
f 4967/5288/2984 4968/5287/2984 4970/5289/2984 4969/5290/2984
f 4969/5290/2985 4970/5289/2985 4972/5291/2985 4971/5292/2985
f 4971/5292/2986 4972/5291/2986 4974/5293/2986 4973/5294/2986
f 4973/5294/2987 4974/5293/2987 4976/5295/2987 4975/5296/2987
f 4975/5296/2988 4976/5295/2988 4978/5297/2988 4977/5298/2988
f 4977/5298/2989 4978/5297/2989 4980/5299/2989 4979/5300/2989
f 4979/5300/2990 4980/5299/2990 4982/5301/2990 4981/5302/2990
f 4981/5302/2991 4982/5301/2991 4984/5303/2991 4983/5304/2991
f 4983/5304/2992 4984/5303/2992 4986/5305/2992 4985/5306/2992
f 4985/5306/2993 4986/5305/2993 4988/5307/2993 4987/5308/2993
f 4987/5308/2994 4988/5307/2994 4990/5309/2994 4989/5310/2994
f 4989/5310/2995 4990/5309/2995 4992/5311/2995 4991/5312/2995
f 4991/5312/2996 4992/5311/2996 4994/5313/2996 4993/5314/2996
f 4993/5314/2997 4994/5313/2997 4996/5315/2997 4995/5316/2997
f 4995/5316/2998 4996/5315/2998 4998/5317/2998 4997/5318/2998
f 4997/5318/2999 4998/5317/2999 5000/5319/2999 4999/5320/2999
f 4999/5320/3000 5000/5319/3000 5002/5321/3000 5001/5322/3000
f 5001/5322/3001 5002/5321/3001 5004/5323/3001 5003/5324/3001
f 5003/5324/3002 5004/5323/3002 5006/5325/3002 5005/5326/3002
f 5005/5326/3003 5006/5325/3003 5008/5327/3003 5007/5328/3003
f 5007/5328/3004 5008/5327/3004 5010/5329/3004 5009/5330/3004
f 5009/5330/3005 5010/5329/3005 5012/5331/3005 5011/5332/3005
f 5011/5332/3006 5012/5331/3006 5014/5333/3006 5013/5334/3006
f 5013/5334/3007 5014/5333/3007 5016/5335/3007 5015/5336/3007
f 5015/5336/3008 5016/5335/3008 5018/5337/3008 5017/5338/3008
f 5017/5338/3009 5018/5337/3009 5020/5339/3009 5019/5340/3009
f 5019/5340/3010 5020/5339/3010 5022/5341/3010 5021/5342/3010
f 4964/5343/3011 4962/5344/3011 5024/5345/3011 5022/5346/3011 5020/5347/3011 5018/5348/3011 5016/5349/3011 5014/5350/3011 5012/5351/3011 5010/5352/3011 5008/5353/3011 5006/5354/3011 5004/5355/3011 5002/5356/3011 5000/5357/3011 4998/5358/3011 4996/5359/3011 4994/5360/3011 4992/5361/3011 4990/5362/3011 4988/5363/3011 4986/5364/3011 4984/5365/3011 4982/5366/3011 4980/5367/3011 4978/5368/3011 4976/5369/3011 4974/5370/3011 4972/5371/3011 4970/5372/3011 4968/5373/3011 4966/5374/3011
f 5021/5342/3012 5022/5341/3012 5024/5375/3012 5023/5376/3012
f 5023/5376/3013 5024/5375/3013 4962/5377/3013 4961/5378/3013
f 4961/5379/3014 4963/5380/3014 4965/5381/3014 4967/5382/3014 4969/5383/3014 4971/5384/3014 4973/5385/3014 4975/5386/3014 4977/5387/3014 4979/5388/3014 4981/5389/3014 4983/5390/3014 4985/5391/3014 4987/5392/3014 4989/5393/3014 4991/5394/3014 4993/5395/3014 4995/5396/3014 4997/5397/3014 4999/5398/3014 5001/5399/3014 5003/5400/3014 5005/5401/3014 5007/5402/3014 5009/5403/3014 5011/5404/3014 5013/5405/3014 5015/5406/3014 5017/5407/3014 5019/5408/3014 5021/5409/3014 5023/5410/3014
o Cylinder.041
v 0.880078 -0.115930 -1.186066
v 0.880078 0.105647 -1.186066
v 0.878227 -0.115930 -1.187433
v 0.878227 0.105647 -1.187433
v 0.876679 -0.115930 -1.189136
v 0.876679 0.105647 -1.189136
v 0.875492 -0.115930 -1.191108
v 0.875492 0.105647 -1.191108
v 0.874713 -0.115930 -1.193273
v 0.874713 0.105647 -1.193273
v 0.874371 -0.115930 -1.195549
v 0.874371 0.105647 -1.195549
v 0.874480 -0.115930 -1.197848
v 0.874480 0.105647 -1.197848
v 0.875036 -0.115930 -1.200081
v 0.875036 0.105647 -1.200081
v 0.876016 -0.115930 -1.202163
v 0.876016 0.105647 -1.202163
v 0.877384 -0.115930 -1.204014
v 0.877384 0.105647 -1.204014
v 0.879086 -0.115930 -1.205563
v 0.879086 0.105647 -1.205563
v 0.881058 -0.115930 -1.206749
v 0.881058 0.105647 -1.206749
v 0.883223 -0.115930 -1.207528
v 0.883223 0.105647 -1.207528
v 0.885499 -0.115930 -1.207870
v 0.885499 0.105647 -1.207870
v 0.887798 -0.115930 -1.207761
v 0.887798 0.105647 -1.207761
v 0.890031 -0.115930 -1.207206
v 0.890031 0.105647 -1.207206
v 0.892113 -0.115930 -1.206225
v 0.892113 0.105647 -1.206225
v 0.893964 -0.115930 -1.204858
v 0.893964 0.105647 -1.204858
v 0.895513 -0.115930 -1.203155
v 0.895513 0.105647 -1.203155
v 0.896699 -0.115930 -1.201183
v 0.896699 0.105647 -1.201183
v 0.897478 -0.115930 -1.199018
v 0.897478 0.105647 -1.199018
v 0.897820 -0.115930 -1.196742
v 0.897820 0.105647 -1.196742
v 0.897711 -0.115930 -1.194443
v 0.897711 0.105647 -1.194443
v 0.897156 -0.115930 -1.192210
v 0.897156 0.105647 -1.192210
v 0.896175 -0.115930 -1.190128
v 0.896175 0.105647 -1.190128
v 0.894808 -0.115930 -1.188277
v 0.894808 0.105647 -1.188277
v 0.893105 -0.115930 -1.186729
v 0.893105 0.105647 -1.186729
v 0.891133 -0.115930 -1.185542
v 0.891133 0.105647 -1.185542
v 0.888968 -0.115930 -1.184763
v 0.888968 0.105647 -1.184763
v 0.886692 -0.115930 -1.184421
v 0.886692 0.105647 -1.184421
v 0.884393 -0.115930 -1.184530
v 0.884393 0.105647 -1.184530
v 0.882160 -0.115930 -1.185086
v 0.882160 0.105647 -1.185086
vn -0.5945 -0.0000 0.8041
vn -0.7400 -0.0000 0.6726
vn -0.8569 -0.0000 0.5154
vn -0.9409 -0.0000 0.3386
vn -0.9889 -0.0000 0.1486
vn -0.9989 -0.0000 -0.0474
vn -0.9704 -0.0000 -0.2416
vn -0.9048 -0.0000 -0.4259
vn -0.8042 -0.0000 -0.5944
vn -0.6731 -0.0000 -0.7396
vn -0.5154 -0.0000 -0.8569
vn -0.3386 -0.0000 -0.9409
vn -0.1486 -0.0000 -0.9889
vn 0.0473 -0.0000 -0.9989
vn 0.2412 -0.0000 -0.9705
vn 0.4263 -0.0000 -0.9046
vn 0.5945 -0.0000 -0.8041
vn 0.7397 -0.0000 -0.6729
vn 0.8570 -0.0000 -0.5154
vn 0.9409 -0.0000 -0.3386
vn 0.9889 -0.0000 -0.1486
vn 0.9989 -0.0000 0.0474
vn 0.9705 -0.0000 0.2412
vn 0.9046 -0.0000 0.4262
vn 0.8044 -0.0000 0.5941
vn 0.6726 -0.0000 0.7400
vn 0.5157 -0.0000 0.8568
vn 0.3386 -0.0000 0.9409
vn 0.1486 -0.0000 0.9889
vn -0.0474 -0.0000 0.9989
vn -0.0000 1.0000 -0.0000
vn -0.2416 -0.0000 0.9704
vn -0.4263 -0.0000 0.9046
vn -0.0000 -1.0000 -0.0000
vt 1.000000 0.500000
vt 1.000000 1.000000
vt 0.968750 1.000000
vt 0.968750 0.500000
vt 0.937500 1.000000
vt 0.937500 0.500000
vt 0.906250 1.000000
vt 0.906250 0.500000
vt 0.875000 1.000000
vt 0.875000 0.500000
vt 0.843750 1.000000
vt 0.843750 0.500000
vt 0.812500 1.000000
vt 0.812500 0.500000
vt 0.781250 1.000000
vt 0.781250 0.500000
vt 0.750000 1.000000
vt 0.750000 0.500000
vt 0.718750 1.000000
vt 0.718750 0.500000
vt 0.687500 1.000000
vt 0.687500 0.500000
vt 0.656250 1.000000
vt 0.656250 0.500000
vt 0.625000 1.000000
vt 0.625000 0.500000
vt 0.593750 1.000000
vt 0.593750 0.500000
vt 0.562500 1.000000
vt 0.562500 0.500000
vt 0.531250 1.000000
vt 0.531250 0.500000
vt 0.500000 1.000000
vt 0.500000 0.500000
vt 0.468750 1.000000
vt 0.468750 0.500000
vt 0.437500 1.000000
vt 0.437500 0.500000
vt 0.406250 1.000000
vt 0.406250 0.500000
vt 0.375000 1.000000
vt 0.375000 0.500000
vt 0.343750 1.000000
vt 0.343750 0.500000
vt 0.312500 1.000000
vt 0.312500 0.500000
vt 0.281250 1.000000
vt 0.281250 0.500000
vt 0.250000 1.000000
vt 0.250000 0.500000
vt 0.218750 1.000000
vt 0.218750 0.500000
vt 0.187500 1.000000
vt 0.187500 0.500000
vt 0.156250 1.000000
vt 0.156250 0.500000
vt 0.125000 1.000000
vt 0.125000 0.500000
vt 0.093750 1.000000
vt 0.093750 0.500000
vt 0.062500 1.000000
vt 0.062500 0.500000
vt 0.296822 0.485388
vt 0.250000 0.490000
vt 0.203178 0.485388
vt 0.158156 0.471731
vt 0.116663 0.449553
vt 0.080294 0.419706
vt 0.050447 0.383337
vt 0.028269 0.341844
vt 0.014612 0.296822
vt 0.010000 0.250000
vt 0.014612 0.203178
vt 0.028269 0.158156
vt 0.050447 0.116663
vt 0.080294 0.080294
vt 0.116663 0.050447
vt 0.158156 0.028269
vt 0.203178 0.014612
vt 0.250000 0.010000
vt 0.296822 0.014612
vt 0.341844 0.028269
vt 0.383337 0.050447
vt 0.419706 0.080294
vt 0.449553 0.116663
vt 0.471731 0.158156
vt 0.485388 0.203178
vt 0.490000 0.250000
vt 0.485388 0.296822
vt 0.471731 0.341844
vt 0.449553 0.383337
vt 0.419706 0.419706
vt 0.383337 0.449553
vt 0.341844 0.471731
vt 0.031250 1.000000
vt 0.031250 0.500000
vt 0.000000 1.000000
vt 0.000000 0.500000
vt 0.750000 0.490000
vt 0.796822 0.485388
vt 0.841844 0.471731
vt 0.883337 0.449553
vt 0.919706 0.419706
vt 0.949553 0.383337
vt 0.971731 0.341844
vt 0.985388 0.296822
vt 0.990000 0.250000
vt 0.985388 0.203178
vt 0.971731 0.158156
vt 0.949553 0.116663
vt 0.919706 0.080294
vt 0.883337 0.050447
vt 0.841844 0.028269
vt 0.796822 0.014612
vt 0.750000 0.010000
vt 0.703178 0.014612
vt 0.658156 0.028269
vt 0.616663 0.050447
vt 0.580294 0.080294
vt 0.550447 0.116663
vt 0.528269 0.158156
vt 0.514612 0.203178
vt 0.510000 0.250000
vt 0.514612 0.296822
vt 0.528269 0.341844
vt 0.550447 0.383337
vt 0.580294 0.419706
vt 0.616663 0.449553
vt 0.658156 0.471731
vt 0.703178 0.485388
s 1
f 5025/5411/3015 5026/5412/3015 5028/5413/3015 5027/5414/3015
f 5027/5414/3016 5028/5413/3016 5030/5415/3016 5029/5416/3016
f 5029/5416/3017 5030/5415/3017 5032/5417/3017 5031/5418/3017
f 5031/5418/3018 5032/5417/3018 5034/5419/3018 5033/5420/3018
f 5033/5420/3019 5034/5419/3019 5036/5421/3019 5035/5422/3019
f 5035/5422/3020 5036/5421/3020 5038/5423/3020 5037/5424/3020
f 5037/5424/3021 5038/5423/3021 5040/5425/3021 5039/5426/3021
f 5039/5426/3022 5040/5425/3022 5042/5427/3022 5041/5428/3022
f 5041/5428/3023 5042/5427/3023 5044/5429/3023 5043/5430/3023
f 5043/5430/3024 5044/5429/3024 5046/5431/3024 5045/5432/3024
f 5045/5432/3025 5046/5431/3025 5048/5433/3025 5047/5434/3025
f 5047/5434/3026 5048/5433/3026 5050/5435/3026 5049/5436/3026
f 5049/5436/3027 5050/5435/3027 5052/5437/3027 5051/5438/3027
f 5051/5438/3028 5052/5437/3028 5054/5439/3028 5053/5440/3028
f 5053/5440/3029 5054/5439/3029 5056/5441/3029 5055/5442/3029
f 5055/5442/3030 5056/5441/3030 5058/5443/3030 5057/5444/3030
f 5057/5444/3031 5058/5443/3031 5060/5445/3031 5059/5446/3031
f 5059/5446/3032 5060/5445/3032 5062/5447/3032 5061/5448/3032
f 5061/5448/3033 5062/5447/3033 5064/5449/3033 5063/5450/3033
f 5063/5450/3034 5064/5449/3034 5066/5451/3034 5065/5452/3034
f 5065/5452/3035 5066/5451/3035 5068/5453/3035 5067/5454/3035
f 5067/5454/3036 5068/5453/3036 5070/5455/3036 5069/5456/3036
f 5069/5456/3037 5070/5455/3037 5072/5457/3037 5071/5458/3037
f 5071/5458/3038 5072/5457/3038 5074/5459/3038 5073/5460/3038
f 5073/5460/3039 5074/5459/3039 5076/5461/3039 5075/5462/3039
f 5075/5462/3040 5076/5461/3040 5078/5463/3040 5077/5464/3040
f 5077/5464/3041 5078/5463/3041 5080/5465/3041 5079/5466/3041
f 5079/5466/3042 5080/5465/3042 5082/5467/3042 5081/5468/3042
f 5081/5468/3043 5082/5467/3043 5084/5469/3043 5083/5470/3043
f 5083/5470/3044 5084/5469/3044 5086/5471/3044 5085/5472/3044
f 5028/5473/3045 5026/5474/3045 5088/5475/3045 5086/5476/3045 5084/5477/3045 5082/5478/3045 5080/5479/3045 5078/5480/3045 5076/5481/3045 5074/5482/3045 5072/5483/3045 5070/5484/3045 5068/5485/3045 5066/5486/3045 5064/5487/3045 5062/5488/3045 5060/5489/3045 5058/5490/3045 5056/5491/3045 5054/5492/3045 5052/5493/3045 5050/5494/3045 5048/5495/3045 5046/5496/3045 5044/5497/3045 5042/5498/3045 5040/5499/3045 5038/5500/3045 5036/5501/3045 5034/5502/3045 5032/5503/3045 5030/5504/3045
f 5085/5472/3046 5086/5471/3046 5088/5505/3046 5087/5506/3046
f 5087/5506/3047 5088/5505/3047 5026/5507/3047 5025/5508/3047
f 5025/5509/3048 5027/5510/3048 5029/5511/3048 5031/5512/3048 5033/5513/3048 5035/5514/3048 5037/5515/3048 5039/5516/3048 5041/5517/3048 5043/5518/3048 5045/5519/3048 5047/5520/3048 5049/5521/3048 5051/5522/3048 5053/5523/3048 5055/5524/3048 5057/5525/3048 5059/5526/3048 5061/5527/3048 5063/5528/3048 5065/5529/3048 5067/5530/3048 5069/5531/3048 5071/5532/3048 5073/5533/3048 5075/5534/3048 5077/5535/3048 5079/5536/3048 5081/5537/3048 5083/5538/3048 5085/5539/3048 5087/5540/3048
o Cylinder.042
v 1.012221 -0.115930 -1.269355
v 1.012221 0.105647 -1.269355
v 1.010370 -0.115930 -1.270723
v 1.010370 0.105647 -1.270723
v 1.008822 -0.115930 -1.272425
v 1.008822 0.105647 -1.272425
v 1.007635 -0.115930 -1.274397
v 1.007635 0.105647 -1.274397
v 1.006856 -0.115930 -1.276563
v 1.006856 0.105647 -1.276563
v 1.006515 -0.115930 -1.278839
v 1.006515 0.105647 -1.278839
v 1.006624 -0.115930 -1.281137
v 1.006624 0.105647 -1.281137
v 1.007179 -0.115930 -1.283371
v 1.007179 0.105647 -1.283371
v 1.008159 -0.115930 -1.285453
v 1.008159 0.105647 -1.285453
v 1.009527 -0.115930 -1.287304
v 1.009527 0.105647 -1.287304
v 1.011229 -0.115930 -1.288852
v 1.011229 0.105647 -1.288852
v 1.013201 -0.115930 -1.290039
v 1.013201 0.105647 -1.290039
v 1.015367 -0.115930 -1.290818
v 1.015367 0.105647 -1.290818
v 1.017642 -0.115930 -1.291159
v 1.017642 0.105647 -1.291159
v 1.019941 -0.115930 -1.291050
v 1.019941 0.105647 -1.291050
v 1.022174 -0.115930 -1.290495
v 1.022174 0.105647 -1.290495
v 1.024257 -0.115930 -1.289515
v 1.024257 0.105647 -1.289515
v 1.026107 -0.115930 -1.288147
v 1.026107 0.105647 -1.288147
v 1.027656 -0.115930 -1.286445
v 1.027656 0.105647 -1.286445
v 1.028842 -0.115930 -1.284473
v 1.028842 0.105647 -1.284473
v 1.029621 -0.115930 -1.282307
v 1.029621 0.105647 -1.282307
v 1.029963 -0.115930 -1.280032
v 1.029963 0.105647 -1.280032
v 1.029854 -0.115930 -1.277733
v 1.029854 0.105647 -1.277733
v 1.029299 -0.115930 -1.275499
v 1.029299 0.105647 -1.275499
v 1.028319 -0.115930 -1.273417
v 1.028319 0.105647 -1.273417
v 1.026951 -0.115930 -1.271567
v 1.026951 0.105647 -1.271567
v 1.025249 -0.115930 -1.270018
v 1.025249 0.105647 -1.270018
v 1.023277 -0.115930 -1.268831
v 1.023277 0.105647 -1.268831
v 1.021111 -0.115930 -1.268052
v 1.021111 0.105647 -1.268052
v 1.018835 -0.115930 -1.267711
v 1.018835 0.105647 -1.267711
v 1.016537 -0.115930 -1.267820
v 1.016537 0.105647 -1.267820
v 1.014303 -0.115930 -1.268375
v 1.014303 0.105647 -1.268375
vn -0.5944 -0.0000 0.8042
vn -0.7398 -0.0000 0.6729
vn -0.8568 -0.0000 0.5157
vn -0.9410 -0.0000 0.3384
vn -0.9889 -0.0000 0.1485
vn -0.9989 -0.0000 -0.0474
vn -0.9705 -0.0000 -0.2411
vn -0.9048 -0.0000 -0.4259
vn -0.8042 -0.0000 -0.5943
vn -0.6728 -0.0000 -0.7398
vn -0.5157 -0.0000 -0.8568
vn -0.3384 -0.0000 -0.9410
vn -0.1482 -0.0000 -0.9890
vn 0.0474 -0.0000 -0.9989
vn 0.2411 -0.0000 -0.9705
vn 0.4262 -0.0000 -0.9046
vn 0.5942 -0.0000 -0.8043
vn 0.7396 -0.0000 -0.6731
vn 0.8570 -0.0000 -0.5154
vn 0.9410 -0.0000 -0.3385
vn 0.9889 -0.0000 -0.1487
vn 0.9989 -0.0000 0.0473
vn 0.9705 -0.0000 0.2411
vn 0.9048 -0.0000 0.4259
vn 0.8042 -0.0000 0.5943
vn 0.6731 -0.0000 0.7395
vn 0.5157 -0.0000 0.8568
vn 0.3384 -0.0000 0.9410
vn 0.1481 -0.0000 0.9890
vn -0.0474 -0.0000 0.9989
vn -0.0000 1.0000 -0.0000
vn -0.2411 -0.0000 0.9705
vn -0.4263 -0.0000 0.9046
vn -0.0000 -1.0000 -0.0000
vt 1.000000 0.500000
vt 1.000000 1.000000
vt 0.968750 1.000000
vt 0.968750 0.500000
vt 0.937500 1.000000
vt 0.937500 0.500000
vt 0.906250 1.000000
vt 0.906250 0.500000
vt 0.875000 1.000000
vt 0.875000 0.500000
vt 0.843750 1.000000
vt 0.843750 0.500000
vt 0.812500 1.000000
vt 0.812500 0.500000
vt 0.781250 1.000000
vt 0.781250 0.500000
vt 0.750000 1.000000
vt 0.750000 0.500000
vt 0.718750 1.000000
vt 0.718750 0.500000
vt 0.687500 1.000000
vt 0.687500 0.500000
vt 0.656250 1.000000
vt 0.656250 0.500000
vt 0.625000 1.000000
vt 0.625000 0.500000
vt 0.593750 1.000000
vt 0.593750 0.500000
vt 0.562500 1.000000
vt 0.562500 0.500000
vt 0.531250 1.000000
vt 0.531250 0.500000
vt 0.500000 1.000000
vt 0.500000 0.500000
vt 0.468750 1.000000
vt 0.468750 0.500000
vt 0.437500 1.000000
vt 0.437500 0.500000
vt 0.406250 1.000000
vt 0.406250 0.500000
vt 0.375000 1.000000
vt 0.375000 0.500000
vt 0.343750 1.000000
vt 0.343750 0.500000
vt 0.312500 1.000000
vt 0.312500 0.500000
vt 0.281250 1.000000
vt 0.281250 0.500000
vt 0.250000 1.000000
vt 0.250000 0.500000
vt 0.218750 1.000000
vt 0.218750 0.500000
vt 0.187500 1.000000
vt 0.187500 0.500000
vt 0.156250 1.000000
vt 0.156250 0.500000
vt 0.125000 1.000000
vt 0.125000 0.500000
vt 0.093750 1.000000
vt 0.093750 0.500000
vt 0.062500 1.000000
vt 0.062500 0.500000
vt 0.296822 0.485388
vt 0.250000 0.490000
vt 0.203178 0.485388
vt 0.158156 0.471731
vt 0.116663 0.449553
vt 0.080294 0.419706
vt 0.050447 0.383337
vt 0.028269 0.341844
vt 0.014612 0.296822
vt 0.010000 0.250000
vt 0.014612 0.203178
vt 0.028269 0.158156
vt 0.050447 0.116663
vt 0.080294 0.080294
vt 0.116663 0.050447
vt 0.158156 0.028269
vt 0.203178 0.014612
vt 0.250000 0.010000
vt 0.296822 0.014612
vt 0.341844 0.028269
vt 0.383337 0.050447
vt 0.419706 0.080294
vt 0.449553 0.116663
vt 0.471731 0.158156
vt 0.485388 0.203178
vt 0.490000 0.250000
vt 0.485388 0.296822
vt 0.471731 0.341844
vt 0.449553 0.383337
vt 0.419706 0.419706
vt 0.383337 0.449553
vt 0.341844 0.471731
vt 0.031250 1.000000
vt 0.031250 0.500000
vt 0.000000 1.000000
vt 0.000000 0.500000
vt 0.750000 0.490000
vt 0.796822 0.485388
vt 0.841844 0.471731
vt 0.883337 0.449553
vt 0.919706 0.419706
vt 0.949553 0.383337
vt 0.971731 0.341844
vt 0.985388 0.296822
vt 0.990000 0.250000
vt 0.985388 0.203178
vt 0.971731 0.158156
vt 0.949553 0.116663
vt 0.919706 0.080294
vt 0.883337 0.050447
vt 0.841844 0.028269
vt 0.796822 0.014612
vt 0.750000 0.010000
vt 0.703178 0.014612
vt 0.658156 0.028269
vt 0.616663 0.050447
vt 0.580294 0.080294
vt 0.550447 0.116663
vt 0.528269 0.158156
vt 0.514612 0.203178
vt 0.510000 0.250000
vt 0.514612 0.296822
vt 0.528269 0.341844
vt 0.550447 0.383337
vt 0.580294 0.419706
vt 0.616663 0.449553
vt 0.658156 0.471731
vt 0.703178 0.485388
s 1
f 5089/5541/3049 5090/5542/3049 5092/5543/3049 5091/5544/3049
f 5091/5544/3050 5092/5543/3050 5094/5545/3050 5093/5546/3050
f 5093/5546/3051 5094/5545/3051 5096/5547/3051 5095/5548/3051
f 5095/5548/3052 5096/5547/3052 5098/5549/3052 5097/5550/3052
f 5097/5550/3053 5098/5549/3053 5100/5551/3053 5099/5552/3053
f 5099/5552/3054 5100/5551/3054 5102/5553/3054 5101/5554/3054
f 5101/5554/3055 5102/5553/3055 5104/5555/3055 5103/5556/3055
f 5103/5556/3056 5104/5555/3056 5106/5557/3056 5105/5558/3056
f 5105/5558/3057 5106/5557/3057 5108/5559/3057 5107/5560/3057
f 5107/5560/3058 5108/5559/3058 5110/5561/3058 5109/5562/3058
f 5109/5562/3059 5110/5561/3059 5112/5563/3059 5111/5564/3059
f 5111/5564/3060 5112/5563/3060 5114/5565/3060 5113/5566/3060
f 5113/5566/3061 5114/5565/3061 5116/5567/3061 5115/5568/3061
f 5115/5568/3062 5116/5567/3062 5118/5569/3062 5117/5570/3062
f 5117/5570/3063 5118/5569/3063 5120/5571/3063 5119/5572/3063
f 5119/5572/3064 5120/5571/3064 5122/5573/3064 5121/5574/3064
f 5121/5574/3065 5122/5573/3065 5124/5575/3065 5123/5576/3065
f 5123/5576/3066 5124/5575/3066 5126/5577/3066 5125/5578/3066
f 5125/5578/3067 5126/5577/3067 5128/5579/3067 5127/5580/3067
f 5127/5580/3068 5128/5579/3068 5130/5581/3068 5129/5582/3068
f 5129/5582/3069 5130/5581/3069 5132/5583/3069 5131/5584/3069
f 5131/5584/3070 5132/5583/3070 5134/5585/3070 5133/5586/3070
f 5133/5586/3071 5134/5585/3071 5136/5587/3071 5135/5588/3071
f 5135/5588/3072 5136/5587/3072 5138/5589/3072 5137/5590/3072
f 5137/5590/3073 5138/5589/3073 5140/5591/3073 5139/5592/3073
f 5139/5592/3074 5140/5591/3074 5142/5593/3074 5141/5594/3074
f 5141/5594/3075 5142/5593/3075 5144/5595/3075 5143/5596/3075
f 5143/5596/3076 5144/5595/3076 5146/5597/3076 5145/5598/3076
f 5145/5598/3077 5146/5597/3077 5148/5599/3077 5147/5600/3077
f 5147/5600/3078 5148/5599/3078 5150/5601/3078 5149/5602/3078
f 5092/5603/3079 5090/5604/3079 5152/5605/3079 5150/5606/3079 5148/5607/3079 5146/5608/3079 5144/5609/3079 5142/5610/3079 5140/5611/3079 5138/5612/3079 5136/5613/3079 5134/5614/3079 5132/5615/3079 5130/5616/3079 5128/5617/3079 5126/5618/3079 5124/5619/3079 5122/5620/3079 5120/5621/3079 5118/5622/3079 5116/5623/3079 5114/5624/3079 5112/5625/3079 5110/5626/3079 5108/5627/3079 5106/5628/3079 5104/5629/3079 5102/5630/3079 5100/5631/3079 5098/5632/3079 5096/5633/3079 5094/5634/3079
f 5149/5602/3080 5150/5601/3080 5152/5635/3080 5151/5636/3080
f 5151/5636/3081 5152/5635/3081 5090/5637/3081 5089/5638/3081
f 5089/5639/3082 5091/5640/3082 5093/5641/3082 5095/5642/3082 5097/5643/3082 5099/5644/3082 5101/5645/3082 5103/5646/3082 5105/5647/3082 5107/5648/3082 5109/5649/3082 5111/5650/3082 5113/5651/3082 5115/5652/3082 5117/5653/3082 5119/5654/3082 5121/5655/3082 5123/5656/3082 5125/5657/3082 5127/5658/3082 5129/5659/3082 5131/5660/3082 5133/5661/3082 5135/5662/3082 5137/5663/3082 5139/5664/3082 5141/5665/3082 5143/5666/3082 5145/5667/3082 5147/5668/3082 5149/5669/3082 5151/5670/3082
o Cylinder.043
v 1.209808 -0.115930 -1.324210
v 1.209808 0.105647 -1.324210
v 1.207957 -0.115930 -1.325578
v 1.207957 0.105647 -1.325578
v 1.206409 -0.115930 -1.327281
v 1.206409 0.105647 -1.327281
v 1.205222 -0.115930 -1.329252
v 1.205222 0.105647 -1.329252
v 1.204443 -0.115930 -1.331418
v 1.204443 0.105647 -1.331418
v 1.204101 -0.115930 -1.333694
v 1.204101 0.105647 -1.333694
v 1.204210 -0.115930 -1.335992
v 1.204210 0.105647 -1.335992
v 1.204765 -0.115930 -1.338226
v 1.204765 0.105647 -1.338226
v 1.205746 -0.115930 -1.340308
v 1.205746 0.105647 -1.340308
v 1.207113 -0.115930 -1.342159
v 1.207113 0.105647 -1.342159
v 1.208816 -0.115930 -1.343707
v 1.208816 0.105647 -1.343707
v 1.210788 -0.115930 -1.344894
v 1.210788 0.105647 -1.344894
v 1.212953 -0.115930 -1.345673
v 1.212953 0.105647 -1.345673
v 1.215229 -0.115930 -1.346014
v 1.215229 0.105647 -1.346014
v 1.217528 -0.115930 -1.345906
v 1.217528 0.105647 -1.345906
v 1.219761 -0.115930 -1.345350
v 1.219761 0.105647 -1.345350
v 1.221843 -0.115930 -1.344370
v 1.221843 0.105647 -1.344370
v 1.223694 -0.115930 -1.343002
v 1.223694 0.105647 -1.343002
v 1.225242 -0.115930 -1.341300
v 1.225242 0.105647 -1.341300
v 1.226429 -0.115930 -1.339328
v 1.226429 0.105647 -1.339328
v 1.227208 -0.115930 -1.337162
v 1.227208 0.105647 -1.337162
v 1.227550 -0.115930 -1.334887
v 1.227550 0.105647 -1.334887
v 1.227441 -0.115930 -1.332588
v 1.227441 0.105647 -1.332588
v 1.226886 -0.115930 -1.330355
v 1.226886 0.105647 -1.330355
v 1.225905 -0.115930 -1.328272
v 1.225905 0.105647 -1.328272
v 1.224538 -0.115930 -1.326422
v 1.224538 0.105647 -1.326422
v 1.222835 -0.115930 -1.324873
v 1.222835 0.105647 -1.324873
v 1.220863 -0.115930 -1.323687
v 1.220863 0.105647 -1.323687
v 1.218698 -0.115930 -1.322908
v 1.218698 0.105647 -1.322908
v 1.216422 -0.115930 -1.322566
v 1.216422 0.105647 -1.322566
v 1.214123 -0.115930 -1.322675
v 1.214123 0.105647 -1.322675
v 1.211890 -0.115930 -1.323230
v 1.211890 0.105647 -1.323230
vn -0.5943 -0.0000 0.8042
vn -0.7400 -0.0000 0.6726
vn -0.8568 -0.0000 0.5156
vn -0.9410 -0.0000 0.3384
vn -0.9889 -0.0000 0.1486
vn -0.9989 -0.0000 -0.0474
vn -0.9705 -0.0000 -0.2411
vn -0.9046 -0.0000 -0.4263
vn -0.8042 -0.0000 -0.5944
vn -0.6726 -0.0000 -0.7400
vn -0.5158 -0.0000 -0.8567
vn -0.3385 -0.0000 -0.9410
vn -0.1482 -0.0000 -0.9890
vn 0.0469 -0.0000 -0.9989
vn 0.2412 -0.0000 -0.9705
vn 0.4263 -0.0000 -0.9046
vn 0.5944 -0.0000 -0.8042
vn 0.7398 -0.0000 -0.6729
vn 0.8570 -0.0000 -0.5153
vn 0.9410 -0.0000 -0.3384
vn 0.9889 -0.0000 -0.1487
vn 0.9989 -0.0000 0.0474
vn 0.9705 -0.0000 0.2412
vn 0.9047 -0.0000 0.4261
vn 0.8043 -0.0000 0.5943
vn 0.6728 -0.0000 0.7398
vn 0.5154 -0.0000 0.8569
vn 0.3385 -0.0000 0.9410
vn 0.1486 -0.0000 0.9889
vn -0.0473 -0.0000 0.9989
vn -0.0000 1.0000 -0.0000
vn -0.2412 -0.0000 0.9705
vn -0.4263 -0.0000 0.9046
vn -0.0000 -1.0000 -0.0000
vt 1.000000 0.500000
vt 1.000000 1.000000
vt 0.968750 1.000000
vt 0.968750 0.500000
vt 0.937500 1.000000
vt 0.937500 0.500000
vt 0.906250 1.000000
vt 0.906250 0.500000
vt 0.875000 1.000000
vt 0.875000 0.500000
vt 0.843750 1.000000
vt 0.843750 0.500000
vt 0.812500 1.000000
vt 0.812500 0.500000
vt 0.781250 1.000000
vt 0.781250 0.500000
vt 0.750000 1.000000
vt 0.750000 0.500000
vt 0.718750 1.000000
vt 0.718750 0.500000
vt 0.687500 1.000000
vt 0.687500 0.500000
vt 0.656250 1.000000
vt 0.656250 0.500000
vt 0.625000 1.000000
vt 0.625000 0.500000
vt 0.593750 1.000000
vt 0.593750 0.500000
vt 0.562500 1.000000
vt 0.562500 0.500000
vt 0.531250 1.000000
vt 0.531250 0.500000
vt 0.500000 1.000000
vt 0.500000 0.500000
vt 0.468750 1.000000
vt 0.468750 0.500000
vt 0.437500 1.000000
vt 0.437500 0.500000
vt 0.406250 1.000000
vt 0.406250 0.500000
vt 0.375000 1.000000
vt 0.375000 0.500000
vt 0.343750 1.000000
vt 0.343750 0.500000
vt 0.312500 1.000000
vt 0.312500 0.500000
vt 0.281250 1.000000
vt 0.281250 0.500000
vt 0.250000 1.000000
vt 0.250000 0.500000
vt 0.218750 1.000000
vt 0.218750 0.500000
vt 0.187500 1.000000
vt 0.187500 0.500000
vt 0.156250 1.000000
vt 0.156250 0.500000
vt 0.125000 1.000000
vt 0.125000 0.500000
vt 0.093750 1.000000
vt 0.093750 0.500000
vt 0.062500 1.000000
vt 0.062500 0.500000
vt 0.296822 0.485388
vt 0.250000 0.490000
vt 0.203178 0.485388
vt 0.158156 0.471731
vt 0.116663 0.449553
vt 0.080294 0.419706
vt 0.050447 0.383337
vt 0.028269 0.341844
vt 0.014612 0.296822
vt 0.010000 0.250000
vt 0.014612 0.203178
vt 0.028269 0.158156
vt 0.050447 0.116663
vt 0.080294 0.080294
vt 0.116663 0.050447
vt 0.158156 0.028269
vt 0.203178 0.014612
vt 0.250000 0.010000
vt 0.296822 0.014612
vt 0.341844 0.028269
vt 0.383337 0.050447
vt 0.419706 0.080294
vt 0.449553 0.116663
vt 0.471731 0.158156
vt 0.485388 0.203178
vt 0.490000 0.250000
vt 0.485388 0.296822
vt 0.471731 0.341844
vt 0.449553 0.383337
vt 0.419706 0.419706
vt 0.383337 0.449553
vt 0.341844 0.471731
vt 0.031250 1.000000
vt 0.031250 0.500000
vt 0.000000 1.000000
vt 0.000000 0.500000
vt 0.750000 0.490000
vt 0.796822 0.485388
vt 0.841844 0.471731
vt 0.883337 0.449553
vt 0.919706 0.419706
vt 0.949553 0.383337
vt 0.971731 0.341844
vt 0.985388 0.296822
vt 0.990000 0.250000
vt 0.985388 0.203178
vt 0.971731 0.158156
vt 0.949553 0.116663
vt 0.919706 0.080294
vt 0.883337 0.050447
vt 0.841844 0.028269
vt 0.796822 0.014612
vt 0.750000 0.010000
vt 0.703178 0.014612
vt 0.658156 0.028269
vt 0.616663 0.050447
vt 0.580294 0.080294
vt 0.550447 0.116663
vt 0.528269 0.158156
vt 0.514612 0.203178
vt 0.510000 0.250000
vt 0.514612 0.296822
vt 0.528269 0.341844
vt 0.550447 0.383337
vt 0.580294 0.419706
vt 0.616663 0.449553
vt 0.658156 0.471731
vt 0.703178 0.485388
s 1
f 5153/5671/3083 5154/5672/3083 5156/5673/3083 5155/5674/3083
f 5155/5674/3084 5156/5673/3084 5158/5675/3084 5157/5676/3084
f 5157/5676/3085 5158/5675/3085 5160/5677/3085 5159/5678/3085
f 5159/5678/3086 5160/5677/3086 5162/5679/3086 5161/5680/3086
f 5161/5680/3087 5162/5679/3087 5164/5681/3087 5163/5682/3087
f 5163/5682/3088 5164/5681/3088 5166/5683/3088 5165/5684/3088
f 5165/5684/3089 5166/5683/3089 5168/5685/3089 5167/5686/3089
f 5167/5686/3090 5168/5685/3090 5170/5687/3090 5169/5688/3090
f 5169/5688/3091 5170/5687/3091 5172/5689/3091 5171/5690/3091
f 5171/5690/3092 5172/5689/3092 5174/5691/3092 5173/5692/3092
f 5173/5692/3093 5174/5691/3093 5176/5693/3093 5175/5694/3093
f 5175/5694/3094 5176/5693/3094 5178/5695/3094 5177/5696/3094
f 5177/5696/3095 5178/5695/3095 5180/5697/3095 5179/5698/3095
f 5179/5698/3096 5180/5697/3096 5182/5699/3096 5181/5700/3096
f 5181/5700/3097 5182/5699/3097 5184/5701/3097 5183/5702/3097
f 5183/5702/3098 5184/5701/3098 5186/5703/3098 5185/5704/3098
f 5185/5704/3099 5186/5703/3099 5188/5705/3099 5187/5706/3099
f 5187/5706/3100 5188/5705/3100 5190/5707/3100 5189/5708/3100
f 5189/5708/3101 5190/5707/3101 5192/5709/3101 5191/5710/3101
f 5191/5710/3102 5192/5709/3102 5194/5711/3102 5193/5712/3102
f 5193/5712/3103 5194/5711/3103 5196/5713/3103 5195/5714/3103
f 5195/5714/3104 5196/5713/3104 5198/5715/3104 5197/5716/3104
f 5197/5716/3105 5198/5715/3105 5200/5717/3105 5199/5718/3105
f 5199/5718/3106 5200/5717/3106 5202/5719/3106 5201/5720/3106
f 5201/5720/3107 5202/5719/3107 5204/5721/3107 5203/5722/3107
f 5203/5722/3108 5204/5721/3108 5206/5723/3108 5205/5724/3108
f 5205/5724/3109 5206/5723/3109 5208/5725/3109 5207/5726/3109
f 5207/5726/3110 5208/5725/3110 5210/5727/3110 5209/5728/3110
f 5209/5728/3111 5210/5727/3111 5212/5729/3111 5211/5730/3111
f 5211/5730/3112 5212/5729/3112 5214/5731/3112 5213/5732/3112
f 5156/5733/3113 5154/5734/3113 5216/5735/3113 5214/5736/3113 5212/5737/3113 5210/5738/3113 5208/5739/3113 5206/5740/3113 5204/5741/3113 5202/5742/3113 5200/5743/3113 5198/5744/3113 5196/5745/3113 5194/5746/3113 5192/5747/3113 5190/5748/3113 5188/5749/3113 5186/5750/3113 5184/5751/3113 5182/5752/3113 5180/5753/3113 5178/5754/3113 5176/5755/3113 5174/5756/3113 5172/5757/3113 5170/5758/3113 5168/5759/3113 5166/5760/3113 5164/5761/3113 5162/5762/3113 5160/5763/3113 5158/5764/3113
f 5213/5732/3114 5214/5731/3114 5216/5765/3114 5215/5766/3114
f 5215/5766/3115 5216/5765/3115 5154/5767/3115 5153/5768/3115
f 5153/5769/3116 5155/5770/3116 5157/5771/3116 5159/5772/3116 5161/5773/3116 5163/5774/3116 5165/5775/3116 5167/5776/3116 5169/5777/3116 5171/5778/3116 5173/5779/3116 5175/5780/3116 5177/5781/3116 5179/5782/3116 5181/5783/3116 5183/5784/3116 5185/5785/3116 5187/5786/3116 5189/5787/3116 5191/5788/3116 5193/5789/3116 5195/5790/3116 5197/5791/3116 5199/5792/3116 5201/5793/3116 5203/5794/3116 5205/5795/3116 5207/5796/3116 5209/5797/3116 5211/5798/3116 5213/5799/3116 5215/5800/3116
o Cylinder.044
v 0.724488 -0.115930 -0.474357
v 0.724488 0.105647 -0.474357
v 0.722637 -0.115930 -0.475725
v 0.722637 0.105647 -0.475725
v 0.721088 -0.115930 -0.477427
v 0.721088 0.105647 -0.477427
v 0.719902 -0.115930 -0.479399
v 0.719902 0.105647 -0.479399
v 0.719123 -0.115930 -0.481565
v 0.719123 0.105647 -0.481565
v 0.718781 -0.115930 -0.483841
v 0.718781 0.105647 -0.483841
v 0.718890 -0.115930 -0.486139
v 0.718890 0.105647 -0.486139
v 0.719445 -0.115930 -0.488373
v 0.719445 0.105647 -0.488373
v 0.720426 -0.115930 -0.490455
v 0.720426 0.105647 -0.490455
v 0.721793 -0.115930 -0.492306
v 0.721793 0.105647 -0.492306
v 0.723496 -0.115930 -0.493854
v 0.723496 0.105647 -0.493854
v 0.725468 -0.115930 -0.495041
v 0.725468 0.105647 -0.495041
v 0.727633 -0.115930 -0.495820
v 0.727633 0.105647 -0.495820
v 0.729909 -0.115930 -0.496161
v 0.729909 0.105647 -0.496161
v 0.732208 -0.115930 -0.496052
v 0.732208 0.105647 -0.496052
v 0.734441 -0.115930 -0.495497
v 0.734441 0.105647 -0.495497
v 0.736523 -0.115930 -0.494517
v 0.736523 0.105647 -0.494517
v 0.738374 -0.115930 -0.493149
v 0.738374 0.105647 -0.493149
v 0.739922 -0.115930 -0.491447
v 0.739922 0.105647 -0.491447
v 0.741109 -0.115930 -0.489475
v 0.741109 0.105647 -0.489475
v 0.741888 -0.115930 -0.487309
v 0.741888 0.105647 -0.487309
v 0.742230 -0.115930 -0.485034
v 0.742230 0.105647 -0.485034
v 0.742121 -0.115930 -0.482735
v 0.742121 0.105647 -0.482735
v 0.741565 -0.115930 -0.480502
v 0.741565 0.105647 -0.480502
v 0.740585 -0.115930 -0.478419
v 0.740585 0.105647 -0.478419
v 0.739217 -0.115930 -0.476569
v 0.739217 0.105647 -0.476569
v 0.737515 -0.115930 -0.475020
v 0.737515 0.105647 -0.475020
v 0.735543 -0.115930 -0.473834
v 0.735543 0.105647 -0.473834
v 0.733378 -0.115930 -0.473054
v 0.733378 0.105647 -0.473054
v 0.731102 -0.115930 -0.472713
v 0.731102 0.105647 -0.472713
v 0.728803 -0.115930 -0.472822
v 0.728803 0.105647 -0.472822
v 0.726570 -0.115930 -0.473377
v 0.726570 0.105647 -0.473377
vn -0.5943 -0.0000 0.8042
vn -0.7396 -0.0000 0.6731
vn -0.8570 -0.0000 0.5154
vn -0.9410 -0.0000 0.3384
vn -0.9889 -0.0000 0.1486
vn -0.9989 -0.0000 -0.0474
vn -0.9705 -0.0000 -0.2411
vn -0.9046 -0.0000 -0.4262
vn -0.8042 -0.0000 -0.5943
vn -0.6730 -0.0000 -0.7397
vn -0.5157 -0.0000 -0.8568
vn -0.3385 -0.0000 -0.9409
vn -0.1482 -0.0000 -0.9890
vn 0.0474 -0.0000 -0.9989
vn 0.2412 -0.0000 -0.9705
vn 0.4263 -0.0000 -0.9046
vn 0.5943 -0.0000 -0.8042
vn 0.7398 -0.0000 -0.6728
vn 0.8570 -0.0000 -0.5153
vn 0.9410 -0.0000 -0.3384
vn 0.9889 -0.0000 -0.1487
vn 0.9989 -0.0000 0.0474
vn 0.9705 -0.0000 0.2411
vn 0.9047 -0.0000 0.4260
vn 0.8043 -0.0000 0.5942
vn 0.6731 -0.0000 0.7396
vn 0.5157 -0.0000 0.8568
vn 0.3384 -0.0000 0.9410
vn 0.1482 -0.0000 0.9890
vn -0.0474 -0.0000 0.9989
vn -0.0000 1.0000 -0.0000
vn -0.2412 -0.0000 0.9705
vn -0.4259 -0.0000 0.9048
vn -0.0000 -1.0000 -0.0000
vt 1.000000 0.500000
vt 1.000000 1.000000
vt 0.968750 1.000000
vt 0.968750 0.500000
vt 0.937500 1.000000
vt 0.937500 0.500000
vt 0.906250 1.000000
vt 0.906250 0.500000
vt 0.875000 1.000000
vt 0.875000 0.500000
vt 0.843750 1.000000
vt 0.843750 0.500000
vt 0.812500 1.000000
vt 0.812500 0.500000
vt 0.781250 1.000000
vt 0.781250 0.500000
vt 0.750000 1.000000
vt 0.750000 0.500000
vt 0.718750 1.000000
vt 0.718750 0.500000
vt 0.687500 1.000000
vt 0.687500 0.500000
vt 0.656250 1.000000
vt 0.656250 0.500000
vt 0.625000 1.000000
vt 0.625000 0.500000
vt 0.593750 1.000000
vt 0.593750 0.500000
vt 0.562500 1.000000
vt 0.562500 0.500000
vt 0.531250 1.000000
vt 0.531250 0.500000
vt 0.500000 1.000000
vt 0.500000 0.500000
vt 0.468750 1.000000
vt 0.468750 0.500000
vt 0.437500 1.000000
vt 0.437500 0.500000
vt 0.406250 1.000000
vt 0.406250 0.500000
vt 0.375000 1.000000
vt 0.375000 0.500000
vt 0.343750 1.000000
vt 0.343750 0.500000
vt 0.312500 1.000000
vt 0.312500 0.500000
vt 0.281250 1.000000
vt 0.281250 0.500000
vt 0.250000 1.000000
vt 0.250000 0.500000
vt 0.218750 1.000000
vt 0.218750 0.500000
vt 0.187500 1.000000
vt 0.187500 0.500000
vt 0.156250 1.000000
vt 0.156250 0.500000
vt 0.125000 1.000000
vt 0.125000 0.500000
vt 0.093750 1.000000
vt 0.093750 0.500000
vt 0.062500 1.000000
vt 0.062500 0.500000
vt 0.296822 0.485388
vt 0.250000 0.490000
vt 0.203178 0.485388
vt 0.158156 0.471731
vt 0.116663 0.449553
vt 0.080294 0.419706
vt 0.050447 0.383337
vt 0.028269 0.341844
vt 0.014612 0.296822
vt 0.010000 0.250000
vt 0.014612 0.203178
vt 0.028269 0.158156
vt 0.050447 0.116663
vt 0.080294 0.080294
vt 0.116663 0.050447
vt 0.158156 0.028269
vt 0.203178 0.014612
vt 0.250000 0.010000
vt 0.296822 0.014612
vt 0.341844 0.028269
vt 0.383337 0.050447
vt 0.419706 0.080294
vt 0.449553 0.116663
vt 0.471731 0.158156
vt 0.485388 0.203178
vt 0.490000 0.250000
vt 0.485388 0.296822
vt 0.471731 0.341844
vt 0.449553 0.383337
vt 0.419706 0.419706
vt 0.383337 0.449553
vt 0.341844 0.471731
vt 0.031250 1.000000
vt 0.031250 0.500000
vt 0.000000 1.000000
vt 0.000000 0.500000
vt 0.750000 0.490000
vt 0.796822 0.485388
vt 0.841844 0.471731
vt 0.883337 0.449553
vt 0.919706 0.419706
vt 0.949553 0.383337
vt 0.971731 0.341844
vt 0.985388 0.296822
vt 0.990000 0.250000
vt 0.985388 0.203178
vt 0.971731 0.158156
vt 0.949553 0.116663
vt 0.919706 0.080294
vt 0.883337 0.050447
vt 0.841844 0.028269
vt 0.796822 0.014612
vt 0.750000 0.010000
vt 0.703178 0.014612
vt 0.658156 0.028269
vt 0.616663 0.050447
vt 0.580294 0.080294
vt 0.550447 0.116663
vt 0.528269 0.158156
vt 0.514612 0.203178
vt 0.510000 0.250000
vt 0.514612 0.296822
vt 0.528269 0.341844
vt 0.550447 0.383337
vt 0.580294 0.419706
vt 0.616663 0.449553
vt 0.658156 0.471731
vt 0.703178 0.485388
s 1
f 5217/5801/3117 5218/5802/3117 5220/5803/3117 5219/5804/3117
f 5219/5804/3118 5220/5803/3118 5222/5805/3118 5221/5806/3118
f 5221/5806/3119 5222/5805/3119 5224/5807/3119 5223/5808/3119
f 5223/5808/3120 5224/5807/3120 5226/5809/3120 5225/5810/3120
f 5225/5810/3121 5226/5809/3121 5228/5811/3121 5227/5812/3121
f 5227/5812/3122 5228/5811/3122 5230/5813/3122 5229/5814/3122
f 5229/5814/3123 5230/5813/3123 5232/5815/3123 5231/5816/3123
f 5231/5816/3124 5232/5815/3124 5234/5817/3124 5233/5818/3124
f 5233/5818/3125 5234/5817/3125 5236/5819/3125 5235/5820/3125
f 5235/5820/3126 5236/5819/3126 5238/5821/3126 5237/5822/3126
f 5237/5822/3127 5238/5821/3127 5240/5823/3127 5239/5824/3127
f 5239/5824/3128 5240/5823/3128 5242/5825/3128 5241/5826/3128
f 5241/5826/3129 5242/5825/3129 5244/5827/3129 5243/5828/3129
f 5243/5828/3130 5244/5827/3130 5246/5829/3130 5245/5830/3130
f 5245/5830/3131 5246/5829/3131 5248/5831/3131 5247/5832/3131
f 5247/5832/3132 5248/5831/3132 5250/5833/3132 5249/5834/3132
f 5249/5834/3133 5250/5833/3133 5252/5835/3133 5251/5836/3133
f 5251/5836/3134 5252/5835/3134 5254/5837/3134 5253/5838/3134
f 5253/5838/3135 5254/5837/3135 5256/5839/3135 5255/5840/3135
f 5255/5840/3136 5256/5839/3136 5258/5841/3136 5257/5842/3136
f 5257/5842/3137 5258/5841/3137 5260/5843/3137 5259/5844/3137
f 5259/5844/3138 5260/5843/3138 5262/5845/3138 5261/5846/3138
f 5261/5846/3139 5262/5845/3139 5264/5847/3139 5263/5848/3139
f 5263/5848/3140 5264/5847/3140 5266/5849/3140 5265/5850/3140
f 5265/5850/3141 5266/5849/3141 5268/5851/3141 5267/5852/3141
f 5267/5852/3142 5268/5851/3142 5270/5853/3142 5269/5854/3142
f 5269/5854/3143 5270/5853/3143 5272/5855/3143 5271/5856/3143
f 5271/5856/3144 5272/5855/3144 5274/5857/3144 5273/5858/3144
f 5273/5858/3145 5274/5857/3145 5276/5859/3145 5275/5860/3145
f 5275/5860/3146 5276/5859/3146 5278/5861/3146 5277/5862/3146
f 5220/5863/3147 5218/5864/3147 5280/5865/3147 5278/5866/3147 5276/5867/3147 5274/5868/3147 5272/5869/3147 5270/5870/3147 5268/5871/3147 5266/5872/3147 5264/5873/3147 5262/5874/3147 5260/5875/3147 5258/5876/3147 5256/5877/3147 5254/5878/3147 5252/5879/3147 5250/5880/3147 5248/5881/3147 5246/5882/3147 5244/5883/3147 5242/5884/3147 5240/5885/3147 5238/5886/3147 5236/5887/3147 5234/5888/3147 5232/5889/3147 5230/5890/3147 5228/5891/3147 5226/5892/3147 5224/5893/3147 5222/5894/3147
f 5277/5862/3148 5278/5861/3148 5280/5895/3148 5279/5896/3148
f 5279/5896/3149 5280/5895/3149 5218/5897/3149 5217/5898/3149
f 5217/5899/3150 5219/5900/3150 5221/5901/3150 5223/5902/3150 5225/5903/3150 5227/5904/3150 5229/5905/3150 5231/5906/3150 5233/5907/3150 5235/5908/3150 5237/5909/3150 5239/5910/3150 5241/5911/3150 5243/5912/3150 5245/5913/3150 5247/5914/3150 5249/5915/3150 5251/5916/3150 5253/5917/3150 5255/5918/3150 5257/5919/3150 5259/5920/3150 5261/5921/3150 5263/5922/3150 5265/5923/3150 5267/5924/3150 5269/5925/3150 5271/5926/3150 5273/5927/3150 5275/5928/3150 5277/5929/3150 5279/5930/3150
o Cylinder.045
v 0.866840 -0.112918 -0.245859
v 0.866840 -0.089046 -0.245859
v 0.908201 -0.112918 -0.241786
v 0.908201 -0.089046 -0.241786
v 0.947973 -0.112918 -0.229721
v 0.947973 -0.089046 -0.229721
v 0.984626 -0.112918 -0.210130
v 0.984626 -0.089046 -0.210130
v 1.016753 -0.112918 -0.183764
v 1.016753 -0.089046 -0.183764
v 1.043119 -0.112918 -0.151636
v 1.043119 -0.089046 -0.151636
v 1.062711 -0.112918 -0.114983
v 1.062711 -0.089046 -0.114983
v 1.074775 -0.112918 -0.075212
v 1.074775 -0.089046 -0.075212
v 1.078849 -0.112918 -0.033851
v 1.078849 -0.089046 -0.033851
v 1.074775 -0.112918 0.007510
v 1.074775 -0.089046 0.007510
v 1.062711 -0.112918 0.047282
v 1.062711 -0.089046 0.047282
v 1.043119 -0.112918 0.083935
v 1.043119 -0.089046 0.083935
v 1.016753 -0.112918 0.116062
v 1.016753 -0.089046 0.116062
v 0.984626 -0.112918 0.142428
v 0.984626 -0.089046 0.142428
v 0.947973 -0.112918 0.162020
v 0.947973 -0.089046 0.162020
v 0.908201 -0.112918 0.174084
v 0.908201 -0.089046 0.174084
v 0.866840 -0.112918 0.178158
v 0.866840 -0.089046 0.178158
v 0.825480 -0.112918 0.174084
v 0.825480 -0.089046 0.174084
v 0.785708 -0.112918 0.162020
v 0.785708 -0.089046 0.162020
v 0.749055 -0.112918 0.142428
v 0.749055 -0.089046 0.142428
v 0.716928 -0.112918 0.116062
v 0.716928 -0.089046 0.116062
v 0.690562 -0.112918 0.083935
v 0.690562 -0.089046 0.083935
v 0.670970 -0.112918 0.047282
v 0.670970 -0.089046 0.047282
v 0.658905 -0.112918 0.007510
v 0.658905 -0.089046 0.007510
v 0.654832 -0.112918 -0.033851
v 0.654832 -0.089046 -0.033851
v 0.658905 -0.112918 -0.075212
v 0.658905 -0.089046 -0.075212
v 0.670970 -0.112918 -0.114983
v 0.670970 -0.089046 -0.114983
v 0.690562 -0.112918 -0.151636
v 0.690562 -0.089046 -0.151636
v 0.716928 -0.112918 -0.183764
v 0.716928 -0.089046 -0.183764
v 0.749055 -0.112918 -0.210130
v 0.749055 -0.089046 -0.210130
v 0.785708 -0.112918 -0.229721
v 0.785708 -0.089046 -0.229721
v 0.825480 -0.112918 -0.241786
v 0.825480 -0.089046 -0.241786
vn 0.0980 -0.0000 -0.9952
vn 0.2903 -0.0000 -0.9569
vn 0.4714 -0.0000 -0.8819
vn 0.6344 -0.0000 -0.7730
vn 0.7730 -0.0000 -0.6344
vn 0.8819 -0.0000 -0.4714
vn 0.9569 -0.0000 -0.2903
vn 0.9952 -0.0000 -0.0980
vn 0.9952 -0.0000 0.0980
vn 0.9569 -0.0000 0.2903
vn 0.8819 -0.0000 0.4714
vn 0.7730 -0.0000 0.6344
vn 0.6344 -0.0000 0.7730
vn 0.4714 -0.0000 0.8819
vn 0.2903 -0.0000 0.9569
vn 0.0980 -0.0000 0.9952
vn -0.0980 -0.0000 0.9952
vn -0.2903 -0.0000 0.9569
vn -0.4714 -0.0000 0.8819
vn -0.6344 -0.0000 0.7730
vn -0.7730 -0.0000 0.6344
vn -0.8819 -0.0000 0.4714
vn -0.9569 -0.0000 0.2903
vn -0.9952 -0.0000 0.0980
vn -0.9952 -0.0000 -0.0980
vn -0.9569 -0.0000 -0.2903
vn -0.8819 -0.0000 -0.4714
vn -0.7730 -0.0000 -0.6344
vn -0.6344 -0.0000 -0.7730
vn -0.4714 -0.0000 -0.8819
vn -0.0000 1.0000 -0.0000
vn -0.2903 -0.0000 -0.9569
vn -0.0980 -0.0000 -0.9952
vn -0.0000 -1.0000 -0.0000
vt 1.000000 0.500000
vt 1.000000 1.000000
vt 0.968750 1.000000
vt 0.968750 0.500000
vt 0.937500 1.000000
vt 0.937500 0.500000
vt 0.906250 1.000000
vt 0.906250 0.500000
vt 0.875000 1.000000
vt 0.875000 0.500000
vt 0.843750 1.000000
vt 0.843750 0.500000
vt 0.812500 1.000000
vt 0.812500 0.500000
vt 0.781250 1.000000
vt 0.781250 0.500000
vt 0.750000 1.000000
vt 0.750000 0.500000
vt 0.718750 1.000000
vt 0.718750 0.500000
vt 0.687500 1.000000
vt 0.687500 0.500000
vt 0.656250 1.000000
vt 0.656250 0.500000
vt 0.625000 1.000000
vt 0.625000 0.500000
vt 0.593750 1.000000
vt 0.593750 0.500000
vt 0.562500 1.000000
vt 0.562500 0.500000
vt 0.531250 1.000000
vt 0.531250 0.500000
vt 0.500000 1.000000
vt 0.500000 0.500000
vt 0.468750 1.000000
vt 0.468750 0.500000
vt 0.437500 1.000000
vt 0.437500 0.500000
vt 0.406250 1.000000
vt 0.406250 0.500000
vt 0.375000 1.000000
vt 0.375000 0.500000
vt 0.343750 1.000000
vt 0.343750 0.500000
vt 0.312500 1.000000
vt 0.312500 0.500000
vt 0.281250 1.000000
vt 0.281250 0.500000
vt 0.250000 1.000000
vt 0.250000 0.500000
vt 0.218750 1.000000
vt 0.218750 0.500000
vt 0.187500 1.000000
vt 0.187500 0.500000
vt 0.156250 1.000000
vt 0.156250 0.500000
vt 0.125000 1.000000
vt 0.125000 0.500000
vt 0.093750 1.000000
vt 0.093750 0.500000
vt 0.062500 1.000000
vt 0.062500 0.500000
vt 0.296822 0.485388
vt 0.250000 0.490000
vt 0.203178 0.485388
vt 0.158156 0.471731
vt 0.116663 0.449553
vt 0.080294 0.419706
vt 0.050447 0.383337
vt 0.028269 0.341844
vt 0.014612 0.296822
vt 0.010000 0.250000
vt 0.014612 0.203178
vt 0.028269 0.158156
vt 0.050447 0.116663
vt 0.080294 0.080294
vt 0.116663 0.050447
vt 0.158156 0.028269
vt 0.203178 0.014612
vt 0.250000 0.010000
vt 0.296822 0.014612
vt 0.341844 0.028269
vt 0.383337 0.050447
vt 0.419706 0.080294
vt 0.449553 0.116663
vt 0.471731 0.158156
vt 0.485388 0.203178
vt 0.490000 0.250000
vt 0.485388 0.296822
vt 0.471731 0.341844
vt 0.449553 0.383337
vt 0.419706 0.419706
vt 0.383337 0.449553
vt 0.341844 0.471731
vt 0.031250 1.000000
vt 0.031250 0.500000
vt 0.000000 1.000000
vt 0.000000 0.500000
vt 0.750000 0.490000
vt 0.796822 0.485388
vt 0.841844 0.471731
vt 0.883337 0.449553
vt 0.919706 0.419706
vt 0.949553 0.383337
vt 0.971731 0.341844
vt 0.985388 0.296822
vt 0.990000 0.250000
vt 0.985388 0.203178
vt 0.971731 0.158156
vt 0.949553 0.116663
vt 0.919706 0.080294
vt 0.883337 0.050447
vt 0.841844 0.028269
vt 0.796822 0.014612
vt 0.750000 0.010000
vt 0.703178 0.014612
vt 0.658156 0.028269
vt 0.616663 0.050447
vt 0.580294 0.080294
vt 0.550447 0.116663
vt 0.528269 0.158156
vt 0.514612 0.203178
vt 0.510000 0.250000
vt 0.514612 0.296822
vt 0.528269 0.341844
vt 0.550447 0.383337
vt 0.580294 0.419706
vt 0.616663 0.449553
vt 0.658156 0.471731
vt 0.703178 0.485388
s 1
f 5281/5931/3151 5282/5932/3151 5284/5933/3151 5283/5934/3151
f 5283/5934/3152 5284/5933/3152 5286/5935/3152 5285/5936/3152
f 5285/5936/3153 5286/5935/3153 5288/5937/3153 5287/5938/3153
f 5287/5938/3154 5288/5937/3154 5290/5939/3154 5289/5940/3154
f 5289/5940/3155 5290/5939/3155 5292/5941/3155 5291/5942/3155
f 5291/5942/3156 5292/5941/3156 5294/5943/3156 5293/5944/3156
f 5293/5944/3157 5294/5943/3157 5296/5945/3157 5295/5946/3157
f 5295/5946/3158 5296/5945/3158 5298/5947/3158 5297/5948/3158
f 5297/5948/3159 5298/5947/3159 5300/5949/3159 5299/5950/3159
f 5299/5950/3160 5300/5949/3160 5302/5951/3160 5301/5952/3160
f 5301/5952/3161 5302/5951/3161 5304/5953/3161 5303/5954/3161
f 5303/5954/3162 5304/5953/3162 5306/5955/3162 5305/5956/3162
f 5305/5956/3163 5306/5955/3163 5308/5957/3163 5307/5958/3163
f 5307/5958/3164 5308/5957/3164 5310/5959/3164 5309/5960/3164
f 5309/5960/3165 5310/5959/3165 5312/5961/3165 5311/5962/3165
f 5311/5962/3166 5312/5961/3166 5314/5963/3166 5313/5964/3166
f 5313/5964/3167 5314/5963/3167 5316/5965/3167 5315/5966/3167
f 5315/5966/3168 5316/5965/3168 5318/5967/3168 5317/5968/3168
f 5317/5968/3169 5318/5967/3169 5320/5969/3169 5319/5970/3169
f 5319/5970/3170 5320/5969/3170 5322/5971/3170 5321/5972/3170
f 5321/5972/3171 5322/5971/3171 5324/5973/3171 5323/5974/3171
f 5323/5974/3172 5324/5973/3172 5326/5975/3172 5325/5976/3172
f 5325/5976/3173 5326/5975/3173 5328/5977/3173 5327/5978/3173
f 5327/5978/3174 5328/5977/3174 5330/5979/3174 5329/5980/3174
f 5329/5980/3175 5330/5979/3175 5332/5981/3175 5331/5982/3175
f 5331/5982/3176 5332/5981/3176 5334/5983/3176 5333/5984/3176
f 5333/5984/3177 5334/5983/3177 5336/5985/3177 5335/5986/3177
f 5335/5986/3178 5336/5985/3178 5338/5987/3178 5337/5988/3178
f 5337/5988/3179 5338/5987/3179 5340/5989/3179 5339/5990/3179
f 5339/5990/3180 5340/5989/3180 5342/5991/3180 5341/5992/3180
f 5284/5993/3181 5282/5994/3181 5344/5995/3181 5342/5996/3181 5340/5997/3181 5338/5998/3181 5336/5999/3181 5334/6000/3181 5332/6001/3181 5330/6002/3181 5328/6003/3181 5326/6004/3181 5324/6005/3181 5322/6006/3181 5320/6007/3181 5318/6008/3181 5316/6009/3181 5314/6010/3181 5312/6011/3181 5310/6012/3181 5308/6013/3181 5306/6014/3181 5304/6015/3181 5302/6016/3181 5300/6017/3181 5298/6018/3181 5296/6019/3181 5294/6020/3181 5292/6021/3181 5290/6022/3181 5288/6023/3181 5286/6024/3181
f 5341/5992/3182 5342/5991/3182 5344/6025/3182 5343/6026/3182
f 5343/6026/3183 5344/6025/3183 5282/6027/3183 5281/6028/3183
f 5281/6029/3184 5283/6030/3184 5285/6031/3184 5287/6032/3184 5289/6033/3184 5291/6034/3184 5293/6035/3184 5295/6036/3184 5297/6037/3184 5299/6038/3184 5301/6039/3184 5303/6040/3184 5305/6041/3184 5307/6042/3184 5309/6043/3184 5311/6044/3184 5313/6045/3184 5315/6046/3184 5317/6047/3184 5319/6048/3184 5321/6049/3184 5323/6050/3184 5325/6051/3184 5327/6052/3184 5329/6053/3184 5331/6054/3184 5333/6055/3184 5335/6056/3184 5337/6057/3184 5339/6058/3184 5341/6059/3184 5343/6060/3184
o Text
v 1.685658 0.114078 -0.110105
v 1.686371 0.114078 -0.107113
v 1.687845 0.098891 -0.100816
v 1.689376 0.114078 -0.094499
v 1.690096 0.114078 -0.091476
v 1.687894 0.092265 -0.100566
v 1.687747 0.092265 -0.101183
v 1.690375 0.114078 -0.090304
v 1.693219 0.114078 -0.078368
v 1.693185 0.092455 -0.078360
v 1.690275 0.092455 -0.090574
v 1.690279 0.095245 -0.090575
v 1.692469 0.095245 -0.081384
v 1.692480 0.101966 -0.081386
v 1.690430 0.101966 -0.089991
v 1.690434 0.104757 -0.089992
v 1.692484 0.104757 -0.081387
v 1.692495 0.111288 -0.081390
v 1.690371 0.111288 -0.090303
v 1.694322 0.114078 -0.073742
v 1.694998 0.114078 -0.070904
v 1.694971 0.097337 -0.070898
v 1.698393 0.114078 -0.056655
v 1.698966 0.114078 -0.054250
v 1.698931 0.092455 -0.054241
v 1.698255 0.092455 -0.057079
v 1.698282 0.109100 -0.057085
v 1.694904 0.092455 -0.071143
v 1.694287 0.092455 -0.073734
v 1.699789 0.114078 -0.050795
v 1.702633 0.114078 -0.038859
v 1.702598 0.092455 -0.038851
v 1.699688 0.092455 -0.051065
v 1.699693 0.095245 -0.051066
v 1.701882 0.095245 -0.041875
v 1.701893 0.101966 -0.041877
v 1.699843 0.101966 -0.050482
v 1.699847 0.104757 -0.050483
v 1.701898 0.104757 -0.041878
v 1.701908 0.111288 -0.041881
v 1.699784 0.111288 -0.050794
v 1.705398 0.106627 -0.027198
v 1.706755 0.114078 -0.021557
v 1.707622 0.114078 -0.017918
v 1.705747 0.103900 -0.025717
v 1.705729 0.092455 -0.025712
v 1.705008 0.092455 -0.028735
v 1.705027 0.103869 -0.028739
v 1.703184 0.114078 -0.036546
v 1.704051 0.114078 -0.032907
v 1.712898 0.114078 0.004227
v 1.712864 0.092455 0.004235
v 1.712144 0.092455 0.001213
v 1.712159 0.101808 0.001209
v 1.711409 0.101808 -0.001937
v 1.711132 0.101862 -0.003100
v 1.710881 0.102021 -0.004154
v 1.710656 0.102277 -0.005101
v 1.710456 0.102624 -0.005942
v 1.710281 0.103055 -0.006678
v 1.710131 0.103564 -0.007312
v 1.710006 0.104143 -0.007843
v 1.709904 0.104786 -0.008275
v 1.709826 0.105486 -0.008609
v 1.709770 0.106237 -0.008845
v 1.709738 0.107032 -0.008986
v 1.709728 0.107864 -0.009033
v 1.709740 0.108705 -0.008989
v 1.709773 0.109513 -0.008857
v 1.709828 0.110279 -0.008634
v 1.709904 0.110997 -0.008320
v 1.710002 0.111658 -0.007913
v 1.710122 0.112255 -0.007411
v 1.710265 0.112781 -0.006814
v 1.710432 0.113228 -0.006120
v 1.710621 0.113588 -0.005327
v 1.710834 0.113855 -0.004434
v 1.711071 0.114021 -0.003439
v 1.711333 0.114078 -0.002342
v 1.712174 0.111288 0.001206
v 1.711329 0.111288 -0.002341
v 1.711174 0.111253 -0.002988
v 1.711038 0.111154 -0.003559
v 1.710919 0.110996 -0.004058
v 1.710816 0.110785 -0.004489
v 1.710729 0.110529 -0.004854
v 1.710655 0.110234 -0.005159
v 1.710596 0.109905 -0.005407
v 1.710549 0.109550 -0.005601
v 1.710514 0.109174 -0.005745
v 1.710490 0.108785 -0.005844
v 1.710476 0.108388 -0.005900
v 1.710471 0.107990 -0.005918
v 1.710477 0.107471 -0.005888
v 1.710497 0.106991 -0.005799
v 1.710531 0.106551 -0.005655
v 1.710577 0.106153 -0.005458
v 1.710636 0.105797 -0.005209
v 1.710707 0.105486 -0.004910
v 1.710788 0.105219 -0.004565
v 1.710881 0.104998 -0.004176
v 1.710984 0.104825 -0.003744
v 1.711096 0.104700 -0.003271
v 1.711217 0.104624 -0.002761
v 1.711347 0.104598 -0.002215
v 1.712163 0.104598 0.001208
v 1.715654 0.114205 0.015793
v 1.716161 0.114205 0.017921
v 1.718279 0.092455 0.026966
v 1.717545 0.092455 0.023882
v 1.716923 0.098828 0.021227
v 1.714792 0.098828 0.012283
v 1.714113 0.092455 0.009478
v 1.713378 0.092455 0.006394
v 1.715911 0.109449 0.016905
v 1.715090 0.101618 0.013515
v 1.716648 0.101618 0.020054
v 1.718789 0.103108 0.029028
v 1.720472 0.103108 0.036091
v 1.720467 0.100318 0.036092
v 1.719505 0.100318 0.032052
v 1.719497 0.095879 0.032054
v 1.719584 0.095762 0.032417
v 1.719671 0.095650 0.032782
v 1.719758 0.095545 0.033149
v 1.719846 0.095446 0.033518
v 1.719934 0.095355 0.033891
v 1.720024 0.095273 0.034267
v 1.720114 0.095200 0.034647
v 1.720206 0.095139 0.035031
v 1.720298 0.095090 0.035420
v 1.720392 0.095053 0.035814
v 1.720487 0.095031 0.036213
v 1.720584 0.095023 0.036619
v 1.720874 0.095093 0.037836
v 1.721148 0.095297 0.038984
v 1.721404 0.095628 0.040056
v 1.721640 0.096081 0.041046
v 1.721856 0.096648 0.041945
v 1.722048 0.097322 0.042748
v 1.722216 0.098096 0.043446
v 1.722357 0.098964 0.044033
v 1.722470 0.099918 0.044502
v 1.722554 0.100953 0.044845
v 1.722606 0.102061 0.045056
v 1.722625 0.103235 0.045128
v 1.722610 0.104383 0.045055
v 1.722561 0.105477 0.044843
v 1.722481 0.106507 0.044501
v 1.722372 0.107466 0.044038
v 1.722237 0.108343 0.043462
v 1.722076 0.109132 0.042782
v 1.721892 0.109823 0.042007
v 1.721688 0.110407 0.041145
v 1.721465 0.110877 0.040207
v 1.721226 0.111223 0.039199
v 1.720972 0.111437 0.038132
v 1.720706 0.111510 0.037013
v 1.720555 0.111495 0.036380
v 1.720404 0.111449 0.035747
v 1.720252 0.111374 0.035113
v 1.720101 0.111269 0.034479
v 1.719950 0.111135 0.033845
v 1.719799 0.110971 0.033212
v 1.719648 0.110778 0.032581
v 1.719498 0.110556 0.031951
v 1.719348 0.110306 0.031323
v 1.719198 0.110027 0.030698
v 1.719050 0.109720 0.030076
v 1.718902 0.109386 0.029458
v 1.718907 0.112524 0.029457
v 1.719096 0.112860 0.030250
v 1.719272 0.113156 0.030986
v 1.719436 0.113414 0.031673
v 1.719590 0.113635 0.032318
v 1.719736 0.113823 0.032929
v 1.719876 0.113979 0.033516
v 1.720012 0.114105 0.034085
v 1.720146 0.114204 0.034644
v 1.720279 0.114277 0.035203
v 1.720413 0.114326 0.035768
v 1.720552 0.114354 0.036348
v 1.720695 0.114363 0.036951
v 1.721069 0.114264 0.038520
v 1.721425 0.113974 0.040014
v 1.721759 0.113506 0.041421
v 1.722070 0.112870 0.042729
v 1.722353 0.112078 0.043926
v 1.722608 0.111141 0.045002
v 1.722831 0.110072 0.045943
v 1.723019 0.108882 0.046740
v 1.723169 0.107582 0.047380
v 1.723279 0.106184 0.047851
v 1.723346 0.104699 0.048143
v 1.723367 0.103140 0.048243
v 1.723341 0.101592 0.048146
v 1.723271 0.100125 0.047863
v 1.723159 0.098750 0.047402
v 1.723008 0.097477 0.046775
v 1.722819 0.096316 0.045993
v 1.722597 0.095277 0.045065
v 1.722342 0.094369 0.044004
v 1.722058 0.093604 0.042818
v 1.721748 0.092992 0.041520
v 1.721413 0.092542 0.040119
v 1.721057 0.092264 0.038626
v 1.720682 0.092169 0.037051
v 1.720510 0.092180 0.036332
v 1.720345 0.092213 0.035635
v 1.720183 0.092269 0.034957
v 1.720025 0.092348 0.034294
v 1.719870 0.092452 0.033641
v 1.719716 0.092582 0.032996
v 1.719563 0.092738 0.032352
v 1.719410 0.092921 0.031708
v 1.719255 0.093133 0.031057
v 1.719099 0.093373 0.030397
v 1.718938 0.093644 0.029723
v 1.718774 0.093945 0.029032
v 1.682574 0.114083 -0.109370
v 1.683286 0.114083 -0.106378
v 1.684761 0.098896 -0.100081
v 1.686292 0.114083 -0.093764
v 1.687012 0.114083 -0.090741
v 1.684809 0.092270 -0.099832
v 1.684662 0.092270 -0.100448
v 1.687291 0.114083 -0.089569
v 1.690135 0.114083 -0.077633
v 1.690101 0.092460 -0.077625
v 1.687191 0.092460 -0.089839
v 1.687195 0.095250 -0.089840
v 1.689385 0.095250 -0.080649
v 1.689396 0.101972 -0.080651
v 1.687345 0.101972 -0.089256
v 1.687350 0.104762 -0.089257
v 1.689400 0.104762 -0.080652
v 1.689410 0.111293 -0.080655
v 1.687287 0.111293 -0.089568
v 1.691237 0.114083 -0.073007
v 1.691913 0.114083 -0.070170
v 1.691887 0.097343 -0.070163
v 1.695308 0.114083 -0.055921
v 1.695881 0.114083 -0.053515
v 1.695847 0.092460 -0.053507
v 1.695171 0.092460 -0.056344
v 1.695197 0.109105 -0.056350
v 1.691820 0.092460 -0.070408
v 1.691203 0.092460 -0.072999
v 1.696705 0.114083 -0.050061
v 1.699548 0.114083 -0.038125
v 1.699514 0.092460 -0.038116
v 1.696604 0.092460 -0.050330
v 1.696608 0.095250 -0.050331
v 1.698798 0.095250 -0.041140
v 1.698809 0.101972 -0.041143
v 1.696759 0.101972 -0.049748
v 1.696763 0.104762 -0.049749
v 1.698813 0.104762 -0.041144
v 1.698824 0.111293 -0.041146
v 1.696700 0.111293 -0.050059
v 1.702314 0.106632 -0.026463
v 1.703671 0.114083 -0.020822
v 1.704538 0.114083 -0.017183
v 1.702662 0.103906 -0.024982
v 1.702644 0.092460 -0.024978
v 1.701924 0.092460 -0.028000
v 1.701942 0.103874 -0.028004
v 1.700099 0.114083 -0.035811
v 1.700967 0.114083 -0.032172
v 1.709814 0.114083 0.004962
v 1.709780 0.092460 0.004970
v 1.709059 0.092460 0.001948
v 1.709074 0.101813 0.001944
v 1.708325 0.101813 -0.001202
v 1.708048 0.101867 -0.002365
v 1.707797 0.102026 -0.003419
v 1.707572 0.102282 -0.004366
v 1.707372 0.102629 -0.005207
v 1.707197 0.103060 -0.005943
v 1.707047 0.103569 -0.006577
v 1.706921 0.104148 -0.007109
v 1.706820 0.104791 -0.007540
v 1.706741 0.105491 -0.007874
v 1.706686 0.106242 -0.008110
v 1.706654 0.107037 -0.008251
v 1.706644 0.107869 -0.008298
v 1.706656 0.108710 -0.008254
v 1.706689 0.109518 -0.008122
v 1.706743 0.110284 -0.007899
v 1.706819 0.111002 -0.007585
v 1.706918 0.111663 -0.007178
v 1.707038 0.112260 -0.006676
v 1.707181 0.112786 -0.006079
v 1.707347 0.113233 -0.005385
v 1.707537 0.113594 -0.004592
v 1.707750 0.113861 -0.003699
v 1.707987 0.114026 -0.002704
v 1.708249 0.114083 -0.001607
v 1.709089 0.111293 0.001940
v 1.708244 0.111293 -0.001606
v 1.708090 0.111258 -0.002253
v 1.707954 0.111159 -0.002824
v 1.707835 0.111001 -0.003323
v 1.707732 0.110790 -0.003754
v 1.707644 0.110534 -0.004119
v 1.707571 0.110239 -0.004424
v 1.707512 0.109910 -0.004672
v 1.707465 0.109555 -0.004866
v 1.707430 0.109180 -0.005010
v 1.707406 0.108790 -0.005109
v 1.707392 0.108394 -0.005165
v 1.707387 0.107996 -0.005183
v 1.707393 0.107476 -0.005153
v 1.707413 0.106996 -0.005065
v 1.707447 0.106556 -0.004921
v 1.707493 0.106158 -0.004723
v 1.707552 0.105803 -0.004474
v 1.707622 0.105491 -0.004176
v 1.707704 0.105224 -0.003831
v 1.707797 0.105004 -0.003441
v 1.707899 0.104830 -0.003009
v 1.708012 0.104705 -0.002536
v 1.708133 0.104629 -0.002026
v 1.708263 0.104603 -0.001480
v 1.709079 0.104603 0.001943
v 1.712570 0.114210 0.016528
v 1.713077 0.114210 0.018656
v 1.715195 0.092460 0.027701
v 1.714460 0.092460 0.024617
v 1.713839 0.098833 0.021962
v 1.711708 0.098833 0.013018
v 1.711029 0.092460 0.010213
v 1.710294 0.092460 0.007129
v 1.712827 0.109454 0.017640
v 1.712006 0.101623 0.014250
v 1.713564 0.101623 0.020789
v 1.715705 0.103113 0.029763
v 1.717387 0.103113 0.036826
v 1.717383 0.100323 0.036827
v 1.716420 0.100323 0.032787
v 1.716413 0.095884 0.032788
v 1.716500 0.095767 0.033152
v 1.716586 0.095656 0.033517
v 1.716674 0.095550 0.033884
v 1.716761 0.095451 0.034253
v 1.716850 0.095360 0.034626
v 1.716940 0.095278 0.035002
v 1.717030 0.095206 0.035381
v 1.717121 0.095144 0.035766
v 1.717214 0.095095 0.036154
v 1.717308 0.095059 0.036548
v 1.717403 0.095036 0.036948
v 1.717499 0.095028 0.037353
v 1.717790 0.095098 0.038571
v 1.718063 0.095302 0.039719
v 1.718320 0.095634 0.040791
v 1.718556 0.096086 0.041781
v 1.718771 0.096653 0.042680
v 1.718964 0.097327 0.043482
v 1.719131 0.098101 0.044181
v 1.719273 0.098969 0.044768
v 1.719386 0.099924 0.045237
v 1.719470 0.100958 0.045580
v 1.719522 0.102066 0.045791
v 1.719541 0.103240 0.045863
v 1.719525 0.104388 0.045790
v 1.719477 0.105482 0.045578
v 1.719397 0.106512 0.045236
v 1.719288 0.107471 0.044773
v 1.719152 0.108349 0.044196
v 1.718992 0.109137 0.043517
v 1.718808 0.109828 0.042742
v 1.718604 0.110412 0.041880
v 1.718381 0.110882 0.040942
v 1.718142 0.111228 0.039934
v 1.717888 0.111442 0.038867
v 1.717621 0.111515 0.037748
v 1.717470 0.111500 0.037115
v 1.717319 0.111455 0.036482
v 1.717168 0.111379 0.035848
v 1.717017 0.111274 0.035213
v 1.716866 0.111140 0.034580
v 1.716715 0.110976 0.033947
v 1.716564 0.110783 0.033316
v 1.716413 0.110561 0.032686
v 1.716264 0.110311 0.032058
v 1.716114 0.110032 0.031433
v 1.715966 0.109726 0.030811
v 1.715818 0.109391 0.030193
v 1.715823 0.112530 0.030191
v 1.716012 0.112865 0.030985
v 1.716188 0.113161 0.031721
v 1.716352 0.113419 0.032407
v 1.716506 0.113640 0.033052
v 1.716652 0.113828 0.033664
v 1.716792 0.113984 0.034250
v 1.716928 0.114110 0.034819
v 1.717061 0.114209 0.035379
v 1.717195 0.114282 0.035938
v 1.717329 0.114331 0.036503
v 1.717467 0.114360 0.037083
v 1.717611 0.114368 0.037685
v 1.717985 0.114269 0.039255
v 1.718340 0.113980 0.040749
v 1.718675 0.113511 0.042156
v 1.718985 0.112875 0.043464
v 1.719269 0.112083 0.044661
v 1.719524 0.111146 0.045736
v 1.719746 0.110077 0.046678
v 1.719934 0.108887 0.047475
v 1.720085 0.107587 0.048115
v 1.720194 0.106189 0.048586
v 1.720261 0.104704 0.048878
v 1.720283 0.103145 0.048978
v 1.720257 0.101597 0.048881
v 1.720187 0.100130 0.048597
v 1.720075 0.098756 0.048137
v 1.719923 0.097482 0.047510
v 1.719735 0.096321 0.046728
v 1.719512 0.095282 0.045800
v 1.719258 0.094375 0.044739
v 1.718974 0.093610 0.043553
v 1.718664 0.092997 0.042255
v 1.718329 0.092547 0.040854
v 1.717973 0.092269 0.039361
v 1.717598 0.092175 0.037786
v 1.717426 0.092185 0.037067
v 1.717260 0.092218 0.036370
v 1.717099 0.092274 0.035692
v 1.716941 0.092353 0.035029
v 1.716786 0.092457 0.034376
v 1.716632 0.092587 0.033730
v 1.716479 0.092743 0.033087
v 1.716326 0.092926 0.032442
v 1.716171 0.093138 0.031792
v 1.716014 0.093378 0.031132
v 1.715854 0.093649 0.030458
v 1.715690 0.093950 0.029767
vn 0.9728 -0.0016 -0.2318
vn 0.9728 -0.0016 -0.2317
vn 0.9728 -0.0017 -0.2318
vn 0.9728 -0.0015 -0.2317
vn 0.9728 -0.0015 -0.2318
vn 0.9728 -0.0015 -0.2315
vn 0.9727 -0.0018 -0.2319
vn 0.9728 -0.0014 -0.2318
vn 0.9728 -0.0017 -0.2317
vn 0.9727 -0.0015 -0.2319
vn 0.9728 -0.0018 -0.2318
vn 0.9728 -0.0019 -0.2318
vn 0.9728 -0.0016 -0.2316
vn 0.9727 -0.0018 -0.2321
vn 0.9727 -0.0017 -0.2320
vn 0.9727 -0.0017 -0.2319
vn 0.9727 -0.0016 -0.2319
vn 0.9728 -0.0020 -0.2317
vn 0.9728 -0.0015 -0.2316
vn 0.9728 -0.0013 -0.2317
vn 0.9727 -0.0014 -0.2319
vn 0.9728 -0.0018 -0.2317
vn 0.9727 -0.0016 -0.2320
vn 0.9728 -0.0013 -0.2318
vn 0.9728 -0.0017 -0.2316
vn -0.9727 0.0017 0.2320
vn -0.9728 0.0017 0.2317
vn -0.9727 0.0015 0.2319
vn -0.9728 0.0017 0.2318
vn -0.9728 0.0016 0.2318
vn -0.9727 0.0016 0.2320
vn -0.9728 0.0014 0.2317
vn -0.9728 0.0015 0.2317
vn -0.9728 0.0015 0.2315
vn -0.9728 0.0018 0.2318
vn -0.9728 0.0015 0.2318
vn -0.9728 0.0016 0.2317
vn -0.9727 0.0017 0.2319
vn -0.9727 0.0016 0.2319
vn -0.9728 0.0019 0.2318
vn -0.9727 0.0019 0.2320
vn -0.9728 0.0016 0.2319
vn -0.9728 0.0014 0.2316
vn -0.9727 0.0013 0.2319
vn -0.9728 0.0014 0.2318
vn -0.9727 0.0014 0.2319
vn -0.9728 0.0013 0.2318
vn -0.9728 0.0018 0.2317
vn -0.9727 0.0017 0.2321
vn -0.9728 0.0015 0.2316
vn -0.9728 0.0019 0.2316
vn -0.9727 0.0018 0.2319
vn -0.9728 0.0018 0.2316
vn -0.9728 0.0016 0.2316
vn -0.9727 0.0012 0.2319
vn -0.9728 0.0020 0.2317
vn 0.2123 -0.3941 0.8942
vn 0.0015 1.0000 -0.0004
vn -0.2125 0.3935 -0.8944
vn 0.2139 0.3918 0.8949
vn -0.2143 -0.3873 -0.8967
vn -0.0015 -1.0000 0.0004
vn 0.2318 -0.0000 0.9728
vn -0.2318 -0.0000 -0.9728
vn -0.2318 -0.0001 -0.9728
vn -0.0018 -1.0000 0.0004
vn -0.2318 0.0001 -0.9728
vn 0.2316 -0.0000 0.9728
vn -0.1732 0.6585 -0.7324
vn 0.1737 -0.6558 0.7347
vn 0.2317 -0.0000 0.9728
vn -0.2317 -0.0001 -0.9728
vn -0.2317 -0.0000 -0.9728
vn -0.2315 -0.0000 -0.9728
vn 0.1810 -0.6190 0.7642
vn -0.1820 0.6144 -0.7677
vn 0.1831 0.6186 0.7641
vn -0.1832 -0.6178 -0.7647
vn -0.0102 0.9987 -0.0495
vn -0.0354 0.9872 -0.1558
vn -0.0633 0.9602 -0.2720
vn -0.0922 0.9146 -0.3937
vn -0.1217 0.8475 -0.5166
vn -0.1497 0.7594 -0.6332
vn -0.1744 0.6537 -0.7364
vn -0.1950 0.5351 -0.8219
vn 0.0105 -0.9986 0.0509
vn 0.0372 -0.9859 0.1630
vn 0.0668 -0.9557 0.2867
vn -0.2107 0.4107 -0.8871
vn 0.0980 -0.9032 0.4178
vn 0.1291 -0.8265 0.5479
vn 0.1578 -0.7277 0.6675
vn -0.2216 0.2866 -0.9321
vn 0.1823 -0.6125 0.7692
vn 0.2013 -0.4901 0.8481
vn 0.2149 -0.3680 0.9046
vn -0.2283 0.1665 -0.9592
vn 0.2239 -0.2520 0.9415
vn 0.2291 -0.1445 0.9626
vn -0.2314 0.0537 -0.9714
vn 0.2314 -0.0465 0.9717
vn 0.2315 0.0590 0.9711
vn -0.2315 -0.0576 -0.9711
vn 0.2281 0.1852 0.9559
vn -0.2284 -0.1789 -0.9570
vn 0.2199 0.3187 0.9220
vn 0.2072 0.4544 0.8664
vn -0.2211 -0.3072 -0.9256
vn 0.1891 0.5843 0.7892
vn 0.1664 0.7013 0.6932
vn -0.2089 -0.4392 -0.8738
vn 0.1406 0.7992 0.5843
vn 0.1132 0.8760 0.4688
vn 0.0859 0.9314 0.3537
vn 0.0595 0.9683 0.2427
vn -0.1916 -0.5675 -0.8007
vn 0.0348 0.9897 0.1392
vn 0.0121 0.9990 0.0439
vn -0.1696 -0.6862 -0.7074
vn -0.1439 -0.7880 -0.5986
vn -0.1161 -0.8689 -0.4812
vn -0.0878 -0.9280 -0.3620
vn -0.0605 -0.9671 -0.2471
vn -0.0352 -0.9894 -0.1409
vn -0.0120 -0.9990 -0.0435
vn 0.2138 0.3928 0.8944
vn -0.2112 0.4063 -0.8890
vn -0.2149 -0.3817 -0.8990
vn 0.2111 -0.4069 0.8887
vn -0.2137 -0.3934 -0.8942
vn 0.2106 -0.4125 0.8863
vn 0.0157 0.9981 0.0592
vn -0.0016 0.9999 -0.0142
vn -0.0094 0.9989 -0.0463
vn -0.0181 0.9964 -0.0831
vn -0.0277 0.9920 -0.1229
vn 0.0446 0.9827 0.1798
vn -0.0376 0.9856 -0.1648
vn -0.0472 0.9776 -0.2052
vn -0.0565 0.9681 -0.2440
vn 0.0730 0.9513 0.2994
vn -0.0648 0.9582 -0.2785
vn -0.0719 0.9485 -0.3087
vn 0.1007 0.9038 0.4159
vn -0.0780 0.9394 -0.3339
vn -0.0830 0.9313 -0.3547
vn 0.1268 0.8408 0.5263
vn -0.0866 0.9248 -0.3704
vn 0.0250 -0.9934 0.1120
vn 0.0353 -0.9873 0.1550
vn 0.0453 -0.9794 0.1970
vn 0.0552 -0.9697 0.2381
vn 0.0646 -0.9585 0.2777
vn 0.0737 -0.9460 0.3158
vn 0.0823 -0.9323 0.3521
vn 0.0909 -0.9173 0.3877
vn 0.0987 -0.9017 0.4209
vn 0.1065 -0.8849 0.4535
vn -0.2319 0.0001 -0.9727
vn 0.1510 0.7628 0.6288
vn 0.0038 -0.9997 0.0228
vn 0.0145 -0.9976 0.0679
vn -0.0162 -0.9980 -0.0612
vn -0.0459 -0.9815 -0.1859
vn -0.0749 -0.9485 -0.3078
vn 0.1730 0.6711 0.7209
vn -0.1028 -0.8992 -0.4254
vn -0.1290 -0.8345 -0.5356
vn 0.1918 0.5668 0.8012
vn -0.1531 -0.7554 -0.6371
vn -0.1746 -0.6629 -0.7281
vn 0.2075 0.4513 0.8679
vn -0.1931 -0.5591 -0.8063
vn 0.2195 0.3274 0.9191
vn -0.2083 -0.4448 -0.8710
vn -0.2199 -0.3228 -0.9206
vn 0.2275 0.1978 0.9535
vn -0.2277 -0.1949 -0.9540
vn 0.2314 0.0655 0.9707
vn -0.2314 -0.0648 -0.9707
vn -0.2313 0.0633 -0.9708
vn 0.2312 -0.0644 0.9708
vn -0.2272 0.1925 -0.9546
vn 0.2269 -0.1952 0.9542
vn -0.2189 0.3230 -0.9207
vn 0.2317 -0.0001 0.9728
vn 0.2188 -0.3260 0.9197
vn -0.2061 0.4508 -0.8685
vn -0.1894 0.5710 -0.7988
vn 0.2060 -0.4518 0.8680
vn -0.1687 0.6803 -0.7133
vn 0.1897 -0.5695 0.7998
vn -0.1454 0.7745 -0.6157
vn -0.1199 0.8524 -0.5089
vn 0.1697 -0.6759 0.7172
vn -0.0926 0.9137 -0.3956
vn 0.0701 0.9545 0.2899
vn 0.0707 0.9543 0.2902
vn 0.0677 0.9583 0.2775
vn 0.0641 0.9628 0.2625
vn -0.0651 0.9576 -0.2805
vn 0.0600 0.9677 0.2451
vn 0.0550 0.9730 0.2243
vn 0.0496 0.9782 0.2014
vn -0.0380 0.9854 -0.1661
vn 0.1469 -0.7691 0.6220
vn 0.0438 0.9833 0.1766
vn 0.0373 0.9881 0.1492
vn 0.0300 0.9925 0.1188
vn -0.0114 0.9984 -0.0547
vn 0.0225 0.9960 0.0869
vn 0.0144 0.9985 0.0528
vn 0.0059 0.9998 0.0177
vn 0.1216 -0.8471 0.5173
vn -0.0919 -0.9207 -0.3793
vn -0.0858 -0.9315 -0.3536
vn 0.0952 -0.9088 0.4061
vn -0.0790 -0.9425 -0.3248
vn -0.0714 -0.9534 -0.2932
vn 0.0677 -0.9545 0.2904
vn -0.0633 -0.9638 -0.2590
vn -0.0547 -0.9733 -0.2229
vn -0.0460 -0.9815 -0.1859
vn 0.0398 -0.9840 0.1737
vn -0.0370 -0.9882 -0.1486
vn -0.0284 -0.9933 -0.1124
vn -0.0200 -0.9968 -0.0770
vn 0.0118 -0.9983 0.0571
vn -0.0050 -0.9999 -0.0134
vn -0.0122 -0.9989 -0.0444
vt 0.833333 0.000000
vt 0.500000 0.000000
vt 0.666667 0.000000
vt 0.333333 0.000000
vt 0.000000 0.000000
vt 0.166667 0.000000
vt 1.000000 0.000000
vt 0.181818 0.000000
vt 0.909091 0.000000
vt 0.090909 0.000000
vt 0.818182 0.000000
vt 0.545455 0.000000
vt 0.727273 0.000000
vt 0.636364 0.000000
vt 0.454545 0.000000
vt 0.363636 0.000000
vt 0.272727 0.000000
vt 0.555556 0.000000
vt 0.444444 0.000000
vt 0.777778 0.000000
vt 0.222222 0.000000
vt 0.111111 0.000000
vt 0.888889 0.000000
vt 0.375000 0.000000
vt 0.125000 0.000000
vt 0.250000 0.000000
vt 0.875000 0.000000
vt 0.750000 0.000000
vt 0.625000 0.000000
vt 0.018182 0.000000
vt 0.527273 0.000000
vt 0.509091 0.000000
vt 0.490909 0.000000
vt 0.472727 0.000000
vt 0.436364 0.000000
vt 0.418182 0.000000
vt 0.400000 0.000000
vt 0.381818 0.000000
vt 0.563636 0.000000
vt 0.581818 0.000000
vt 0.600000 0.000000
vt 0.345455 0.000000
vt 0.618182 0.000000
vt 0.654545 0.000000
vt 0.327273 0.000000
vt 0.672727 0.000000
vt 0.690909 0.000000
vt 0.709091 0.000000
vt 0.309091 0.000000
vt 0.745455 0.000000
vt 0.290909 0.000000
vt 0.763636 0.000000
vt 0.781818 0.000000
vt 0.800000 0.000000
vt 0.254545 0.000000
vt 0.836364 0.000000
vt 0.236364 0.000000
vt 0.854545 0.000000
vt 0.872727 0.000000
vt 0.218182 0.000000
vt 0.890909 0.000000
vt 0.927273 0.000000
vt 0.945455 0.000000
vt 0.200000 0.000000
vt 0.963636 0.000000
vt 0.981818 0.000000
vt 0.054545 0.000000
vt 0.163636 0.000000
vt 0.145455 0.000000
vt 0.127273 0.000000
vt 0.109091 0.000000
vt 0.072727 0.000000
vt 0.036364 0.000000
vt 0.100000 0.000000
vt 0.700000 0.000000
vt 0.900000 0.000000
vt 0.300000 0.000000
vt 0.653465 0.000000
vt 0.633663 0.000000
vt 0.643564 0.000000
vt 0.623762 0.000000
vt 0.613861 0.000000
vt 0.603960 0.000000
vt 0.663366 0.000000
vt 0.594059 0.000000
vt 0.584158 0.000000
vt 0.574257 0.000000
vt 0.673267 0.000000
vt 0.564356 0.000000
vt 0.554455 0.000000
vt 0.683168 0.000000
vt 0.544554 0.000000
vt 0.534653 0.000000
vt 0.693069 0.000000
vt 0.524752 0.000000
vt 0.415842 0.000000
vt 0.425743 0.000000
vt 0.435644 0.000000
vt 0.445545 0.000000
vt 0.455446 0.000000
vt 0.465347 0.000000
vt 0.475248 0.000000
vt 0.485149 0.000000
vt 0.495050 0.000000
vt 0.504951 0.000000
vt 0.514852 0.000000
vt 0.702970 0.000000
vt 0.396040 0.000000
vt 0.405941 0.000000
vt 0.386139 0.000000
vt 0.376238 0.000000
vt 0.366337 0.000000
vt 0.712871 0.000000
vt 0.356436 0.000000
vt 0.346535 0.000000
vt 0.722772 0.000000
vt 0.336634 0.000000
vt 0.326733 0.000000
vt 0.732673 0.000000
vt 0.316832 0.000000
vt 0.742574 0.000000
vt 0.306931 0.000000
vt 0.297030 0.000000
vt 0.752475 0.000000
vt 0.287129 0.000000
vt 0.762376 0.000000
vt 0.277228 0.000000
vt 0.267327 0.000000
vt 0.772277 0.000000
vt 0.019802 0.000000
vt 0.009901 0.000000
vt 0.029703 0.000000
vt 0.257426 0.000000
vt 0.782178 0.000000
vt 0.247525 0.000000
vt 0.039604 0.000000
vt 0.792079 0.000000
vt 0.237624 0.000000
vt 0.227723 0.000000
vt 0.801980 0.000000
vt 0.217822 0.000000
vt 0.811881 0.000000
vt 0.207921 0.000000
vt 0.198020 0.000000
vt 0.821782 0.000000
vt 0.188119 0.000000
vt 0.049505 0.000000
vt 0.059406 0.000000
vt 0.069307 0.000000
vt 0.178218 0.000000
vt 0.079208 0.000000
vt 0.089109 0.000000
vt 0.099010 0.000000
vt 0.168317 0.000000
vt 0.831683 0.000000
vt 0.108911 0.000000
vt 0.118812 0.000000
vt 0.128713 0.000000
vt 0.158416 0.000000
vt 0.138614 0.000000
vt 0.148515 0.000000
vt 0.841584 0.000000
vt 0.990099 0.000000
vt 0.980198 0.000000
vt 0.851485 0.000000
vt 0.970297 0.000000
vt 0.960396 0.000000
vt 0.861386 0.000000
vt 0.950495 0.000000
vt 0.940594 0.000000
vt 0.930693 0.000000
vt 0.871287 0.000000
vt 0.920792 0.000000
vt 0.910891 0.000000
vt 0.900990 0.000000
vt 0.881188 0.000000
vt 0.891089 0.000000
s 1
usemtl Material.003
f 5350/6061/3185 5348/6062/3186 5349/6063/3186
f 5350/6061/3185 5347/6064/3185 5348/6062/3186
f 5347/6064/3185 5345/6065/3187 5346/6066/3187
f 5347/6064/3185 5351/6067/3186 5345/6065/3187
f 5350/6061/3185 5351/6067/3186 5347/6064/3185
f 5354/6068/3185 5362/6069/3188 5353/6070/3188
f 5362/6069/3188 5352/6065/3189 5353/6070/3188
f 5362/6069/3188 5363/6067/3185 5352/6065/3189
f 5354/6068/3185 5361/6071/3186 5362/6069/3188
f 5354/6068/3185 5358/6072/3190 5361/6071/3186
f 5358/6072/3190 5360/6073/3188 5361/6071/3186
f 5358/6072/3190 5359/6074/3191 5360/6073/3188
f 5354/6068/3185 5357/6075/3187 5358/6072/3190
f 5354/6068/3185 5356/6076/3192 5357/6075/3187
f 5354/6068/3185 5355/6077/3192 5356/6076/3192
f 5369/6078/3193 5367/6064/3187 5368/6079/3187
f 5369/6078/3193 5371/6080/3187 5367/6064/3187
f 5371/6080/3187 5366/6081/3193 5367/6064/3187
f 5366/6081/3193 5364/6065/3193 5365/6082/3193
f 5366/6081/3193 5373/6067/3193 5364/6065/3193
f 5369/6078/3193 5370/6063/3193 5371/6080/3187
f 5372/6083/3194 5366/6081/3193 5371/6080/3187
f 5372/6083/3194 5373/6067/3193 5366/6081/3193
f 5376/6068/3185 5384/6069/3187 5375/6070/3185
f 5384/6069/3187 5374/6065/3195 5375/6070/3185
f 5384/6069/3187 5385/6067/3196 5374/6065/3195
f 5376/6068/3185 5383/6071/3197 5384/6069/3187
f 5376/6068/3185 5380/6072/3198 5383/6071/3197
f 5380/6072/3198 5382/6073/3189 5383/6071/3197
f 5380/6072/3198 5381/6074/3188 5382/6073/3189
f 5376/6068/3185 5379/6075/3185 5380/6072/3198
f 5376/6068/3185 5378/6076/3187 5379/6075/3185
f 5376/6068/3185 5377/6077/3187 5378/6076/3187
f 5389/6084/3189 5387/6085/3185 5388/6086/3185
f 5389/6084/3189 5386/6065/3189 5387/6085/3185
f 5386/6065/3189 5393/6087/3193 5394/6067/3189
f 5386/6065/3189 5392/6088/3188 5393/6087/3193
f 5389/6084/3189 5392/6088/3188 5386/6065/3189
f 5390/6062/3199 5392/6088/3188 5389/6084/3189
f 5390/6062/3199 5391/6089/3186 5392/6088/3188
f 5396/6090/3186 5424/6091/3186 5395/6065/3188
f 5424/6091/3186 5423/6092/3185 5395/6065/3188
f 5424/6091/3186 5422/6093/3185 5423/6092/3185
f 5424/6091/3186 5421/6094/3187 5422/6093/3185
f 5424/6091/3186 5420/6075/3185 5421/6094/3187
f 5424/6091/3186 5419/6095/3187 5420/6075/3185
f 5424/6091/3186 5418/6096/3187 5419/6095/3187
f 5424/6091/3186 5417/6097/3185 5418/6096/3187
f 5424/6091/3186 5416/6098/3192 5417/6097/3185
f 5424/6091/3186 5425/6072/3185 5416/6098/3192
f 5425/6072/3185 5415/6076/3186 5416/6098/3192
f 5396/6090/3186 5450/6067/3200 5424/6091/3186
f 5426/6099/3185 5415/6076/3186 5425/6072/3185
f 5427/6100/3185 5415/6076/3186 5426/6099/3185
f 5428/6101/3185 5415/6076/3186 5427/6100/3185
f 5428/6101/3185 5414/6102/3185 5415/6076/3186
f 5429/6103/3185 5414/6102/3185 5428/6101/3185
f 5430/6074/3192 5414/6102/3185 5429/6103/3185
f 5431/6104/3185 5414/6102/3185 5430/6074/3192
f 5431/6104/3185 5413/6105/3185 5414/6102/3185
f 5432/6106/3185 5413/6105/3185 5431/6104/3185
f 5433/6107/3189 5413/6105/3185 5432/6106/3185
f 5434/6108/3200 5413/6105/3185 5433/6107/3189
f 5434/6108/3200 5412/6109/3200 5413/6105/3185
f 5435/6073/3185 5412/6109/3200 5434/6108/3200
f 5436/6110/3193 5412/6109/3200 5435/6073/3185
f 5436/6110/3193 5411/6111/3201 5412/6109/3200
f 5437/6112/3195 5411/6111/3201 5436/6110/3193
f 5438/6113/3185 5411/6111/3201 5437/6112/3195
f 5438/6113/3185 5410/6077/3187 5411/6111/3201
f 5439/6114/3195 5410/6077/3187 5438/6113/3185
f 5439/6114/3195 5409/6115/3185 5410/6077/3187
f 5440/6071/3195 5409/6115/3185 5439/6114/3195
f 5441/6116/3195 5409/6115/3185 5440/6071/3195
f 5441/6116/3195 5408/6117/3189 5409/6115/3185
f 5442/6118/3185 5408/6117/3189 5441/6116/3195
f 5443/6119/3185 5408/6117/3189 5442/6118/3185
f 5443/6119/3185 5407/6120/3202 5408/6117/3189
f 5444/6121/3187 5407/6120/3202 5443/6119/3185
f 5445/6069/3185 5407/6120/3202 5444/6121/3187
f 5446/6122/3185 5407/6120/3202 5445/6069/3185
f 5447/6123/3185 5407/6120/3202 5446/6122/3185
f 5447/6123/3185 5406/6124/3185 5407/6120/3202
f 5448/6125/3185 5406/6124/3185 5447/6123/3185
f 5449/6126/3187 5406/6124/3185 5448/6125/3185
f 5396/6090/3186 5398/6127/3201 5450/6067/3200
f 5398/6127/3201 5449/6126/3187 5450/6067/3200
f 5398/6127/3201 5406/6124/3185 5449/6126/3187
f 5398/6127/3201 5405/6068/3185 5406/6124/3185
f 5398/6127/3201 5404/6128/3187 5405/6068/3185
f 5398/6127/3201 5403/6129/3185 5404/6128/3187
f 5398/6127/3201 5402/6130/3189 5403/6129/3185
f 5398/6127/3201 5401/6131/3185 5402/6130/3189
f 5398/6127/3201 5400/6070/3185 5401/6131/3185
f 5398/6127/3201 5399/6132/3185 5400/6070/3185
f 5396/6090/3186 5397/6133/3187 5398/6127/3201
f 5453/6124/3203 5451/6065/3187 5452/6134/3187
f 5453/6124/3203 5459/6114/3186 5451/6065/3187
f 5459/6114/3186 5458/6135/3185 5451/6065/3187
f 5453/6124/3203 5461/6067/3186 5459/6114/3186
f 5460/6136/3185 5458/6135/3185 5459/6114/3186
f 5453/6124/3203 5455/6097/3190 5461/6067/3186
f 5455/6097/3190 5460/6136/3185 5461/6067/3186
f 5455/6097/3190 5456/6062/3194 5460/6136/3185
f 5456/6062/3194 5458/6135/3185 5460/6136/3185
f 5453/6124/3203 5454/6137/3185 5455/6097/3190
f 5457/6101/3185 5458/6135/3185 5456/6062/3194
f 5528/6138/3185 5526/6139/3185 5527/6140/3185
f 5528/6138/3185 5525/6141/3185 5526/6139/3185
f 5528/6138/3185 5524/6142/3185 5525/6141/3185
f 5528/6138/3185 5523/6143/3185 5524/6142/3185
f 5529/6144/3185 5523/6143/3185 5528/6138/3185
f 5529/6144/3185 5522/6145/3185 5523/6143/3185
f 5529/6144/3185 5521/6146/3185 5522/6145/3185
f 5529/6144/3185 5520/6147/3187 5521/6146/3185
f 5530/6148/3195 5520/6147/3187 5529/6144/3185
f 5530/6148/3195 5519/6149/3187 5520/6147/3187
f 5530/6148/3195 5518/6150/3189 5519/6149/3187
f 5531/6151/3185 5518/6150/3189 5530/6148/3195
f 5531/6151/3185 5517/6152/3185 5518/6150/3189
f 5531/6151/3185 5516/6153/3185 5517/6152/3185
f 5532/6154/3204 5516/6153/3185 5531/6151/3185
f 5532/6154/3204 5515/6155/3204 5516/6153/3185
f 5532/6154/3204 5504/6156/3195 5515/6155/3204
f 5504/6156/3195 5505/6157/3185 5515/6155/3204
f 5505/6157/3185 5506/6158/3185 5515/6155/3204
f 5506/6158/3185 5507/6159/3185 5515/6155/3204
f 5507/6159/3185 5508/6160/3185 5515/6155/3204
f 5508/6160/3185 5509/6161/3205 5515/6155/3204
f 5509/6161/3205 5510/6162/3185 5515/6155/3204
f 5510/6162/3185 5511/6163/3198 5515/6155/3204
f 5511/6163/3198 5512/6164/3197 5515/6155/3204
f 5512/6164/3197 5513/6165/3201 5515/6155/3204
f 5513/6165/3201 5514/6166/3186 5515/6155/3204
f 5533/6167/3185 5502/6168/3185 5532/6154/3204
f 5502/6168/3185 5503/6169/3185 5532/6154/3204
f 5503/6169/3185 5504/6156/3195 5532/6154/3204
f 5533/6167/3185 5501/6170/3185 5502/6168/3185
f 5533/6167/3185 5500/6171/3185 5501/6170/3185
f 5533/6167/3185 5499/6172/3185 5500/6171/3185
f 5534/6173/3200 5499/6172/3185 5533/6167/3185
f 5534/6173/3200 5498/6174/3192 5499/6172/3185
f 5534/6173/3200 5497/6175/3189 5498/6174/3192
f 5535/6176/3189 5497/6175/3189 5534/6173/3200
f 5535/6176/3189 5496/6177/3185 5497/6175/3189
f 5535/6176/3189 5495/6178/3187 5496/6177/3185
f 5536/6179/3200 5495/6178/3187 5535/6176/3189
f 5536/6179/3200 5494/6180/3185 5495/6178/3187
f 5537/6181/3189 5494/6180/3185 5536/6179/3200
f 5537/6181/3189 5493/6182/3206 5494/6180/3185
f 5537/6181/3189 5492/6183/3189 5493/6182/3206
f 5538/6184/3186 5492/6183/3189 5537/6181/3189
f 5538/6184/3186 5491/6185/3193 5492/6183/3189
f 5539/6186/3206 5491/6185/3193 5538/6184/3186
f 5539/6186/3206 5490/6187/3195 5491/6185/3193
f 5539/6186/3206 5489/6188/3207 5490/6187/3195
f 5540/6189/3194 5489/6188/3207 5539/6186/3206
f 5464/6190/3187 5462/6065/3187 5463/6191/3195
f 5464/6190/3187 5465/6192/3188 5462/6065/3187
f 5465/6192/3188 5563/6067/3208 5462/6065/3187
f 5540/6189/3194 5488/6193/3206 5489/6188/3207
f 5541/6194/3193 5488/6193/3206 5540/6189/3194
f 5541/6194/3193 5487/6195/3186 5488/6193/3206
f 5466/6196/3201 5563/6067/3208 5465/6192/3188
f 5542/6197/3200 5487/6195/3186 5541/6194/3193
f 5542/6197/3200 5486/6198/3200 5487/6195/3186
f 5542/6197/3200 5485/6199/3185 5486/6198/3200
f 5543/6200/3188 5485/6199/3185 5542/6197/3200
f 5543/6200/3188 5484/6201/3209 5485/6199/3185
f 5544/6202/3208 5484/6201/3209 5543/6200/3188
f 5544/6202/3208 5483/6203/3187 5484/6201/3209
f 5544/6202/3208 5482/6204/3189 5483/6203/3187
f 5545/6205/3192 5482/6204/3189 5544/6202/3208
f 5545/6205/3192 5481/6206/3189 5482/6204/3189
f 5467/6207/3185 5563/6067/3208 5466/6196/3201
f 5468/6208/3185 5563/6067/3208 5467/6207/3185
f 5469/6209/3185 5563/6067/3208 5468/6208/3185
f 5545/6205/3192 5480/6210/3187 5481/6206/3189
f 5470/6211/3185 5563/6067/3208 5469/6209/3185
f 5471/6212/3185 5563/6067/3208 5470/6211/3185
f 5472/6213/3185 5563/6067/3208 5471/6212/3185
f 5545/6205/3192 5479/6214/3206 5480/6210/3187
f 5546/6215/3185 5479/6214/3206 5545/6205/3192
f 5473/6216/3185 5563/6067/3208 5472/6213/3185
f 5474/6217/3185 5563/6067/3208 5473/6216/3185
f 5475/6218/3185 5563/6067/3208 5474/6217/3185
f 5546/6215/3185 5478/6219/3185 5479/6214/3206
f 5476/6220/3187 5563/6067/3208 5475/6218/3185
f 5477/6221/3185 5563/6067/3208 5476/6220/3187
f 5478/6219/3185 5563/6067/3208 5477/6221/3185
f 5546/6215/3185 5563/6067/3208 5478/6219/3185
f 5547/6222/3185 5563/6067/3208 5546/6215/3185
f 5547/6222/3185 5562/6223/3185 5563/6067/3208
f 5547/6222/3185 5561/6224/3185 5562/6223/3185
f 5548/6225/3186 5561/6224/3185 5547/6222/3185
f 5548/6225/3186 5560/6226/3185 5561/6224/3185
f 5548/6225/3186 5559/6227/3185 5560/6226/3185
f 5549/6228/3185 5559/6227/3185 5548/6225/3186
f 5549/6228/3185 5558/6229/3189 5559/6227/3185
f 5549/6228/3185 5557/6230/3185 5558/6229/3189
f 5549/6228/3185 5556/6231/3185 5557/6230/3185
f 5550/6232/3185 5556/6231/3185 5549/6228/3185
f 5550/6232/3185 5555/6233/3185 5556/6231/3185
f 5550/6232/3185 5554/6234/3185 5555/6233/3185
f 5550/6232/3185 5553/6235/3185 5554/6234/3185
f 5551/6236/3185 5553/6235/3185 5550/6232/3185
f 5551/6236/3185 5552/6237/3185 5553/6235/3185
f 5569/6061/3210 5568/6063/3211 5567/6062/3212
f 5569/6061/3210 5567/6062/3212 5566/6064/3213
f 5566/6064/3213 5565/6066/3214 5564/6065/3215
f 5566/6064/3213 5564/6065/3215 5570/6067/3210
f 5569/6061/3210 5566/6064/3213 5570/6067/3210
f 5573/6068/3214 5572/6070/3216 5581/6069/3213
f 5581/6069/3213 5572/6070/3216 5571/6065/3217
f 5581/6069/3213 5571/6065/3217 5582/6067/3216
f 5573/6068/3214 5581/6069/3213 5580/6071/3217
f 5573/6068/3214 5580/6071/3217 5577/6072/3218
f 5577/6072/3218 5580/6071/3217 5579/6073/3219
f 5577/6072/3218 5579/6073/3219 5578/6074/3214
f 5573/6068/3214 5577/6072/3218 5576/6075/3213
f 5573/6068/3214 5576/6075/3213 5575/6076/3220
f 5573/6068/3214 5575/6076/3220 5574/6077/3220
f 5588/6078/3214 5587/6079/3221 5586/6064/3211
f 5588/6078/3214 5586/6064/3211 5590/6080/3222
f 5590/6080/3222 5586/6064/3211 5585/6081/3211
f 5585/6081/3211 5584/6082/3214 5583/6065/3214
f 5585/6081/3211 5583/6065/3214 5592/6067/3221
f 5588/6078/3214 5590/6080/3222 5589/6063/3214
f 5591/6083/3211 5590/6080/3222 5585/6081/3211
f 5591/6083/3211 5585/6081/3211 5592/6067/3221
f 5595/6068/3214 5594/6070/3221 5603/6069/3221
f 5603/6069/3221 5594/6070/3221 5593/6065/3220
f 5603/6069/3221 5593/6065/3220 5604/6067/3220
f 5595/6068/3214 5603/6069/3221 5602/6071/3221
f 5595/6068/3214 5602/6071/3221 5599/6072/3214
f 5599/6072/3214 5602/6071/3221 5601/6073/3221
f 5599/6072/3214 5601/6073/3221 5600/6074/3214
f 5595/6068/3214 5599/6072/3214 5598/6075/3223
f 5595/6068/3214 5598/6075/3223 5597/6076/3220
f 5595/6068/3214 5597/6076/3220 5596/6077/3224
f 5608/6084/3213 5607/6086/3213 5606/6085/3213
f 5608/6084/3213 5606/6085/3213 5605/6065/3213
f 5605/6065/3213 5613/6067/3220 5612/6087/3225
f 5605/6065/3213 5612/6087/3225 5611/6088/3213
f 5608/6084/3213 5605/6065/3213 5611/6088/3213
f 5609/6062/3214 5608/6084/3213 5611/6088/3213
f 5609/6062/3214 5611/6088/3213 5610/6089/3214
f 5615/6090/3210 5614/6065/3213 5643/6091/3213
f 5643/6091/3213 5614/6065/3213 5642/6092/3226
f 5643/6091/3213 5642/6092/3226 5641/6093/3227
f 5643/6091/3213 5641/6093/3227 5640/6094/3223
f 5643/6091/3213 5640/6094/3223 5639/6075/3220
f 5643/6091/3213 5639/6075/3220 5638/6095/3214
f 5643/6091/3213 5638/6095/3214 5637/6096/3213
f 5643/6091/3213 5637/6096/3213 5636/6097/3220
f 5643/6091/3213 5636/6097/3220 5635/6098/3214
f 5643/6091/3213 5635/6098/3214 5644/6072/3214
f 5644/6072/3214 5635/6098/3214 5634/6076/3213
f 5615/6090/3210 5643/6091/3213 5669/6067/3211
f 5645/6099/3214 5644/6072/3214 5634/6076/3213
f 5646/6100/3214 5645/6099/3214 5634/6076/3213
f 5647/6101/3214 5646/6100/3214 5634/6076/3213
f 5647/6101/3214 5634/6076/3213 5633/6102/3213
f 5648/6103/3220 5647/6101/3214 5633/6102/3213
f 5649/6074/3214 5648/6103/3220 5633/6102/3213
f 5650/6104/3214 5649/6074/3214 5633/6102/3213
f 5650/6104/3214 5633/6102/3213 5632/6105/3214
f 5651/6106/3220 5650/6104/3214 5632/6105/3214
f 5652/6107/3213 5651/6106/3220 5632/6105/3214
f 5653/6108/3228 5652/6107/3213 5632/6105/3214
f 5653/6108/3228 5632/6105/3214 5631/6109/3222
f 5654/6073/3214 5653/6108/3228 5631/6109/3222
f 5655/6110/3217 5654/6073/3214 5631/6109/3222
f 5655/6110/3217 5631/6109/3222 5630/6111/3223
f 5656/6112/3214 5655/6110/3217 5630/6111/3223
f 5657/6113/3214 5656/6112/3214 5630/6111/3223
f 5657/6113/3214 5630/6111/3223 5629/6077/3229
f 5658/6114/3230 5657/6113/3214 5629/6077/3229
f 5658/6114/3230 5629/6077/3229 5628/6115/3213
f 5659/6071/3213 5658/6114/3230 5628/6115/3213
f 5660/6116/3214 5659/6071/3213 5628/6115/3213
f 5660/6116/3214 5628/6115/3213 5627/6117/3231
f 5661/6118/3213 5660/6116/3214 5627/6117/3231
f 5662/6119/3214 5661/6118/3213 5627/6117/3231
f 5662/6119/3214 5627/6117/3231 5626/6120/3229
f 5663/6121/3214 5662/6119/3214 5626/6120/3229
f 5664/6069/3214 5663/6121/3214 5626/6120/3229
f 5665/6122/3214 5664/6069/3214 5626/6120/3229
f 5666/6123/3214 5665/6122/3214 5626/6120/3229
f 5666/6123/3214 5626/6120/3229 5625/6124/3214
f 5667/6125/3214 5666/6123/3214 5625/6124/3214
f 5668/6126/3219 5667/6125/3214 5625/6124/3214
f 5615/6090/3210 5669/6067/3211 5617/6127/3221
f 5617/6127/3221 5669/6067/3211 5668/6126/3219
f 5617/6127/3221 5668/6126/3219 5625/6124/3214
f 5617/6127/3221 5625/6124/3214 5624/6068/3221
f 5617/6127/3221 5624/6068/3221 5623/6128/3232
f 5617/6127/3221 5623/6128/3232 5622/6129/3213
f 5617/6127/3221 5622/6129/3213 5621/6130/3214
f 5617/6127/3221 5621/6130/3214 5620/6131/3214
f 5617/6127/3221 5620/6131/3214 5619/6070/3214
f 5617/6127/3221 5619/6070/3214 5618/6132/3214
f 5615/6090/3210 5617/6127/3221 5616/6133/3233
f 5672/6124/3211 5671/6134/3214 5670/6065/3214
f 5672/6124/3211 5670/6065/3214 5678/6114/3211
f 5678/6114/3211 5670/6065/3214 5677/6135/3214
f 5672/6124/3211 5678/6114/3211 5680/6067/3217
f 5679/6136/3221 5678/6114/3211 5677/6135/3214
f 5672/6124/3211 5680/6067/3217 5674/6097/3215
f 5674/6097/3215 5680/6067/3217 5679/6136/3221
f 5674/6097/3215 5679/6136/3221 5675/6062/3212
f 5675/6062/3212 5679/6136/3221 5677/6135/3214
f 5672/6124/3211 5674/6097/3215 5673/6137/3219
f 5676/6101/3214 5675/6062/3212 5677/6135/3214
f 5747/6138/3214 5746/6140/3214 5745/6139/3214
f 5747/6138/3214 5745/6139/3214 5744/6141/3214
f 5747/6138/3214 5744/6141/3214 5743/6142/3214
f 5747/6138/3214 5743/6142/3214 5742/6143/3214
f 5748/6144/3214 5747/6138/3214 5742/6143/3214
f 5748/6144/3214 5742/6143/3214 5741/6145/3221
f 5748/6144/3214 5741/6145/3221 5740/6146/3214
f 5748/6144/3214 5740/6146/3214 5739/6147/3231
f 5749/6148/3214 5748/6144/3214 5739/6147/3231
f 5749/6148/3214 5739/6147/3231 5738/6149/3214
f 5749/6148/3214 5738/6149/3214 5737/6150/3214
f 5750/6151/3213 5749/6148/3214 5737/6150/3214
f 5750/6151/3213 5737/6150/3214 5736/6152/3211
f 5750/6151/3213 5736/6152/3211 5735/6153/3214
f 5751/6154/3213 5750/6151/3213 5735/6153/3214
f 5751/6154/3213 5735/6153/3214 5734/6155/3227
f 5751/6154/3213 5734/6155/3227 5723/6156/3214
f 5723/6156/3214 5734/6155/3227 5724/6157/3214
f 5724/6157/3214 5734/6155/3227 5725/6158/3214
f 5725/6158/3214 5734/6155/3227 5726/6159/3216
f 5726/6159/3216 5734/6155/3227 5727/6160/3213
f 5727/6160/3213 5734/6155/3227 5728/6161/3214
f 5728/6161/3214 5734/6155/3227 5729/6162/3214
f 5729/6162/3214 5734/6155/3227 5730/6163/3234
f 5730/6163/3234 5734/6155/3227 5731/6164/3235
f 5731/6164/3235 5734/6155/3227 5732/6165/3214
f 5732/6165/3214 5734/6155/3227 5733/6166/3223
f 5752/6167/3214 5751/6154/3213 5721/6168/3214
f 5721/6168/3214 5751/6154/3213 5722/6169/3214
f 5722/6169/3214 5751/6154/3213 5723/6156/3214
f 5752/6167/3214 5721/6168/3214 5720/6170/3214
f 5752/6167/3214 5720/6170/3214 5719/6171/3214
f 5752/6167/3214 5719/6171/3214 5718/6172/3220
f 5753/6173/3211 5752/6167/3214 5718/6172/3220
f 5753/6173/3211 5718/6172/3220 5717/6174/3234
f 5753/6173/3211 5717/6174/3234 5716/6175/3212
f 5754/6176/3214 5753/6173/3211 5716/6175/3212
f 5754/6176/3214 5716/6175/3212 5715/6177/3214
f 5754/6176/3214 5715/6177/3214 5714/6178/3220
f 5755/6179/3236 5754/6176/3214 5714/6178/3220
f 5755/6179/3236 5714/6178/3220 5713/6180/3224
f 5756/6181/3237 5755/6179/3236 5713/6180/3224
f 5756/6181/3237 5713/6180/3224 5712/6182/3214
f 5756/6181/3237 5712/6182/3214 5711/6183/3234
f 5757/6184/3238 5756/6181/3237 5711/6183/3234
f 5757/6184/3238 5711/6183/3234 5710/6185/3211
f 5758/6186/3217 5757/6184/3238 5710/6185/3211
f 5758/6186/3217 5710/6185/3211 5709/6187/3214
f 5758/6186/3217 5709/6187/3214 5708/6188/3221
f 5759/6189/3211 5758/6186/3217 5708/6188/3221
f 5683/6190/3221 5682/6191/3222 5681/6065/3211
f 5683/6190/3221 5681/6065/3211 5684/6192/3220
f 5684/6192/3220 5681/6065/3211 5782/6067/3239
f 5759/6189/3211 5708/6188/3221 5707/6193/3220
f 5760/6194/3211 5759/6189/3211 5707/6193/3220
f 5760/6194/3211 5707/6193/3220 5706/6195/3211
f 5685/6196/3221 5684/6192/3220 5782/6067/3239
f 5761/6197/3213 5760/6194/3211 5706/6195/3211
f 5761/6197/3213 5706/6195/3211 5705/6198/3240
f 5761/6197/3213 5705/6198/3240 5704/6199/3220
f 5762/6200/3232 5761/6197/3213 5704/6199/3220
f 5762/6200/3232 5704/6199/3220 5703/6201/3224
f 5763/6202/3214 5762/6200/3232 5703/6201/3224
f 5763/6202/3214 5703/6201/3224 5702/6203/3229
f 5763/6202/3214 5702/6203/3229 5701/6204/3214
f 5764/6205/3232 5763/6202/3214 5701/6204/3214
f 5764/6205/3232 5701/6204/3214 5700/6206/3214
f 5686/6207/3214 5685/6196/3221 5782/6067/3239
f 5687/6208/3214 5686/6207/3214 5782/6067/3239
f 5688/6209/3214 5687/6208/3214 5782/6067/3239
f 5764/6205/3232 5700/6206/3214 5699/6210/3214
f 5689/6211/3214 5688/6209/3214 5782/6067/3239
f 5690/6212/3214 5689/6211/3214 5782/6067/3239
f 5691/6213/3212 5690/6212/3214 5782/6067/3239
f 5764/6205/3232 5699/6210/3214 5698/6214/3214
f 5765/6215/3211 5764/6205/3232 5698/6214/3214
f 5692/6216/3214 5691/6213/3212 5782/6067/3239
f 5693/6217/3214 5692/6216/3214 5782/6067/3239
f 5694/6218/3214 5693/6217/3214 5782/6067/3239
f 5765/6215/3211 5698/6214/3214 5697/6219/3220
f 5695/6220/3214 5694/6218/3214 5782/6067/3239
f 5696/6221/3214 5695/6220/3214 5782/6067/3239
f 5697/6219/3220 5696/6221/3214 5782/6067/3239
f 5765/6215/3211 5697/6219/3220 5782/6067/3239
f 5766/6222/3220 5765/6215/3211 5782/6067/3239
f 5766/6222/3220 5782/6067/3239 5781/6223/3213
f 5766/6222/3220 5781/6223/3213 5780/6224/3214
f 5767/6225/3214 5766/6222/3220 5780/6224/3214
f 5767/6225/3214 5780/6224/3214 5779/6226/3213
f 5767/6225/3214 5779/6226/3213 5778/6227/3214
f 5768/6228/3213 5767/6225/3214 5778/6227/3214
f 5768/6228/3213 5778/6227/3214 5777/6229/3214
f 5768/6228/3213 5777/6229/3214 5776/6230/3229
f 5768/6228/3213 5776/6230/3229 5775/6231/3214
f 5769/6232/3214 5768/6228/3213 5775/6231/3214
f 5769/6232/3214 5775/6231/3214 5774/6233/3214
f 5769/6232/3214 5774/6233/3214 5773/6234/3214
f 5769/6232/3214 5773/6234/3214 5772/6235/3214
f 5770/6236/3214 5769/6232/3214 5772/6235/3214
f 5770/6236/3214 5772/6235/3214 5771/6237/3214
f 5350/6061/3241 5349/6063/3241 5568/6063/3241 5569/6061/3241
f 5349/6063/3242 5348/6062/3242 5567/6062/3242 5568/6063/3242
f 5348/6062/3243 5347/6064/3243 5566/6064/3243 5567/6062/3243
f 5347/6064/3244 5346/6066/3244 5565/6066/3244 5566/6064/3244
f 5346/6066/3242 5345/6065/3242 5564/6065/3242 5565/6066/3242
f 5345/6065/3245 5351/6067/3245 5570/6067/3245 5564/6065/3245
f 5351/6067/3246 5350/6061/3246 5569/6061/3246 5570/6067/3246
f 5354/6068/3247 5353/6070/3247 5572/6070/3247 5573/6068/3247
f 5353/6070/3242 5352/6065/3242 5571/6065/3242 5572/6070/3242
f 5363/6067/3246 5362/6069/3246 5581/6069/3246 5582/6067/3246
f 5352/6065/3248 5363/6067/3248 5582/6067/3248 5571/6065/3248
f 5362/6069/3249 5361/6071/3249 5580/6071/3249 5581/6069/3249
f 5361/6071/3242 5360/6073/3242 5579/6073/3242 5580/6071/3242
f 5359/6074/3250 5358/6072/3250 5577/6072/3250 5578/6074/3250
f 5360/6073/3248 5359/6074/3248 5578/6074/3248 5579/6073/3248
f 5358/6072/3251 5357/6075/3251 5576/6075/3251 5577/6072/3251
f 5357/6075/3242 5356/6076/3242 5575/6076/3242 5576/6075/3242
f 5355/6077/3246 5354/6068/3246 5573/6068/3246 5574/6077/3246
f 5356/6076/3248 5355/6077/3248 5574/6077/3248 5575/6076/3248
f 5369/6078/3252 5368/6079/3252 5587/6079/3252 5588/6078/3252
f 5368/6079/3242 5367/6064/3242 5586/6064/3242 5587/6079/3242
f 5367/6064/3253 5366/6081/3253 5585/6081/3253 5586/6064/3253
f 5366/6081/3252 5365/6082/3252 5584/6082/3252 5585/6081/3252
f 5365/6082/3242 5364/6065/3242 5583/6065/3242 5584/6082/3242
f 5364/6065/3248 5373/6067/3248 5592/6067/3248 5583/6065/3248
f 5370/6063/3246 5369/6078/3246 5588/6078/3246 5589/6063/3246
f 5371/6080/3248 5370/6063/3248 5589/6063/3248 5590/6080/3248
f 5372/6083/3254 5371/6080/3254 5590/6080/3254 5591/6083/3254
f 5373/6067/3246 5372/6083/3246 5591/6083/3246 5592/6067/3246
f 5376/6068/3255 5375/6070/3255 5594/6070/3255 5595/6068/3255
f 5375/6070/3242 5374/6065/3242 5593/6065/3242 5594/6070/3242
f 5385/6067/3246 5384/6069/3246 5603/6069/3246 5604/6067/3246
f 5374/6065/3256 5385/6067/3256 5604/6067/3256 5593/6065/3256
f 5384/6069/3257 5383/6071/3257 5602/6071/3257 5603/6069/3257
f 5383/6071/3242 5382/6073/3242 5601/6073/3242 5602/6071/3242
f 5381/6074/3250 5380/6072/3250 5599/6072/3250 5600/6074/3250
f 5382/6073/3258 5381/6074/3258 5600/6074/3258 5601/6073/3258
f 5380/6072/3257 5379/6075/3257 5598/6075/3257 5599/6072/3257
f 5379/6075/3242 5378/6076/3242 5597/6076/3242 5598/6075/3242
f 5377/6077/3246 5376/6068/3246 5595/6068/3246 5596/6077/3246
f 5378/6076/3248 5377/6077/3248 5596/6077/3248 5597/6076/3248
f 5389/6084/3259 5388/6086/3259 5607/6086/3259 5608/6084/3259
f 5388/6086/3242 5387/6085/3242 5606/6085/3242 5607/6086/3242
f 5387/6085/3260 5386/6065/3260 5605/6065/3260 5606/6085/3260
f 5386/6065/3261 5394/6067/3261 5613/6067/3261 5605/6065/3261
f 5394/6067/3242 5393/6087/3242 5612/6087/3242 5613/6067/3242
f 5393/6087/3262 5392/6088/3262 5611/6088/3262 5612/6087/3262
f 5390/6062/3252 5389/6084/3252 5608/6084/3252 5609/6062/3252
f 5391/6089/3246 5390/6062/3246 5609/6062/3246 5610/6089/3246
f 5392/6088/3248 5391/6089/3248 5610/6089/3248 5611/6088/3248
f 5396/6090/3247 5395/6065/3247 5614/6065/3247 5615/6090/3247
f 5395/6065/3242 5423/6092/3242 5642/6092/3242 5614/6065/3242
f 5423/6092/3263 5422/6093/3263 5641/6093/3263 5642/6092/3263
f 5422/6093/3264 5421/6094/3264 5640/6094/3264 5641/6093/3264
f 5421/6094/3265 5420/6075/3265 5639/6075/3265 5640/6094/3265
f 5420/6075/3266 5419/6095/3266 5638/6095/3266 5639/6075/3266
f 5419/6095/3267 5418/6096/3267 5637/6096/3267 5638/6095/3267
f 5418/6096/3268 5417/6097/3268 5636/6097/3268 5637/6096/3268
f 5417/6097/3269 5416/6098/3269 5635/6098/3269 5636/6097/3269
f 5425/6072/3246 5424/6091/3246 5643/6091/3246 5644/6072/3246
f 5416/6098/3270 5415/6076/3270 5634/6076/3270 5635/6098/3270
f 5424/6091/3257 5450/6067/3257 5669/6067/3257 5643/6091/3257
f 5426/6099/3271 5425/6072/3271 5644/6072/3271 5645/6099/3271
f 5427/6100/3272 5426/6099/3272 5645/6099/3272 5646/6100/3272
f 5428/6101/3273 5427/6100/3273 5646/6100/3273 5647/6101/3273
f 5415/6076/3274 5414/6102/3274 5633/6102/3274 5634/6076/3274
f 5429/6103/3275 5428/6101/3275 5647/6101/3275 5648/6103/3275
f 5430/6074/3276 5429/6103/3276 5648/6103/3276 5649/6074/3276
f 5431/6104/3277 5430/6074/3277 5649/6074/3277 5650/6104/3277
f 5414/6102/3278 5413/6105/3278 5632/6105/3278 5633/6102/3278
f 5432/6106/3279 5431/6104/3279 5650/6104/3279 5651/6106/3279
f 5433/6107/3280 5432/6106/3280 5651/6106/3280 5652/6107/3280
f 5434/6108/3281 5433/6107/3281 5652/6107/3281 5653/6108/3281
f 5413/6105/3282 5412/6109/3282 5631/6109/3282 5632/6105/3282
f 5435/6073/3283 5434/6108/3283 5653/6108/3283 5654/6073/3283
f 5436/6110/3284 5435/6073/3284 5654/6073/3284 5655/6110/3284
f 5412/6109/3285 5411/6111/3285 5630/6111/3285 5631/6109/3285
f 5437/6112/3286 5436/6110/3286 5655/6110/3286 5656/6112/3286
f 5438/6113/3287 5437/6112/3287 5656/6112/3287 5657/6113/3287
f 5411/6111/3288 5410/6077/3288 5629/6077/3288 5630/6111/3288
f 5439/6114/3289 5438/6113/3289 5657/6113/3289 5658/6114/3289
f 5410/6077/3290 5409/6115/3290 5628/6115/3290 5629/6077/3290
f 5440/6071/3291 5439/6114/3291 5658/6114/3291 5659/6071/3291
f 5441/6116/3292 5440/6071/3292 5659/6071/3292 5660/6116/3292
f 5409/6115/3293 5408/6117/3293 5627/6117/3293 5628/6115/3293
f 5442/6118/3294 5441/6116/3294 5660/6116/3294 5661/6118/3294
f 5443/6119/3295 5442/6118/3295 5661/6118/3295 5662/6119/3295
f 5408/6117/3296 5407/6120/3296 5626/6120/3296 5627/6117/3296
f 5444/6121/3297 5443/6119/3297 5662/6119/3297 5663/6121/3297
f 5445/6069/3298 5444/6121/3298 5663/6121/3298 5664/6069/3298
f 5446/6122/3299 5445/6069/3299 5664/6069/3299 5665/6122/3299
f 5447/6123/3300 5446/6122/3300 5665/6122/3300 5666/6123/3300
f 5407/6120/3301 5406/6124/3301 5625/6124/3301 5626/6120/3301
f 5448/6125/3302 5447/6123/3302 5666/6123/3302 5667/6125/3302
f 5449/6126/3303 5448/6125/3303 5667/6125/3303 5668/6126/3303
f 5450/6067/3242 5449/6126/3242 5668/6126/3242 5669/6067/3242
f 5406/6124/3304 5405/6068/3304 5624/6068/3304 5625/6124/3304
f 5405/6068/3305 5404/6128/3305 5623/6128/3305 5624/6068/3305
f 5404/6128/3306 5403/6129/3306 5622/6129/3306 5623/6128/3306
f 5403/6129/3307 5402/6130/3307 5621/6130/3307 5622/6129/3307
f 5402/6130/3308 5401/6131/3308 5620/6131/3308 5621/6130/3308
f 5401/6131/3309 5400/6070/3309 5619/6070/3309 5620/6131/3309
f 5399/6132/3246 5398/6127/3246 5617/6127/3246 5618/6132/3246
f 5400/6070/3310 5399/6132/3310 5618/6132/3310 5619/6070/3310
f 5397/6133/3246 5396/6090/3246 5615/6090/3246 5616/6133/3246
f 5398/6127/3248 5397/6133/3248 5616/6133/3248 5617/6127/3248
f 5453/6124/3311 5452/6134/3311 5671/6134/3311 5672/6124/3311
f 5452/6134/3242 5451/6065/3242 5670/6065/3242 5671/6134/3242
f 5451/6065/3312 5458/6135/3312 5677/6135/3312 5670/6065/3312
f 5459/6114/3313 5461/6067/3313 5680/6067/3313 5678/6114/3313
f 5460/6136/3314 5459/6114/3314 5678/6114/3314 5679/6136/3314
f 5461/6067/3242 5460/6136/3242 5679/6136/3242 5680/6067/3242
f 5456/6062/3246 5455/6097/3246 5674/6097/3246 5675/6062/3246
f 5454/6137/3246 5453/6124/3246 5672/6124/3246 5673/6137/3246
f 5455/6097/3315 5454/6137/3315 5673/6137/3315 5674/6097/3315
f 5457/6101/3316 5456/6062/3316 5675/6062/3316 5676/6101/3316
f 5458/6135/3246 5457/6101/3246 5676/6101/3246 5677/6135/3246
f 5528/6138/3317 5527/6140/3317 5746/6140/3317 5747/6138/3317
f 5527/6140/3318 5526/6139/3318 5745/6139/3318 5746/6140/3318
f 5526/6139/3319 5525/6141/3319 5744/6141/3319 5745/6139/3319
f 5525/6141/3320 5524/6142/3320 5743/6142/3320 5744/6141/3320
f 5524/6142/3321 5523/6143/3321 5742/6143/3321 5743/6142/3321
f 5529/6144/3322 5528/6138/3322 5747/6138/3322 5748/6144/3322
f 5523/6143/3323 5522/6145/3323 5741/6145/3323 5742/6143/3323
f 5522/6145/3324 5521/6146/3324 5740/6146/3324 5741/6145/3324
f 5521/6146/3325 5520/6147/3325 5739/6147/3325 5740/6146/3325
f 5530/6148/3326 5529/6144/3326 5748/6144/3326 5749/6148/3326
f 5520/6147/3327 5519/6149/3327 5738/6149/3327 5739/6147/3327
f 5519/6149/3328 5518/6150/3328 5737/6150/3328 5738/6149/3328
f 5531/6151/3329 5530/6148/3329 5749/6148/3329 5750/6151/3329
f 5518/6150/3330 5517/6152/3330 5736/6152/3330 5737/6150/3330
f 5517/6152/3331 5516/6153/3331 5735/6153/3331 5736/6152/3331
f 5532/6154/3332 5531/6151/3332 5750/6151/3332 5751/6154/3332
f 5516/6153/3333 5515/6155/3333 5734/6155/3333 5735/6153/3333
f 5505/6157/3334 5504/6156/3334 5723/6156/3334 5724/6157/3334
f 5506/6158/3335 5505/6157/3335 5724/6157/3335 5725/6158/3335
f 5507/6159/3336 5506/6158/3336 5725/6158/3336 5726/6159/3336
f 5508/6160/3337 5507/6159/3337 5726/6159/3337 5727/6160/3337
f 5509/6161/3338 5508/6160/3338 5727/6160/3338 5728/6161/3338
f 5510/6162/3339 5509/6161/3339 5728/6161/3339 5729/6162/3339
f 5511/6163/3340 5510/6162/3340 5729/6162/3340 5730/6163/3340
f 5512/6164/3341 5511/6163/3341 5730/6163/3341 5731/6164/3341
f 5513/6165/3342 5512/6164/3342 5731/6164/3342 5732/6165/3342
f 5514/6166/3343 5513/6165/3343 5732/6165/3343 5733/6166/3343
f 5515/6155/3344 5514/6166/3344 5733/6166/3344 5734/6155/3344
f 5533/6167/3345 5532/6154/3345 5751/6154/3345 5752/6167/3345
f 5503/6169/3346 5502/6168/3346 5721/6168/3346 5722/6169/3346
f 5504/6156/3347 5503/6169/3347 5722/6169/3347 5723/6156/3347
f 5502/6168/3348 5501/6170/3348 5720/6170/3348 5721/6168/3348
f 5501/6170/3349 5500/6171/3349 5719/6171/3349 5720/6170/3349
f 5500/6171/3350 5499/6172/3350 5718/6172/3350 5719/6171/3350
f 5534/6173/3351 5533/6167/3351 5752/6167/3351 5753/6173/3351
f 5499/6172/3352 5498/6174/3352 5717/6174/3352 5718/6172/3352
f 5498/6174/3353 5497/6175/3353 5716/6175/3353 5717/6174/3353
f 5535/6176/3354 5534/6173/3354 5753/6173/3354 5754/6176/3354
f 5497/6175/3355 5496/6177/3355 5715/6177/3355 5716/6175/3355
f 5496/6177/3356 5495/6178/3356 5714/6178/3356 5715/6177/3356
f 5536/6179/3357 5535/6176/3357 5754/6176/3357 5755/6179/3357
f 5495/6178/3358 5494/6180/3358 5713/6180/3358 5714/6178/3358
f 5537/6181/3359 5536/6179/3359 5755/6179/3359 5756/6181/3359
f 5494/6180/3360 5493/6182/3360 5712/6182/3360 5713/6180/3360
f 5493/6182/3361 5492/6183/3361 5711/6183/3361 5712/6182/3361
f 5538/6184/3362 5537/6181/3362 5756/6181/3362 5757/6184/3362
f 5492/6183/3363 5491/6185/3363 5710/6185/3363 5711/6183/3363
f 5539/6186/3364 5538/6184/3364 5757/6184/3364 5758/6186/3364
f 5491/6185/3365 5490/6187/3365 5709/6187/3365 5710/6185/3365
f 5490/6187/3366 5489/6188/3366 5708/6188/3366 5709/6187/3366
f 5540/6189/3367 5539/6186/3367 5758/6186/3367 5759/6189/3367
f 5464/6190/3247 5463/6191/3247 5682/6191/3247 5683/6190/3247
f 5463/6191/3242 5462/6065/3242 5681/6065/3242 5682/6191/3242
f 5465/6192/3246 5464/6190/3246 5683/6190/3246 5684/6192/3246
f 5462/6065/3248 5563/6067/3248 5782/6067/3248 5681/6065/3248
f 5489/6188/3368 5488/6193/3368 5707/6193/3368 5708/6188/3368
f 5541/6194/3369 5540/6189/3369 5759/6189/3369 5760/6194/3369
f 5488/6193/3370 5487/6195/3370 5706/6195/3370 5707/6193/3370
f 5466/6196/3371 5465/6192/3371 5684/6192/3371 5685/6196/3371
f 5542/6197/3372 5541/6194/3372 5760/6194/3372 5761/6197/3372
f 5487/6195/3373 5486/6198/3373 5705/6198/3373 5706/6195/3373
f 5486/6198/3374 5485/6199/3374 5704/6199/3374 5705/6198/3374
f 5543/6200/3375 5542/6197/3375 5761/6197/3375 5762/6200/3375
f 5485/6199/3376 5484/6201/3376 5703/6201/3376 5704/6199/3376
f 5544/6202/3377 5543/6200/3377 5762/6200/3377 5763/6202/3377
f 5484/6201/3378 5483/6203/3378 5702/6203/3378 5703/6201/3378
f 5483/6203/3379 5482/6204/3379 5701/6204/3379 5702/6203/3379
f 5545/6205/3380 5544/6202/3380 5763/6202/3380 5764/6205/3380
f 5482/6204/3381 5481/6206/3381 5700/6206/3381 5701/6204/3381
f 5467/6207/3382 5466/6196/3383 5685/6196/3383 5686/6207/3382
f 5468/6208/3384 5467/6207/3382 5686/6207/3382 5687/6208/3384
f 5469/6209/3385 5468/6208/3385 5687/6208/3385 5688/6209/3385
f 5481/6206/3386 5480/6210/3386 5699/6210/3386 5700/6206/3386
f 5470/6211/3387 5469/6209/3387 5688/6209/3387 5689/6211/3387
f 5471/6212/3388 5470/6211/3388 5689/6211/3388 5690/6212/3388
f 5472/6213/3389 5471/6212/3389 5690/6212/3389 5691/6213/3389
f 5480/6210/3390 5479/6214/3390 5698/6214/3390 5699/6210/3390
f 5546/6215/3391 5545/6205/3391 5764/6205/3391 5765/6215/3391
f 5473/6216/3392 5472/6213/3392 5691/6213/3392 5692/6216/3392
f 5474/6217/3393 5473/6216/3393 5692/6216/3393 5693/6217/3393
f 5475/6218/3394 5474/6217/3394 5693/6217/3394 5694/6218/3394
f 5479/6214/3395 5478/6219/3395 5697/6219/3395 5698/6214/3395
f 5476/6220/3396 5475/6218/3396 5694/6218/3396 5695/6220/3396
f 5477/6221/3397 5476/6220/3397 5695/6220/3397 5696/6221/3397
f 5478/6219/3398 5477/6221/3398 5696/6221/3398 5697/6219/3398
f 5547/6222/3399 5546/6215/3399 5765/6215/3399 5766/6222/3399
f 5563/6067/3400 5562/6223/3400 5781/6223/3400 5782/6067/3400
f 5562/6223/3401 5561/6224/3401 5780/6224/3401 5781/6223/3401
f 5548/6225/3402 5547/6222/3402 5766/6222/3402 5767/6225/3402
f 5561/6224/3403 5560/6226/3403 5779/6226/3403 5780/6224/3403
f 5560/6226/3404 5559/6227/3404 5778/6227/3404 5779/6226/3404
f 5549/6228/3405 5548/6225/3405 5767/6225/3405 5768/6228/3405
f 5559/6227/3406 5558/6229/3406 5777/6229/3406 5778/6227/3406
f 5558/6229/3407 5557/6230/3407 5776/6230/3407 5777/6229/3407
f 5557/6230/3408 5556/6231/3408 5775/6231/3408 5776/6230/3408
f 5550/6232/3409 5549/6228/3409 5768/6228/3409 5769/6232/3409
f 5556/6231/3410 5555/6233/3410 5774/6233/3410 5775/6231/3410
f 5555/6233/3411 5554/6234/3411 5773/6234/3411 5774/6233/3411
f 5554/6234/3412 5553/6235/3412 5772/6235/3412 5773/6234/3412
f 5551/6236/3413 5550/6232/3413 5769/6232/3413 5770/6236/3413
f 5552/6237/3414 5551/6236/3414 5770/6236/3414 5771/6237/3414
f 5553/6235/3415 5552/6237/3415 5771/6237/3415 5772/6235/3415
o Text.001
v 1.685658 0.114078 -0.110105
v 1.686371 0.114078 -0.107113
v 1.687845 0.098891 -0.100816
v 1.689376 0.114078 -0.094499
v 1.690096 0.114078 -0.091476
v 1.687894 0.092265 -0.100566
v 1.687747 0.092265 -0.101183
v 1.690375 0.114078 -0.090304
v 1.693219 0.114078 -0.078368
v 1.693185 0.092455 -0.078360
v 1.690275 0.092455 -0.090574
v 1.690279 0.095245 -0.090575
v 1.692469 0.095245 -0.081384
v 1.692480 0.101966 -0.081386
v 1.690430 0.101966 -0.089991
v 1.690434 0.104757 -0.089992
v 1.692484 0.104757 -0.081387
v 1.692495 0.111288 -0.081390
v 1.690371 0.111288 -0.090303
v 1.694322 0.114078 -0.073742
v 1.694998 0.114078 -0.070904
v 1.694971 0.097337 -0.070898
v 1.698393 0.114078 -0.056655
v 1.698966 0.114078 -0.054250
v 1.698931 0.092455 -0.054241
v 1.698255 0.092455 -0.057079
v 1.698282 0.109100 -0.057085
v 1.694904 0.092455 -0.071143
v 1.694287 0.092455 -0.073734
v 1.699789 0.114078 -0.050795
v 1.702633 0.114078 -0.038859
v 1.702598 0.092455 -0.038851
v 1.699688 0.092455 -0.051065
v 1.699693 0.095245 -0.051066
v 1.701882 0.095245 -0.041875
v 1.701893 0.101966 -0.041877
v 1.699843 0.101966 -0.050482
v 1.699847 0.104757 -0.050483
v 1.701898 0.104757 -0.041878
v 1.701908 0.111288 -0.041881
v 1.699784 0.111288 -0.050794
v 1.705398 0.106627 -0.027198
v 1.706755 0.114078 -0.021557
v 1.707622 0.114078 -0.017918
v 1.705747 0.103900 -0.025717
v 1.705729 0.092455 -0.025712
v 1.705008 0.092455 -0.028735
v 1.705027 0.103869 -0.028739
v 1.703184 0.114078 -0.036546
v 1.704051 0.114078 -0.032907
v 1.712898 0.114078 0.004227
v 1.712864 0.092455 0.004235
v 1.712144 0.092455 0.001213
v 1.712159 0.101808 0.001209
v 1.711409 0.101808 -0.001937
v 1.711132 0.101862 -0.003100
v 1.710881 0.102021 -0.004154
v 1.710656 0.102277 -0.005101
v 1.710456 0.102624 -0.005942
v 1.710281 0.103055 -0.006678
v 1.710131 0.103564 -0.007312
v 1.710006 0.104143 -0.007843
v 1.709904 0.104786 -0.008275
v 1.709826 0.105486 -0.008609
v 1.709770 0.106237 -0.008845
v 1.709738 0.107032 -0.008986
v 1.709728 0.107864 -0.009033
v 1.709740 0.108705 -0.008989
v 1.709773 0.109513 -0.008857
v 1.709828 0.110279 -0.008634
v 1.709904 0.110997 -0.008320
v 1.710002 0.111658 -0.007913
v 1.710122 0.112255 -0.007411
v 1.710265 0.112781 -0.006814
v 1.710432 0.113228 -0.006120
v 1.710621 0.113588 -0.005327
v 1.710834 0.113855 -0.004434
v 1.711071 0.114021 -0.003439
v 1.711333 0.114078 -0.002342
v 1.712174 0.111288 0.001206
v 1.711329 0.111288 -0.002341
v 1.711174 0.111253 -0.002988
v 1.711038 0.111154 -0.003559
v 1.710919 0.110996 -0.004058
v 1.710816 0.110785 -0.004489
v 1.710729 0.110529 -0.004854
v 1.710655 0.110234 -0.005159
v 1.710596 0.109905 -0.005407
v 1.710549 0.109550 -0.005601
v 1.710514 0.109174 -0.005745
v 1.710490 0.108785 -0.005844
v 1.710476 0.108388 -0.005900
v 1.710471 0.107990 -0.005918
v 1.710477 0.107471 -0.005888
v 1.710497 0.106991 -0.005799
v 1.710531 0.106551 -0.005655
v 1.710577 0.106153 -0.005458
v 1.710636 0.105797 -0.005209
v 1.710707 0.105486 -0.004910
v 1.710788 0.105219 -0.004565
v 1.710881 0.104998 -0.004176
v 1.710984 0.104825 -0.003744
v 1.711096 0.104700 -0.003271
v 1.711217 0.104624 -0.002761
v 1.711347 0.104598 -0.002215
v 1.712163 0.104598 0.001208
v 1.715654 0.114205 0.015793
v 1.716161 0.114205 0.017921
v 1.718279 0.092455 0.026966
v 1.717545 0.092455 0.023882
v 1.716923 0.098828 0.021227
v 1.714792 0.098828 0.012283
v 1.714113 0.092455 0.009478
v 1.713378 0.092455 0.006394
v 1.715911 0.109449 0.016905
v 1.715090 0.101618 0.013515
v 1.716648 0.101618 0.020054
v 1.718789 0.103108 0.029028
v 1.720472 0.103108 0.036091
v 1.720467 0.100318 0.036092
v 1.719505 0.100318 0.032052
v 1.719497 0.095879 0.032054
v 1.719584 0.095762 0.032417
v 1.719671 0.095650 0.032782
v 1.719758 0.095545 0.033149
v 1.719846 0.095446 0.033518
v 1.719934 0.095355 0.033891
v 1.720024 0.095273 0.034267
v 1.720114 0.095200 0.034647
v 1.720206 0.095139 0.035031
v 1.720298 0.095090 0.035420
v 1.720392 0.095053 0.035814
v 1.720487 0.095031 0.036213
v 1.720584 0.095023 0.036619
v 1.720874 0.095093 0.037836
v 1.721148 0.095297 0.038984
v 1.721404 0.095628 0.040056
v 1.721640 0.096081 0.041046
v 1.721856 0.096648 0.041945
v 1.722048 0.097322 0.042748
v 1.722216 0.098096 0.043446
v 1.722357 0.098964 0.044033
v 1.722470 0.099918 0.044502
v 1.722554 0.100953 0.044845
v 1.722606 0.102061 0.045056
v 1.722625 0.103235 0.045128
v 1.722610 0.104383 0.045055
v 1.722561 0.105477 0.044843
v 1.722481 0.106507 0.044501
v 1.722372 0.107466 0.044038
v 1.722237 0.108343 0.043462
v 1.722076 0.109132 0.042782
v 1.721892 0.109823 0.042007
v 1.721688 0.110407 0.041145
v 1.721465 0.110877 0.040207
v 1.721226 0.111223 0.039199
v 1.720972 0.111437 0.038132
v 1.720706 0.111510 0.037013
v 1.720555 0.111495 0.036380
v 1.720404 0.111449 0.035747
v 1.720252 0.111374 0.035113
v 1.720101 0.111269 0.034479
v 1.719950 0.111135 0.033845
v 1.719799 0.110971 0.033212
v 1.719648 0.110778 0.032581
v 1.719498 0.110556 0.031951
v 1.719348 0.110306 0.031323
v 1.719198 0.110027 0.030698
v 1.719050 0.109720 0.030076
v 1.718902 0.109386 0.029458
v 1.718907 0.112524 0.029457
v 1.719096 0.112860 0.030250
v 1.719272 0.113156 0.030986
v 1.719436 0.113414 0.031673
v 1.719590 0.113635 0.032318
v 1.719736 0.113823 0.032929
v 1.719876 0.113979 0.033516
v 1.720012 0.114105 0.034085
v 1.720146 0.114204 0.034644
v 1.720279 0.114277 0.035203
v 1.720413 0.114326 0.035768
v 1.720552 0.114354 0.036348
v 1.720695 0.114363 0.036951
v 1.721069 0.114264 0.038520
v 1.721425 0.113974 0.040014
v 1.721759 0.113506 0.041421
v 1.722070 0.112870 0.042729
v 1.722353 0.112078 0.043926
v 1.722608 0.111141 0.045002
v 1.722831 0.110072 0.045943
v 1.723019 0.108882 0.046740
v 1.723169 0.107582 0.047380
v 1.723279 0.106184 0.047851
v 1.723346 0.104699 0.048143
v 1.723367 0.103140 0.048243
v 1.723341 0.101592 0.048146
v 1.723271 0.100125 0.047863
v 1.723159 0.098750 0.047402
v 1.723008 0.097477 0.046775
v 1.722819 0.096316 0.045993
v 1.722597 0.095277 0.045065
v 1.722342 0.094369 0.044004
v 1.722058 0.093604 0.042818
v 1.721748 0.092992 0.041520
v 1.721413 0.092542 0.040119
v 1.721057 0.092264 0.038626
v 1.720682 0.092169 0.037051
v 1.720510 0.092180 0.036332
v 1.720345 0.092213 0.035635
v 1.720183 0.092269 0.034957
v 1.720025 0.092348 0.034294
v 1.719870 0.092452 0.033641
v 1.719716 0.092582 0.032996
v 1.719563 0.092738 0.032352
v 1.719410 0.092921 0.031708
v 1.719255 0.093133 0.031057
v 1.719099 0.093373 0.030397
v 1.718938 0.093644 0.029723
v 1.718774 0.093945 0.029032
v 1.682574 0.114083 -0.109370
v 1.683286 0.114083 -0.106378
v 1.684761 0.098896 -0.100081
v 1.686292 0.114083 -0.093764
v 1.687012 0.114083 -0.090741
v 1.684809 0.092270 -0.099832
v 1.684662 0.092270 -0.100448
v 1.687291 0.114083 -0.089569
v 1.690135 0.114083 -0.077633
v 1.690101 0.092460 -0.077625
v 1.687191 0.092460 -0.089839
v 1.687195 0.095250 -0.089840
v 1.689385 0.095250 -0.080649
v 1.689396 0.101972 -0.080651
v 1.687345 0.101972 -0.089256
v 1.687350 0.104762 -0.089257
v 1.689400 0.104762 -0.080652
v 1.689410 0.111293 -0.080655
v 1.687287 0.111293 -0.089568
v 1.691237 0.114083 -0.073007
v 1.691913 0.114083 -0.070170
v 1.691887 0.097343 -0.070163
v 1.695308 0.114083 -0.055921
v 1.695881 0.114083 -0.053515
v 1.695847 0.092460 -0.053507
v 1.695171 0.092460 -0.056344
v 1.695197 0.109105 -0.056350
v 1.691820 0.092460 -0.070408
v 1.691203 0.092460 -0.072999
v 1.696705 0.114083 -0.050061
v 1.699548 0.114083 -0.038125
v 1.699514 0.092460 -0.038116
v 1.696604 0.092460 -0.050330
v 1.696608 0.095250 -0.050331
v 1.698798 0.095250 -0.041140
v 1.698809 0.101972 -0.041143
v 1.696759 0.101972 -0.049748
v 1.696763 0.104762 -0.049749
v 1.698813 0.104762 -0.041144
v 1.698824 0.111293 -0.041146
v 1.696700 0.111293 -0.050059
v 1.702314 0.106632 -0.026463
v 1.703671 0.114083 -0.020822
v 1.704538 0.114083 -0.017183
v 1.702662 0.103906 -0.024982
v 1.702644 0.092460 -0.024978
v 1.701924 0.092460 -0.028000
v 1.701942 0.103874 -0.028004
v 1.700099 0.114083 -0.035811
v 1.700967 0.114083 -0.032172
v 1.709814 0.114083 0.004962
v 1.709780 0.092460 0.004970
v 1.709059 0.092460 0.001948
v 1.709074 0.101813 0.001944
v 1.708325 0.101813 -0.001202
v 1.708048 0.101867 -0.002365
v 1.707797 0.102026 -0.003419
v 1.707572 0.102282 -0.004366
v 1.707372 0.102629 -0.005207
v 1.707197 0.103060 -0.005943
v 1.707047 0.103569 -0.006577
v 1.706921 0.104148 -0.007109
v 1.706820 0.104791 -0.007540
v 1.706741 0.105491 -0.007874
v 1.706686 0.106242 -0.008110
v 1.706654 0.107037 -0.008251
v 1.706644 0.107869 -0.008298
v 1.706656 0.108710 -0.008254
v 1.706689 0.109518 -0.008122
v 1.706743 0.110284 -0.007899
v 1.706819 0.111002 -0.007585
v 1.706918 0.111663 -0.007178
v 1.707038 0.112260 -0.006676
v 1.707181 0.112786 -0.006079
v 1.707347 0.113233 -0.005385
v 1.707537 0.113594 -0.004592
v 1.707750 0.113861 -0.003699
v 1.707987 0.114026 -0.002704
v 1.708249 0.114083 -0.001607
v 1.709089 0.111293 0.001940
v 1.708244 0.111293 -0.001606
v 1.708090 0.111258 -0.002253
v 1.707954 0.111159 -0.002824
v 1.707835 0.111001 -0.003323
v 1.707732 0.110790 -0.003754
v 1.707644 0.110534 -0.004119
v 1.707571 0.110239 -0.004424
v 1.707512 0.109910 -0.004672
v 1.707465 0.109555 -0.004866
v 1.707430 0.109180 -0.005010
v 1.707406 0.108790 -0.005109
v 1.707392 0.108394 -0.005165
v 1.707387 0.107996 -0.005183
v 1.707393 0.107476 -0.005153
v 1.707413 0.106996 -0.005065
v 1.707447 0.106556 -0.004921
v 1.707493 0.106158 -0.004723
v 1.707552 0.105803 -0.004474
v 1.707622 0.105491 -0.004176
v 1.707704 0.105224 -0.003831
v 1.707797 0.105004 -0.003441
v 1.707899 0.104830 -0.003009
v 1.708012 0.104705 -0.002536
v 1.708133 0.104629 -0.002026
v 1.708263 0.104603 -0.001480
v 1.709079 0.104603 0.001943
v 1.712570 0.114210 0.016528
v 1.713077 0.114210 0.018656
v 1.715195 0.092460 0.027701
v 1.714460 0.092460 0.024617
v 1.713839 0.098833 0.021962
v 1.711708 0.098833 0.013018
v 1.711029 0.092460 0.010213
v 1.710294 0.092460 0.007129
v 1.712827 0.109454 0.017640
v 1.712006 0.101623 0.014250
v 1.713564 0.101623 0.020789
v 1.715705 0.103113 0.029763
v 1.717387 0.103113 0.036826
v 1.717383 0.100323 0.036827
v 1.716420 0.100323 0.032787
v 1.716413 0.095884 0.032788
v 1.716500 0.095767 0.033152
v 1.716586 0.095656 0.033517
v 1.716674 0.095550 0.033884
v 1.716761 0.095451 0.034253
v 1.716850 0.095360 0.034626
v 1.716940 0.095278 0.035002
v 1.717030 0.095206 0.035381
v 1.717121 0.095144 0.035766
v 1.717214 0.095095 0.036154
v 1.717308 0.095059 0.036548
v 1.717403 0.095036 0.036948
v 1.717499 0.095028 0.037353
v 1.717790 0.095098 0.038571
v 1.718063 0.095302 0.039719
v 1.718320 0.095634 0.040791
v 1.718556 0.096086 0.041781
v 1.718771 0.096653 0.042680
v 1.718964 0.097327 0.043482
v 1.719131 0.098101 0.044181
v 1.719273 0.098969 0.044768
v 1.719386 0.099924 0.045237
v 1.719470 0.100958 0.045580
v 1.719522 0.102066 0.045791
v 1.719541 0.103240 0.045863
v 1.719525 0.104388 0.045790
v 1.719477 0.105482 0.045578
v 1.719397 0.106512 0.045236
v 1.719288 0.107471 0.044773
v 1.719152 0.108349 0.044196
v 1.718992 0.109137 0.043517
v 1.718808 0.109828 0.042742
v 1.718604 0.110412 0.041880
v 1.718381 0.110882 0.040942
v 1.718142 0.111228 0.039934
v 1.717888 0.111442 0.038867
v 1.717621 0.111515 0.037748
v 1.717470 0.111500 0.037115
v 1.717319 0.111455 0.036482
v 1.717168 0.111379 0.035848
v 1.717017 0.111274 0.035213
v 1.716866 0.111140 0.034580
v 1.716715 0.110976 0.033947
v 1.716564 0.110783 0.033316
v 1.716413 0.110561 0.032686
v 1.716264 0.110311 0.032058
v 1.716114 0.110032 0.031433
v 1.715966 0.109726 0.030811
v 1.715818 0.109391 0.030193
v 1.715823 0.112530 0.030191
v 1.716012 0.112865 0.030985
v 1.716188 0.113161 0.031721
v 1.716352 0.113419 0.032407
v 1.716506 0.113640 0.033052
v 1.716652 0.113828 0.033664
v 1.716792 0.113984 0.034250
v 1.716928 0.114110 0.034819
v 1.717061 0.114209 0.035379
v 1.717195 0.114282 0.035938
v 1.717329 0.114331 0.036503
v 1.717467 0.114360 0.037083
v 1.717611 0.114368 0.037685
v 1.717985 0.114269 0.039255
v 1.718340 0.113980 0.040749
v 1.718675 0.113511 0.042156
v 1.718985 0.112875 0.043464
v 1.719269 0.112083 0.044661
v 1.719524 0.111146 0.045736
v 1.719746 0.110077 0.046678
v 1.719934 0.108887 0.047475
v 1.720085 0.107587 0.048115
v 1.720194 0.106189 0.048586
v 1.720261 0.104704 0.048878
v 1.720283 0.103145 0.048978
v 1.720257 0.101597 0.048881
v 1.720187 0.100130 0.048597
v 1.720075 0.098756 0.048137
v 1.719923 0.097482 0.047510
v 1.719735 0.096321 0.046728
v 1.719512 0.095282 0.045800
v 1.719258 0.094375 0.044739
v 1.718974 0.093610 0.043553
v 1.718664 0.092997 0.042255
v 1.718329 0.092547 0.040854
v 1.717973 0.092269 0.039361
v 1.717598 0.092175 0.037786
v 1.717426 0.092185 0.037067
v 1.717260 0.092218 0.036370
v 1.717099 0.092274 0.035692
v 1.716941 0.092353 0.035029
v 1.716786 0.092457 0.034376
v 1.716632 0.092587 0.033730
v 1.716479 0.092743 0.033087
v 1.716326 0.092926 0.032442
v 1.716171 0.093138 0.031792
v 1.716014 0.093378 0.031132
v 1.715854 0.093649 0.030458
v 1.715690 0.093950 0.029767
vn 0.9728 -0.0016 -0.2318
vn 0.9728 -0.0016 -0.2317
vn 0.9728 -0.0017 -0.2318
vn 0.9728 -0.0015 -0.2317
vn 0.9728 -0.0015 -0.2318
vn 0.9728 -0.0015 -0.2315
vn 0.9727 -0.0018 -0.2319
vn 0.9728 -0.0014 -0.2318
vn 0.9728 -0.0017 -0.2317
vn 0.9727 -0.0015 -0.2319
vn 0.9728 -0.0018 -0.2318
vn 0.9728 -0.0019 -0.2318
vn 0.9728 -0.0016 -0.2316
vn 0.9727 -0.0018 -0.2321
vn 0.9727 -0.0017 -0.2320
vn 0.9727 -0.0017 -0.2319
vn 0.9727 -0.0016 -0.2319
vn 0.9728 -0.0020 -0.2317
vn 0.9728 -0.0015 -0.2316
vn 0.9728 -0.0013 -0.2317
vn 0.9727 -0.0014 -0.2319
vn 0.9728 -0.0018 -0.2317
vn 0.9727 -0.0016 -0.2320
vn 0.9728 -0.0013 -0.2318
vn 0.9728 -0.0017 -0.2316
vn -0.9727 0.0017 0.2320
vn -0.9728 0.0017 0.2317
vn -0.9727 0.0015 0.2319
vn -0.9728 0.0017 0.2318
vn -0.9728 0.0016 0.2318
vn -0.9727 0.0016 0.2320
vn -0.9728 0.0014 0.2317
vn -0.9728 0.0015 0.2317
vn -0.9728 0.0015 0.2315
vn -0.9728 0.0018 0.2318
vn -0.9728 0.0015 0.2318
vn -0.9728 0.0016 0.2317
vn -0.9727 0.0017 0.2319
vn -0.9727 0.0016 0.2319
vn -0.9728 0.0019 0.2318
vn -0.9727 0.0019 0.2320
vn -0.9728 0.0016 0.2319
vn -0.9728 0.0014 0.2316
vn -0.9727 0.0013 0.2319
vn -0.9728 0.0014 0.2318
vn -0.9727 0.0014 0.2319
vn -0.9728 0.0013 0.2318
vn -0.9728 0.0018 0.2317
vn -0.9727 0.0017 0.2321
vn -0.9728 0.0015 0.2316
vn -0.9728 0.0019 0.2316
vn -0.9727 0.0018 0.2319
vn -0.9728 0.0018 0.2316
vn -0.9728 0.0016 0.2316
vn -0.9727 0.0012 0.2319
vn -0.9728 0.0020 0.2317
vn 0.2123 -0.3941 0.8942
vn 0.0015 1.0000 -0.0004
vn -0.2125 0.3935 -0.8944
vn 0.2139 0.3918 0.8949
vn -0.2143 -0.3873 -0.8967
vn -0.0015 -1.0000 0.0004
vn 0.2318 -0.0000 0.9728
vn -0.2318 -0.0000 -0.9728
vn -0.2318 -0.0001 -0.9728
vn -0.0018 -1.0000 0.0004
vn -0.2318 0.0001 -0.9728
vn 0.2316 -0.0000 0.9728
vn -0.1732 0.6585 -0.7324
vn 0.1737 -0.6558 0.7347
vn 0.2317 -0.0000 0.9728
vn -0.2317 -0.0001 -0.9728
vn -0.2317 -0.0000 -0.9728
vn -0.2315 -0.0000 -0.9728
vn 0.1810 -0.6190 0.7642
vn -0.1820 0.6144 -0.7677
vn 0.1831 0.6186 0.7641
vn -0.1832 -0.6178 -0.7647
vn -0.0102 0.9987 -0.0495
vn -0.0354 0.9872 -0.1558
vn -0.0633 0.9602 -0.2720
vn -0.0922 0.9146 -0.3937
vn -0.1217 0.8475 -0.5166
vn -0.1497 0.7594 -0.6332
vn -0.1744 0.6537 -0.7364
vn -0.1950 0.5351 -0.8219
vn 0.0105 -0.9986 0.0509
vn 0.0372 -0.9859 0.1630
vn 0.0668 -0.9557 0.2867
vn -0.2107 0.4107 -0.8871
vn 0.0980 -0.9032 0.4178
vn 0.1291 -0.8265 0.5479
vn 0.1578 -0.7277 0.6675
vn -0.2216 0.2866 -0.9321
vn 0.1823 -0.6125 0.7692
vn 0.2013 -0.4901 0.8481
vn 0.2149 -0.3680 0.9046
vn -0.2283 0.1665 -0.9592
vn 0.2239 -0.2520 0.9415
vn 0.2291 -0.1445 0.9626
vn -0.2314 0.0537 -0.9714
vn 0.2314 -0.0465 0.9717
vn 0.2315 0.0590 0.9711
vn -0.2315 -0.0576 -0.9711
vn 0.2281 0.1852 0.9559
vn -0.2284 -0.1789 -0.9570
vn 0.2199 0.3187 0.9220
vn 0.2072 0.4544 0.8664
vn -0.2211 -0.3072 -0.9256
vn 0.1891 0.5843 0.7892
vn 0.1664 0.7013 0.6932
vn -0.2089 -0.4392 -0.8738
vn 0.1406 0.7992 0.5843
vn 0.1132 0.8760 0.4688
vn 0.0859 0.9314 0.3537
vn 0.0595 0.9683 0.2427
vn -0.1916 -0.5675 -0.8007
vn 0.0348 0.9897 0.1392
vn 0.0121 0.9990 0.0439
vn -0.1696 -0.6862 -0.7074
vn -0.1439 -0.7880 -0.5986
vn -0.1161 -0.8689 -0.4812
vn -0.0878 -0.9280 -0.3620
vn -0.0605 -0.9671 -0.2471
vn -0.0352 -0.9894 -0.1409
vn -0.0120 -0.9990 -0.0435
vn 0.2138 0.3928 0.8944
vn -0.2112 0.4063 -0.8890
vn -0.2149 -0.3817 -0.8990
vn 0.2111 -0.4069 0.8887
vn -0.2137 -0.3934 -0.8942
vn 0.2106 -0.4125 0.8863
vn 0.0157 0.9981 0.0592
vn -0.0016 0.9999 -0.0142
vn -0.0094 0.9989 -0.0463
vn -0.0181 0.9964 -0.0831
vn -0.0277 0.9920 -0.1229
vn 0.0446 0.9827 0.1798
vn -0.0376 0.9856 -0.1648
vn -0.0472 0.9776 -0.2052
vn -0.0565 0.9681 -0.2440
vn 0.0730 0.9513 0.2994
vn -0.0648 0.9582 -0.2785
vn -0.0719 0.9485 -0.3087
vn 0.1007 0.9038 0.4159
vn -0.0780 0.9394 -0.3339
vn -0.0830 0.9313 -0.3547
vn 0.1268 0.8408 0.5263
vn -0.0866 0.9248 -0.3704
vn 0.0250 -0.9934 0.1120
vn 0.0353 -0.9873 0.1550
vn 0.0453 -0.9794 0.1970
vn 0.0552 -0.9697 0.2381
vn 0.0646 -0.9585 0.2777
vn 0.0737 -0.9460 0.3158
vn 0.0823 -0.9323 0.3521
vn 0.0909 -0.9173 0.3877
vn 0.0987 -0.9017 0.4209
vn 0.1065 -0.8849 0.4535
vn -0.2319 0.0001 -0.9727
vn 0.1510 0.7628 0.6288
vn 0.0038 -0.9997 0.0228
vn 0.0145 -0.9976 0.0679
vn -0.0162 -0.9980 -0.0612
vn -0.0459 -0.9815 -0.1859
vn -0.0749 -0.9485 -0.3078
vn 0.1730 0.6711 0.7209
vn -0.1028 -0.8992 -0.4254
vn -0.1290 -0.8345 -0.5356
vn 0.1918 0.5668 0.8012
vn -0.1531 -0.7554 -0.6371
vn -0.1746 -0.6629 -0.7281
vn 0.2075 0.4513 0.8679
vn -0.1931 -0.5591 -0.8063
vn 0.2195 0.3274 0.9191
vn -0.2083 -0.4448 -0.8710
vn -0.2199 -0.3228 -0.9206
vn 0.2275 0.1978 0.9535
vn -0.2277 -0.1949 -0.9540
vn 0.2314 0.0655 0.9707
vn -0.2314 -0.0648 -0.9707
vn -0.2313 0.0633 -0.9708
vn 0.2312 -0.0644 0.9708
vn -0.2272 0.1925 -0.9546
vn 0.2269 -0.1952 0.9542
vn -0.2189 0.3230 -0.9207
vn 0.2317 -0.0001 0.9728
vn 0.2188 -0.3260 0.9197
vn -0.2061 0.4508 -0.8685
vn -0.1894 0.5710 -0.7988
vn 0.2060 -0.4518 0.8680
vn -0.1687 0.6803 -0.7133
vn 0.1897 -0.5695 0.7998
vn -0.1454 0.7745 -0.6157
vn -0.1199 0.8524 -0.5089
vn 0.1697 -0.6759 0.7172
vn -0.0926 0.9137 -0.3956
vn 0.0701 0.9545 0.2899
vn 0.0707 0.9543 0.2902
vn 0.0677 0.9583 0.2775
vn 0.0641 0.9628 0.2625
vn -0.0651 0.9576 -0.2805
vn 0.0600 0.9677 0.2451
vn 0.0550 0.9730 0.2243
vn 0.0496 0.9782 0.2014
vn -0.0380 0.9854 -0.1661
vn 0.1469 -0.7691 0.6220
vn 0.0438 0.9833 0.1766
vn 0.0373 0.9881 0.1492
vn 0.0300 0.9925 0.1188
vn -0.0114 0.9984 -0.0547
vn 0.0225 0.9960 0.0869
vn 0.0144 0.9985 0.0528
vn 0.0059 0.9998 0.0177
vn 0.1216 -0.8471 0.5173
vn -0.0919 -0.9207 -0.3793
vn -0.0858 -0.9315 -0.3536
vn 0.0952 -0.9088 0.4061
vn -0.0790 -0.9425 -0.3248
vn -0.0714 -0.9534 -0.2932
vn 0.0677 -0.9545 0.2904
vn -0.0633 -0.9638 -0.2590
vn -0.0547 -0.9733 -0.2229
vn -0.0460 -0.9815 -0.1859
vn 0.0398 -0.9840 0.1737
vn -0.0370 -0.9882 -0.1486
vn -0.0284 -0.9933 -0.1124
vn -0.0200 -0.9968 -0.0770
vn 0.0118 -0.9983 0.0571
vn -0.0050 -0.9999 -0.0134
vn -0.0122 -0.9989 -0.0444
vt 0.833333 0.000000
vt 0.500000 0.000000
vt 0.666667 0.000000
vt 0.333333 0.000000
vt 0.000000 0.000000
vt 0.166667 0.000000
vt 1.000000 0.000000
vt 0.181818 0.000000
vt 0.909091 0.000000
vt 0.090909 0.000000
vt 0.818182 0.000000
vt 0.545455 0.000000
vt 0.727273 0.000000
vt 0.636364 0.000000
vt 0.454545 0.000000
vt 0.363636 0.000000
vt 0.272727 0.000000
vt 0.555556 0.000000
vt 0.444444 0.000000
vt 0.777778 0.000000
vt 0.222222 0.000000
vt 0.111111 0.000000
vt 0.888889 0.000000
vt 0.375000 0.000000
vt 0.125000 0.000000
vt 0.250000 0.000000
vt 0.875000 0.000000
vt 0.750000 0.000000
vt 0.625000 0.000000
vt 0.018182 0.000000
vt 0.527273 0.000000
vt 0.509091 0.000000
vt 0.490909 0.000000
vt 0.472727 0.000000
vt 0.436364 0.000000
vt 0.418182 0.000000
vt 0.400000 0.000000
vt 0.381818 0.000000
vt 0.563636 0.000000
vt 0.581818 0.000000
vt 0.600000 0.000000
vt 0.345455 0.000000
vt 0.618182 0.000000
vt 0.654545 0.000000
vt 0.327273 0.000000
vt 0.672727 0.000000
vt 0.690909 0.000000
vt 0.709091 0.000000
vt 0.309091 0.000000
vt 0.745455 0.000000
vt 0.290909 0.000000
vt 0.763636 0.000000
vt 0.781818 0.000000
vt 0.800000 0.000000
vt 0.254545 0.000000
vt 0.836364 0.000000
vt 0.236364 0.000000
vt 0.854545 0.000000
vt 0.872727 0.000000
vt 0.218182 0.000000
vt 0.890909 0.000000
vt 0.927273 0.000000
vt 0.945455 0.000000
vt 0.200000 0.000000
vt 0.963636 0.000000
vt 0.981818 0.000000
vt 0.054545 0.000000
vt 0.163636 0.000000
vt 0.145455 0.000000
vt 0.127273 0.000000
vt 0.109091 0.000000
vt 0.072727 0.000000
vt 0.036364 0.000000
vt 0.100000 0.000000
vt 0.700000 0.000000
vt 0.900000 0.000000
vt 0.300000 0.000000
vt 0.653465 0.000000
vt 0.633663 0.000000
vt 0.643564 0.000000
vt 0.623762 0.000000
vt 0.613861 0.000000
vt 0.603960 0.000000
vt 0.663366 0.000000
vt 0.594059 0.000000
vt 0.584158 0.000000
vt 0.574257 0.000000
vt 0.673267 0.000000
vt 0.564356 0.000000
vt 0.554455 0.000000
vt 0.683168 0.000000
vt 0.544554 0.000000
vt 0.534653 0.000000
vt 0.693069 0.000000
vt 0.524752 0.000000
vt 0.415842 0.000000
vt 0.425743 0.000000
vt 0.435644 0.000000
vt 0.445545 0.000000
vt 0.455446 0.000000
vt 0.465347 0.000000
vt 0.475248 0.000000
vt 0.485149 0.000000
vt 0.495050 0.000000
vt 0.504951 0.000000
vt 0.514852 0.000000
vt 0.702970 0.000000
vt 0.396040 0.000000
vt 0.405941 0.000000
vt 0.386139 0.000000
vt 0.376238 0.000000
vt 0.366337 0.000000
vt 0.712871 0.000000
vt 0.356436 0.000000
vt 0.346535 0.000000
vt 0.722772 0.000000
vt 0.336634 0.000000
vt 0.326733 0.000000
vt 0.732673 0.000000
vt 0.316832 0.000000
vt 0.742574 0.000000
vt 0.306931 0.000000
vt 0.297030 0.000000
vt 0.752475 0.000000
vt 0.287129 0.000000
vt 0.762376 0.000000
vt 0.277228 0.000000
vt 0.267327 0.000000
vt 0.772277 0.000000
vt 0.019802 0.000000
vt 0.009901 0.000000
vt 0.029703 0.000000
vt 0.257426 0.000000
vt 0.782178 0.000000
vt 0.247525 0.000000
vt 0.039604 0.000000
vt 0.792079 0.000000
vt 0.237624 0.000000
vt 0.227723 0.000000
vt 0.801980 0.000000
vt 0.217822 0.000000
vt 0.811881 0.000000
vt 0.207921 0.000000
vt 0.198020 0.000000
vt 0.821782 0.000000
vt 0.188119 0.000000
vt 0.049505 0.000000
vt 0.059406 0.000000
vt 0.069307 0.000000
vt 0.178218 0.000000
vt 0.079208 0.000000
vt 0.089109 0.000000
vt 0.099010 0.000000
vt 0.168317 0.000000
vt 0.831683 0.000000
vt 0.108911 0.000000
vt 0.118812 0.000000
vt 0.128713 0.000000
vt 0.158416 0.000000
vt 0.138614 0.000000
vt 0.148515 0.000000
vt 0.841584 0.000000
vt 0.990099 0.000000
vt 0.980198 0.000000
vt 0.851485 0.000000
vt 0.970297 0.000000
vt 0.960396 0.000000
vt 0.861386 0.000000
vt 0.950495 0.000000
vt 0.940594 0.000000
vt 0.930693 0.000000
vt 0.871287 0.000000
vt 0.920792 0.000000
vt 0.910891 0.000000
vt 0.900990 0.000000
vt 0.881188 0.000000
vt 0.891089 0.000000
s 1
usemtl Material.003
f 5788/6238/3416 5786/6239/3417 5787/6240/3417
f 5788/6238/3416 5785/6241/3416 5786/6239/3417
f 5785/6241/3416 5783/6242/3418 5784/6243/3418
f 5785/6241/3416 5789/6244/3417 5783/6242/3418
f 5788/6238/3416 5789/6244/3417 5785/6241/3416
f 5792/6245/3416 5800/6246/3419 5791/6247/3419
f 5800/6246/3419 5790/6242/3420 5791/6247/3419
f 5800/6246/3419 5801/6244/3416 5790/6242/3420
f 5792/6245/3416 5799/6248/3417 5800/6246/3419
f 5792/6245/3416 5796/6249/3421 5799/6248/3417
f 5796/6249/3421 5798/6250/3419 5799/6248/3417
f 5796/6249/3421 5797/6251/3422 5798/6250/3419
f 5792/6245/3416 5795/6252/3418 5796/6249/3421
f 5792/6245/3416 5794/6253/3423 5795/6252/3418
f 5792/6245/3416 5793/6254/3423 5794/6253/3423
f 5807/6255/3424 5805/6241/3418 5806/6256/3418
f 5807/6255/3424 5809/6257/3418 5805/6241/3418
f 5809/6257/3418 5804/6258/3424 5805/6241/3418
f 5804/6258/3424 5802/6242/3424 5803/6259/3424
f 5804/6258/3424 5811/6244/3424 5802/6242/3424
f 5807/6255/3424 5808/6240/3424 5809/6257/3418
f 5810/6260/3425 5804/6258/3424 5809/6257/3418
f 5810/6260/3425 5811/6244/3424 5804/6258/3424
f 5814/6245/3416 5822/6246/3418 5813/6247/3416
f 5822/6246/3418 5812/6242/3426 5813/6247/3416
f 5822/6246/3418 5823/6244/3427 5812/6242/3426
f 5814/6245/3416 5821/6248/3428 5822/6246/3418
f 5814/6245/3416 5818/6249/3429 5821/6248/3428
f 5818/6249/3429 5820/6250/3420 5821/6248/3428
f 5818/6249/3429 5819/6251/3419 5820/6250/3420
f 5814/6245/3416 5817/6252/3416 5818/6249/3429
f 5814/6245/3416 5816/6253/3418 5817/6252/3416
f 5814/6245/3416 5815/6254/3418 5816/6253/3418
f 5827/6261/3420 5825/6262/3416 5826/6263/3416
f 5827/6261/3420 5824/6242/3420 5825/6262/3416
f 5824/6242/3420 5831/6264/3424 5832/6244/3420
f 5824/6242/3420 5830/6265/3419 5831/6264/3424
f 5827/6261/3420 5830/6265/3419 5824/6242/3420
f 5828/6239/3430 5830/6265/3419 5827/6261/3420
f 5828/6239/3430 5829/6266/3417 5830/6265/3419
f 5834/6267/3417 5862/6268/3417 5833/6242/3419
f 5862/6268/3417 5861/6269/3416 5833/6242/3419
f 5862/6268/3417 5860/6270/3416 5861/6269/3416
f 5862/6268/3417 5859/6271/3418 5860/6270/3416
f 5862/6268/3417 5858/6252/3416 5859/6271/3418
f 5862/6268/3417 5857/6272/3418 5858/6252/3416
f 5862/6268/3417 5856/6273/3418 5857/6272/3418
f 5862/6268/3417 5855/6274/3416 5856/6273/3418
f 5862/6268/3417 5854/6275/3423 5855/6274/3416
f 5862/6268/3417 5863/6249/3416 5854/6275/3423
f 5863/6249/3416 5853/6253/3417 5854/6275/3423
f 5834/6267/3417 5888/6244/3431 5862/6268/3417
f 5864/6276/3416 5853/6253/3417 5863/6249/3416
f 5865/6277/3416 5853/6253/3417 5864/6276/3416
f 5866/6278/3416 5853/6253/3417 5865/6277/3416
f 5866/6278/3416 5852/6279/3416 5853/6253/3417
f 5867/6280/3416 5852/6279/3416 5866/6278/3416
f 5868/6251/3423 5852/6279/3416 5867/6280/3416
f 5869/6281/3416 5852/6279/3416 5868/6251/3423
f 5869/6281/3416 5851/6282/3416 5852/6279/3416
f 5870/6283/3416 5851/6282/3416 5869/6281/3416
f 5871/6284/3420 5851/6282/3416 5870/6283/3416
f 5872/6285/3431 5851/6282/3416 5871/6284/3420
f 5872/6285/3431 5850/6286/3431 5851/6282/3416
f 5873/6250/3416 5850/6286/3431 5872/6285/3431
f 5874/6287/3424 5850/6286/3431 5873/6250/3416
f 5874/6287/3424 5849/6288/3432 5850/6286/3431
f 5875/6289/3426 5849/6288/3432 5874/6287/3424
f 5876/6290/3416 5849/6288/3432 5875/6289/3426
f 5876/6290/3416 5848/6254/3418 5849/6288/3432
f 5877/6291/3426 5848/6254/3418 5876/6290/3416
f 5877/6291/3426 5847/6292/3416 5848/6254/3418
f 5878/6248/3426 5847/6292/3416 5877/6291/3426
f 5879/6293/3426 5847/6292/3416 5878/6248/3426
f 5879/6293/3426 5846/6294/3420 5847/6292/3416
f 5880/6295/3416 5846/6294/3420 5879/6293/3426
f 5881/6296/3416 5846/6294/3420 5880/6295/3416
f 5881/6296/3416 5845/6297/3433 5846/6294/3420
f 5882/6298/3418 5845/6297/3433 5881/6296/3416
f 5883/6246/3416 5845/6297/3433 5882/6298/3418
f 5884/6299/3416 5845/6297/3433 5883/6246/3416
f 5885/6300/3416 5845/6297/3433 5884/6299/3416
f 5885/6300/3416 5844/6301/3416 5845/6297/3433
f 5886/6302/3416 5844/6301/3416 5885/6300/3416
f 5887/6303/3418 5844/6301/3416 5886/6302/3416
f 5834/6267/3417 5836/6304/3432 5888/6244/3431
f 5836/6304/3432 5887/6303/3418 5888/6244/3431
f 5836/6304/3432 5844/6301/3416 5887/6303/3418
f 5836/6304/3432 5843/6245/3416 5844/6301/3416
f 5836/6304/3432 5842/6305/3418 5843/6245/3416
f 5836/6304/3432 5841/6306/3416 5842/6305/3418
f 5836/6304/3432 5840/6307/3420 5841/6306/3416
f 5836/6304/3432 5839/6308/3416 5840/6307/3420
f 5836/6304/3432 5838/6247/3416 5839/6308/3416
f 5836/6304/3432 5837/6309/3416 5838/6247/3416
f 5834/6267/3417 5835/6310/3418 5836/6304/3432
f 5891/6301/3434 5889/6242/3418 5890/6311/3418
f 5891/6301/3434 5897/6291/3417 5889/6242/3418
f 5897/6291/3417 5896/6312/3416 5889/6242/3418
f 5891/6301/3434 5899/6244/3417 5897/6291/3417
f 5898/6313/3416 5896/6312/3416 5897/6291/3417
f 5891/6301/3434 5893/6274/3421 5899/6244/3417
f 5893/6274/3421 5898/6313/3416 5899/6244/3417
f 5893/6274/3421 5894/6239/3425 5898/6313/3416
f 5894/6239/3425 5896/6312/3416 5898/6313/3416
f 5891/6301/3434 5892/6314/3416 5893/6274/3421
f 5895/6278/3416 5896/6312/3416 5894/6239/3425
f 5966/6315/3416 5964/6316/3416 5965/6317/3416
f 5966/6315/3416 5963/6318/3416 5964/6316/3416
f 5966/6315/3416 5962/6319/3416 5963/6318/3416
f 5966/6315/3416 5961/6320/3416 5962/6319/3416
f 5967/6321/3416 5961/6320/3416 5966/6315/3416
f 5967/6321/3416 5960/6322/3416 5961/6320/3416
f 5967/6321/3416 5959/6323/3416 5960/6322/3416
f 5967/6321/3416 5958/6324/3418 5959/6323/3416
f 5968/6325/3426 5958/6324/3418 5967/6321/3416
f 5968/6325/3426 5957/6326/3418 5958/6324/3418
f 5968/6325/3426 5956/6327/3420 5957/6326/3418
f 5969/6328/3416 5956/6327/3420 5968/6325/3426
f 5969/6328/3416 5955/6329/3416 5956/6327/3420
f 5969/6328/3416 5954/6330/3416 5955/6329/3416
f 5970/6331/3435 5954/6330/3416 5969/6328/3416
f 5970/6331/3435 5953/6332/3435 5954/6330/3416
f 5970/6331/3435 5942/6333/3426 5953/6332/3435
f 5942/6333/3426 5943/6334/3416 5953/6332/3435
f 5943/6334/3416 5944/6335/3416 5953/6332/3435
f 5944/6335/3416 5945/6336/3416 5953/6332/3435
f 5945/6336/3416 5946/6337/3416 5953/6332/3435
f 5946/6337/3416 5947/6338/3436 5953/6332/3435
f 5947/6338/3436 5948/6339/3416 5953/6332/3435
f 5948/6339/3416 5949/6340/3429 5953/6332/3435
f 5949/6340/3429 5950/6341/3428 5953/6332/3435
f 5950/6341/3428 5951/6342/3432 5953/6332/3435
f 5951/6342/3432 5952/6343/3417 5953/6332/3435
f 5971/6344/3416 5940/6345/3416 5970/6331/3435
f 5940/6345/3416 5941/6346/3416 5970/6331/3435
f 5941/6346/3416 5942/6333/3426 5970/6331/3435
f 5971/6344/3416 5939/6347/3416 5940/6345/3416
f 5971/6344/3416 5938/6348/3416 5939/6347/3416
f 5971/6344/3416 5937/6349/3416 5938/6348/3416
f 5972/6350/3431 5937/6349/3416 5971/6344/3416
f 5972/6350/3431 5936/6351/3423 5937/6349/3416
f 5972/6350/3431 5935/6352/3420 5936/6351/3423
f 5973/6353/3420 5935/6352/3420 5972/6350/3431
f 5973/6353/3420 5934/6354/3416 5935/6352/3420
f 5973/6353/3420 5933/6355/3418 5934/6354/3416
f 5974/6356/3431 5933/6355/3418 5973/6353/3420
f 5974/6356/3431 5932/6357/3416 5933/6355/3418
f 5975/6358/3420 5932/6357/3416 5974/6356/3431
f 5975/6358/3420 5931/6359/3437 5932/6357/3416
f 5975/6358/3420 5930/6360/3420 5931/6359/3437
f 5976/6361/3417 5930/6360/3420 5975/6358/3420
f 5976/6361/3417 5929/6362/3424 5930/6360/3420
f 5977/6363/3437 5929/6362/3424 5976/6361/3417
f 5977/6363/3437 5928/6364/3426 5929/6362/3424
f 5977/6363/3437 5927/6365/3438 5928/6364/3426
f 5978/6366/3425 5927/6365/3438 5977/6363/3437
f 5902/6367/3418 5900/6242/3418 5901/6368/3426
f 5902/6367/3418 5903/6369/3419 5900/6242/3418
f 5903/6369/3419 6001/6244/3439 5900/6242/3418
f 5978/6366/3425 5926/6370/3437 5927/6365/3438
f 5979/6371/3424 5926/6370/3437 5978/6366/3425
f 5979/6371/3424 5925/6372/3417 5926/6370/3437
f 5904/6373/3432 6001/6244/3439 5903/6369/3419
f 5980/6374/3431 5925/6372/3417 5979/6371/3424
f 5980/6374/3431 5924/6375/3431 5925/6372/3417
f 5980/6374/3431 5923/6376/3416 5924/6375/3431
f 5981/6377/3419 5923/6376/3416 5980/6374/3431
f 5981/6377/3419 5922/6378/3440 5923/6376/3416
f 5982/6379/3439 5922/6378/3440 5981/6377/3419
f 5982/6379/3439 5921/6380/3418 5922/6378/3440
f 5982/6379/3439 5920/6381/3420 5921/6380/3418
f 5983/6382/3423 5920/6381/3420 5982/6379/3439
f 5983/6382/3423 5919/6383/3420 5920/6381/3420
f 5905/6384/3416 6001/6244/3439 5904/6373/3432
f 5906/6385/3416 6001/6244/3439 5905/6384/3416
f 5907/6386/3416 6001/6244/3439 5906/6385/3416
f 5983/6382/3423 5918/6387/3418 5919/6383/3420
f 5908/6388/3416 6001/6244/3439 5907/6386/3416
f 5909/6389/3416 6001/6244/3439 5908/6388/3416
f 5910/6390/3416 6001/6244/3439 5909/6389/3416
f 5983/6382/3423 5917/6391/3437 5918/6387/3418
f 5984/6392/3416 5917/6391/3437 5983/6382/3423
f 5911/6393/3416 6001/6244/3439 5910/6390/3416
f 5912/6394/3416 6001/6244/3439 5911/6393/3416
f 5913/6395/3416 6001/6244/3439 5912/6394/3416
f 5984/6392/3416 5916/6396/3416 5917/6391/3437
f 5914/6397/3418 6001/6244/3439 5913/6395/3416
f 5915/6398/3416 6001/6244/3439 5914/6397/3418
f 5916/6396/3416 6001/6244/3439 5915/6398/3416
f 5984/6392/3416 6001/6244/3439 5916/6396/3416
f 5985/6399/3416 6001/6244/3439 5984/6392/3416
f 5985/6399/3416 6000/6400/3416 6001/6244/3439
f 5985/6399/3416 5999/6401/3416 6000/6400/3416
f 5986/6402/3417 5999/6401/3416 5985/6399/3416
f 5986/6402/3417 5998/6403/3416 5999/6401/3416
f 5986/6402/3417 5997/6404/3416 5998/6403/3416
f 5987/6405/3416 5997/6404/3416 5986/6402/3417
f 5987/6405/3416 5996/6406/3420 5997/6404/3416
f 5987/6405/3416 5995/6407/3416 5996/6406/3420
f 5987/6405/3416 5994/6408/3416 5995/6407/3416
f 5988/6409/3416 5994/6408/3416 5987/6405/3416
f 5988/6409/3416 5993/6410/3416 5994/6408/3416
f 5988/6409/3416 5992/6411/3416 5993/6410/3416
f 5988/6409/3416 5991/6412/3416 5992/6411/3416
f 5989/6413/3416 5991/6412/3416 5988/6409/3416
f 5989/6413/3416 5990/6414/3416 5991/6412/3416
f 6007/6238/3441 6006/6240/3442 6005/6239/3443
f 6007/6238/3441 6005/6239/3443 6004/6241/3444
f 6004/6241/3444 6003/6243/3445 6002/6242/3446
f 6004/6241/3444 6002/6242/3446 6008/6244/3441
f 6007/6238/3441 6004/6241/3444 6008/6244/3441
f 6011/6245/3445 6010/6247/3447 6019/6246/3444
f 6019/6246/3444 6010/6247/3447 6009/6242/3448
f 6019/6246/3444 6009/6242/3448 6020/6244/3447
f 6011/6245/3445 6019/6246/3444 6018/6248/3448
f 6011/6245/3445 6018/6248/3448 6015/6249/3449
f 6015/6249/3449 6018/6248/3448 6017/6250/3450
f 6015/6249/3449 6017/6250/3450 6016/6251/3445
f 6011/6245/3445 6015/6249/3449 6014/6252/3444
f 6011/6245/3445 6014/6252/3444 6013/6253/3451
f 6011/6245/3445 6013/6253/3451 6012/6254/3451
f 6026/6255/3445 6025/6256/3452 6024/6241/3442
f 6026/6255/3445 6024/6241/3442 6028/6257/3453
f 6028/6257/3453 6024/6241/3442 6023/6258/3442
f 6023/6258/3442 6022/6259/3445 6021/6242/3445
f 6023/6258/3442 6021/6242/3445 6030/6244/3452
f 6026/6255/3445 6028/6257/3453 6027/6240/3445
f 6029/6260/3442 6028/6257/3453 6023/6258/3442
f 6029/6260/3442 6023/6258/3442 6030/6244/3452
f 6033/6245/3445 6032/6247/3452 6041/6246/3452
f 6041/6246/3452 6032/6247/3452 6031/6242/3451
f 6041/6246/3452 6031/6242/3451 6042/6244/3451
f 6033/6245/3445 6041/6246/3452 6040/6248/3452
f 6033/6245/3445 6040/6248/3452 6037/6249/3445
f 6037/6249/3445 6040/6248/3452 6039/6250/3452
f 6037/6249/3445 6039/6250/3452 6038/6251/3445
f 6033/6245/3445 6037/6249/3445 6036/6252/3454
f 6033/6245/3445 6036/6252/3454 6035/6253/3451
f 6033/6245/3445 6035/6253/3451 6034/6254/3455
f 6046/6261/3444 6045/6263/3444 6044/6262/3444
f 6046/6261/3444 6044/6262/3444 6043/6242/3444
f 6043/6242/3444 6051/6244/3451 6050/6264/3456
f 6043/6242/3444 6050/6264/3456 6049/6265/3444
f 6046/6261/3444 6043/6242/3444 6049/6265/3444
f 6047/6239/3445 6046/6261/3444 6049/6265/3444
f 6047/6239/3445 6049/6265/3444 6048/6266/3445
f 6053/6267/3441 6052/6242/3444 6081/6268/3444
f 6081/6268/3444 6052/6242/3444 6080/6269/3457
f 6081/6268/3444 6080/6269/3457 6079/6270/3458
f 6081/6268/3444 6079/6270/3458 6078/6271/3454
f 6081/6268/3444 6078/6271/3454 6077/6252/3451
f 6081/6268/3444 6077/6252/3451 6076/6272/3445
f 6081/6268/3444 6076/6272/3445 6075/6273/3444
f 6081/6268/3444 6075/6273/3444 6074/6274/3451
f 6081/6268/3444 6074/6274/3451 6073/6275/3445
f 6081/6268/3444 6073/6275/3445 6082/6249/3445
f 6082/6249/3445 6073/6275/3445 6072/6253/3444
f 6053/6267/3441 6081/6268/3444 6107/6244/3442
f 6083/6276/3445 6082/6249/3445 6072/6253/3444
f 6084/6277/3445 6083/6276/3445 6072/6253/3444
f 6085/6278/3445 6084/6277/3445 6072/6253/3444
f 6085/6278/3445 6072/6253/3444 6071/6279/3444
f 6086/6280/3451 6085/6278/3445 6071/6279/3444
f 6087/6251/3445 6086/6280/3451 6071/6279/3444
f 6088/6281/3445 6087/6251/3445 6071/6279/3444
f 6088/6281/3445 6071/6279/3444 6070/6282/3445
f 6089/6283/3451 6088/6281/3445 6070/6282/3445
f 6090/6284/3444 6089/6283/3451 6070/6282/3445
f 6091/6285/3459 6090/6284/3444 6070/6282/3445
f 6091/6285/3459 6070/6282/3445 6069/6286/3453
f 6092/6250/3445 6091/6285/3459 6069/6286/3453
f 6093/6287/3448 6092/6250/3445 6069/6286/3453
f 6093/6287/3448 6069/6286/3453 6068/6288/3454
f 6094/6289/3445 6093/6287/3448 6068/6288/3454
f 6095/6290/3445 6094/6289/3445 6068/6288/3454
f 6095/6290/3445 6068/6288/3454 6067/6254/3460
f 6096/6291/3461 6095/6290/3445 6067/6254/3460
f 6096/6291/3461 6067/6254/3460 6066/6292/3444
f 6097/6248/3444 6096/6291/3461 6066/6292/3444
f 6098/6293/3445 6097/6248/3444 6066/6292/3444
f 6098/6293/3445 6066/6292/3444 6065/6294/3462
f 6099/6295/3444 6098/6293/3445 6065/6294/3462
f 6100/6296/3445 6099/6295/3444 6065/6294/3462
f 6100/6296/3445 6065/6294/3462 6064/6297/3460
f 6101/6298/3445 6100/6296/3445 6064/6297/3460
f 6102/6246/3445 6101/6298/3445 6064/6297/3460
f 6103/6299/3445 6102/6246/3445 6064/6297/3460
f 6104/6300/3445 6103/6299/3445 6064/6297/3460
f 6104/6300/3445 6064/6297/3460 6063/6301/3445
f 6105/6302/3445 6104/6300/3445 6063/6301/3445
f 6106/6303/3450 6105/6302/3445 6063/6301/3445
f 6053/6267/3441 6107/6244/3442 6055/6304/3452
f 6055/6304/3452 6107/6244/3442 6106/6303/3450
f 6055/6304/3452 6106/6303/3450 6063/6301/3445
f 6055/6304/3452 6063/6301/3445 6062/6245/3452
f 6055/6304/3452 6062/6245/3452 6061/6305/3463
f 6055/6304/3452 6061/6305/3463 6060/6306/3444
f 6055/6304/3452 6060/6306/3444 6059/6307/3445
f 6055/6304/3452 6059/6307/3445 6058/6308/3445
f 6055/6304/3452 6058/6308/3445 6057/6247/3445
f 6055/6304/3452 6057/6247/3445 6056/6309/3445
f 6053/6267/3441 6055/6304/3452 6054/6310/3464
f 6110/6301/3442 6109/6311/3445 6108/6242/3445
f 6110/6301/3442 6108/6242/3445 6116/6291/3442
f 6116/6291/3442 6108/6242/3445 6115/6312/3445
f 6110/6301/3442 6116/6291/3442 6118/6244/3448
f 6117/6313/3452 6116/6291/3442 6115/6312/3445
f 6110/6301/3442 6118/6244/3448 6112/6274/3446
f 6112/6274/3446 6118/6244/3448 6117/6313/3452
f 6112/6274/3446 6117/6313/3452 6113/6239/3443
f 6113/6239/3443 6117/6313/3452 6115/6312/3445
f 6110/6301/3442 6112/6274/3446 6111/6314/3450
f 6114/6278/3445 6113/6239/3443 6115/6312/3445
f 6185/6315/3445 6184/6317/3445 6183/6316/3445
f 6185/6315/3445 6183/6316/3445 6182/6318/3445
f 6185/6315/3445 6182/6318/3445 6181/6319/3445
f 6185/6315/3445 6181/6319/3445 6180/6320/3445
f 6186/6321/3445 6185/6315/3445 6180/6320/3445
f 6186/6321/3445 6180/6320/3445 6179/6322/3452
f 6186/6321/3445 6179/6322/3452 6178/6323/3445
f 6186/6321/3445 6178/6323/3445 6177/6324/3462
f 6187/6325/3445 6186/6321/3445 6177/6324/3462
f 6187/6325/3445 6177/6324/3462 6176/6326/3445
f 6187/6325/3445 6176/6326/3445 6175/6327/3445
f 6188/6328/3444 6187/6325/3445 6175/6327/3445
f 6188/6328/3444 6175/6327/3445 6174/6329/3442
f 6188/6328/3444 6174/6329/3442 6173/6330/3445
f 6189/6331/3444 6188/6328/3444 6173/6330/3445
f 6189/6331/3444 6173/6330/3445 6172/6332/3458
f 6189/6331/3444 6172/6332/3458 6161/6333/3445
f 6161/6333/3445 6172/6332/3458 6162/6334/3445
f 6162/6334/3445 6172/6332/3458 6163/6335/3445
f 6163/6335/3445 6172/6332/3458 6164/6336/3447
f 6164/6336/3447 6172/6332/3458 6165/6337/3444
f 6165/6337/3444 6172/6332/3458 6166/6338/3445
f 6166/6338/3445 6172/6332/3458 6167/6339/3445
f 6167/6339/3445 6172/6332/3458 6168/6340/3465
f 6168/6340/3465 6172/6332/3458 6169/6341/3466
f 6169/6341/3466 6172/6332/3458 6170/6342/3445
f 6170/6342/3445 6172/6332/3458 6171/6343/3454
f 6190/6344/3445 6189/6331/3444 6159/6345/3445
f 6159/6345/3445 6189/6331/3444 6160/6346/3445
f 6160/6346/3445 6189/6331/3444 6161/6333/3445
f 6190/6344/3445 6159/6345/3445 6158/6347/3445
f 6190/6344/3445 6158/6347/3445 6157/6348/3445
f 6190/6344/3445 6157/6348/3445 6156/6349/3451
f 6191/6350/3442 6190/6344/3445 6156/6349/3451
f 6191/6350/3442 6156/6349/3451 6155/6351/3465
f 6191/6350/3442 6155/6351/3465 6154/6352/3443
f 6192/6353/3445 6191/6350/3442 6154/6352/3443
f 6192/6353/3445 6154/6352/3443 6153/6354/3445
f 6192/6353/3445 6153/6354/3445 6152/6355/3451
f 6193/6356/3467 6192/6353/3445 6152/6355/3451
f 6193/6356/3467 6152/6355/3451 6151/6357/3455
f 6194/6358/3468 6193/6356/3467 6151/6357/3455
f 6194/6358/3468 6151/6357/3455 6150/6359/3445
f 6194/6358/3468 6150/6359/3445 6149/6360/3465
f 6195/6361/3469 6194/6358/3468 6149/6360/3465
f 6195/6361/3469 6149/6360/3465 6148/6362/3442
f 6196/6363/3448 6195/6361/3469 6148/6362/3442
f 6196/6363/3448 6148/6362/3442 6147/6364/3445
f 6196/6363/3448 6147/6364/3445 6146/6365/3452
f 6197/6366/3442 6196/6363/3448 6146/6365/3452
f 6121/6367/3452 6120/6368/3453 6119/6242/3442
f 6121/6367/3452 6119/6242/3442 6122/6369/3451
f 6122/6369/3451 6119/6242/3442 6220/6244/3470
f 6197/6366/3442 6146/6365/3452 6145/6370/3451
f 6198/6371/3442 6197/6366/3442 6145/6370/3451
f 6198/6371/3442 6145/6370/3451 6144/6372/3442
f 6123/6373/3452 6122/6369/3451 6220/6244/3470
f 6199/6374/3444 6198/6371/3442 6144/6372/3442
f 6199/6374/3444 6144/6372/3442 6143/6375/3471
f 6199/6374/3444 6143/6375/3471 6142/6376/3451
f 6200/6377/3463 6199/6374/3444 6142/6376/3451
f 6200/6377/3463 6142/6376/3451 6141/6378/3455
f 6201/6379/3445 6200/6377/3463 6141/6378/3455
f 6201/6379/3445 6141/6378/3455 6140/6380/3460
f 6201/6379/3445 6140/6380/3460 6139/6381/3445
f 6202/6382/3463 6201/6379/3445 6139/6381/3445
f 6202/6382/3463 6139/6381/3445 6138/6383/3445
f 6124/6384/3445 6123/6373/3452 6220/6244/3470
f 6125/6385/3445 6124/6384/3445 6220/6244/3470
f 6126/6386/3445 6125/6385/3445 6220/6244/3470
f 6202/6382/3463 6138/6383/3445 6137/6387/3445
f 6127/6388/3445 6126/6386/3445 6220/6244/3470
f 6128/6389/3445 6127/6388/3445 6220/6244/3470
f 6129/6390/3443 6128/6389/3445 6220/6244/3470
f 6202/6382/3463 6137/6387/3445 6136/6391/3445
f 6203/6392/3442 6202/6382/3463 6136/6391/3445
f 6130/6393/3445 6129/6390/3443 6220/6244/3470
f 6131/6394/3445 6130/6393/3445 6220/6244/3470
f 6132/6395/3445 6131/6394/3445 6220/6244/3470
f 6203/6392/3442 6136/6391/3445 6135/6396/3451
f 6133/6397/3445 6132/6395/3445 6220/6244/3470
f 6134/6398/3445 6133/6397/3445 6220/6244/3470
f 6135/6396/3451 6134/6398/3445 6220/6244/3470
f 6203/6392/3442 6135/6396/3451 6220/6244/3470
f 6204/6399/3451 6203/6392/3442 6220/6244/3470
f 6204/6399/3451 6220/6244/3470 6219/6400/3444
f 6204/6399/3451 6219/6400/3444 6218/6401/3445
f 6205/6402/3445 6204/6399/3451 6218/6401/3445
f 6205/6402/3445 6218/6401/3445 6217/6403/3444
f 6205/6402/3445 6217/6403/3444 6216/6404/3445
f 6206/6405/3444 6205/6402/3445 6216/6404/3445
f 6206/6405/3444 6216/6404/3445 6215/6406/3445
f 6206/6405/3444 6215/6406/3445 6214/6407/3460
f 6206/6405/3444 6214/6407/3460 6213/6408/3445
f 6207/6409/3445 6206/6405/3444 6213/6408/3445
f 6207/6409/3445 6213/6408/3445 6212/6410/3445
f 6207/6409/3445 6212/6410/3445 6211/6411/3445
f 6207/6409/3445 6211/6411/3445 6210/6412/3445
f 6208/6413/3445 6207/6409/3445 6210/6412/3445
f 6208/6413/3445 6210/6412/3445 6209/6414/3445
f 5788/6238/3472 5787/6240/3472 6006/6240/3472 6007/6238/3472
f 5787/6240/3473 5786/6239/3473 6005/6239/3473 6006/6240/3473
f 5786/6239/3474 5785/6241/3474 6004/6241/3474 6005/6239/3474
f 5785/6241/3475 5784/6243/3475 6003/6243/3475 6004/6241/3475
f 5784/6243/3473 5783/6242/3473 6002/6242/3473 6003/6243/3473
f 5783/6242/3476 5789/6244/3476 6008/6244/3476 6002/6242/3476
f 5789/6244/3477 5788/6238/3477 6007/6238/3477 6008/6244/3477
f 5792/6245/3478 5791/6247/3478 6010/6247/3478 6011/6245/3478
f 5791/6247/3473 5790/6242/3473 6009/6242/3473 6010/6247/3473
f 5801/6244/3477 5800/6246/3477 6019/6246/3477 6020/6244/3477
f 5790/6242/3479 5801/6244/3479 6020/6244/3479 6009/6242/3479
f 5800/6246/3480 5799/6248/3480 6018/6248/3480 6019/6246/3480
f 5799/6248/3473 5798/6250/3473 6017/6250/3473 6018/6248/3473
f 5797/6251/3481 5796/6249/3481 6015/6249/3481 6016/6251/3481
f 5798/6250/3479 5797/6251/3479 6016/6251/3479 6017/6250/3479
f 5796/6249/3482 5795/6252/3482 6014/6252/3482 6015/6249/3482
f 5795/6252/3473 5794/6253/3473 6013/6253/3473 6014/6252/3473
f 5793/6254/3477 5792/6245/3477 6011/6245/3477 6012/6254/3477
f 5794/6253/3479 5793/6254/3479 6012/6254/3479 6013/6253/3479
f 5807/6255/3483 5806/6256/3483 6025/6256/3483 6026/6255/3483
f 5806/6256/3473 5805/6241/3473 6024/6241/3473 6025/6256/3473
f 5805/6241/3484 5804/6258/3484 6023/6258/3484 6024/6241/3484
f 5804/6258/3483 5803/6259/3483 6022/6259/3483 6023/6258/3483
f 5803/6259/3473 5802/6242/3473 6021/6242/3473 6022/6259/3473
f 5802/6242/3479 5811/6244/3479 6030/6244/3479 6021/6242/3479
f 5808/6240/3477 5807/6255/3477 6026/6255/3477 6027/6240/3477
f 5809/6257/3479 5808/6240/3479 6027/6240/3479 6028/6257/3479
f 5810/6260/3485 5809/6257/3485 6028/6257/3485 6029/6260/3485
f 5811/6244/3477 5810/6260/3477 6029/6260/3477 6030/6244/3477
f 5814/6245/3486 5813/6247/3486 6032/6247/3486 6033/6245/3486
f 5813/6247/3473 5812/6242/3473 6031/6242/3473 6032/6247/3473
f 5823/6244/3477 5822/6246/3477 6041/6246/3477 6042/6244/3477
f 5812/6242/3487 5823/6244/3487 6042/6244/3487 6031/6242/3487
f 5822/6246/3488 5821/6248/3488 6040/6248/3488 6041/6246/3488
f 5821/6248/3473 5820/6250/3473 6039/6250/3473 6040/6248/3473
f 5819/6251/3481 5818/6249/3481 6037/6249/3481 6038/6251/3481
f 5820/6250/3489 5819/6251/3489 6038/6251/3489 6039/6250/3489
f 5818/6249/3488 5817/6252/3488 6036/6252/3488 6037/6249/3488
f 5817/6252/3473 5816/6253/3473 6035/6253/3473 6036/6252/3473
f 5815/6254/3477 5814/6245/3477 6033/6245/3477 6034/6254/3477
f 5816/6253/3479 5815/6254/3479 6034/6254/3479 6035/6253/3479
f 5827/6261/3490 5826/6263/3490 6045/6263/3490 6046/6261/3490
f 5826/6263/3473 5825/6262/3473 6044/6262/3473 6045/6263/3473
f 5825/6262/3491 5824/6242/3491 6043/6242/3491 6044/6262/3491
f 5824/6242/3492 5832/6244/3492 6051/6244/3492 6043/6242/3492
f 5832/6244/3473 5831/6264/3473 6050/6264/3473 6051/6244/3473
f 5831/6264/3493 5830/6265/3493 6049/6265/3493 6050/6264/3493
f 5828/6239/3483 5827/6261/3483 6046/6261/3483 6047/6239/3483
f 5829/6266/3477 5828/6239/3477 6047/6239/3477 6048/6266/3477
f 5830/6265/3479 5829/6266/3479 6048/6266/3479 6049/6265/3479
f 5834/6267/3478 5833/6242/3478 6052/6242/3478 6053/6267/3478
f 5833/6242/3473 5861/6269/3473 6080/6269/3473 6052/6242/3473
f 5861/6269/3494 5860/6270/3494 6079/6270/3494 6080/6269/3494
f 5860/6270/3495 5859/6271/3495 6078/6271/3495 6079/6270/3495
f 5859/6271/3496 5858/6252/3496 6077/6252/3496 6078/6271/3496
f 5858/6252/3497 5857/6272/3497 6076/6272/3497 6077/6252/3497
f 5857/6272/3498 5856/6273/3498 6075/6273/3498 6076/6272/3498
f 5856/6273/3499 5855/6274/3499 6074/6274/3499 6075/6273/3499
f 5855/6274/3500 5854/6275/3500 6073/6275/3500 6074/6274/3500
f 5863/6249/3477 5862/6268/3477 6081/6268/3477 6082/6249/3477
f 5854/6275/3501 5853/6253/3501 6072/6253/3501 6073/6275/3501
f 5862/6268/3488 5888/6244/3488 6107/6244/3488 6081/6268/3488
f 5864/6276/3502 5863/6249/3502 6082/6249/3502 6083/6276/3502
f 5865/6277/3503 5864/6276/3503 6083/6276/3503 6084/6277/3503
f 5866/6278/3504 5865/6277/3504 6084/6277/3504 6085/6278/3504
f 5853/6253/3505 5852/6279/3505 6071/6279/3505 6072/6253/3505
f 5867/6280/3506 5866/6278/3506 6085/6278/3506 6086/6280/3506
f 5868/6251/3507 5867/6280/3507 6086/6280/3507 6087/6251/3507
f 5869/6281/3508 5868/6251/3508 6087/6251/3508 6088/6281/3508
f 5852/6279/3509 5851/6282/3509 6070/6282/3509 6071/6279/3509
f 5870/6283/3510 5869/6281/3510 6088/6281/3510 6089/6283/3510
f 5871/6284/3511 5870/6283/3511 6089/6283/3511 6090/6284/3511
f 5872/6285/3512 5871/6284/3512 6090/6284/3512 6091/6285/3512
f 5851/6282/3513 5850/6286/3513 6069/6286/3513 6070/6282/3513
f 5873/6250/3514 5872/6285/3514 6091/6285/3514 6092/6250/3514
f 5874/6287/3515 5873/6250/3515 6092/6250/3515 6093/6287/3515
f 5850/6286/3516 5849/6288/3516 6068/6288/3516 6069/6286/3516
f 5875/6289/3517 5874/6287/3517 6093/6287/3517 6094/6289/3517
f 5876/6290/3518 5875/6289/3518 6094/6289/3518 6095/6290/3518
f 5849/6288/3519 5848/6254/3519 6067/6254/3519 6068/6288/3519
f 5877/6291/3520 5876/6290/3520 6095/6290/3520 6096/6291/3520
f 5848/6254/3521 5847/6292/3521 6066/6292/3521 6067/6254/3521
f 5878/6248/3522 5877/6291/3522 6096/6291/3522 6097/6248/3522
f 5879/6293/3523 5878/6248/3523 6097/6248/3523 6098/6293/3523
f 5847/6292/3524 5846/6294/3524 6065/6294/3524 6066/6292/3524
f 5880/6295/3525 5879/6293/3525 6098/6293/3525 6099/6295/3525
f 5881/6296/3526 5880/6295/3526 6099/6295/3526 6100/6296/3526
f 5846/6294/3527 5845/6297/3527 6064/6297/3527 6065/6294/3527
f 5882/6298/3528 5881/6296/3528 6100/6296/3528 6101/6298/3528
f 5883/6246/3529 5882/6298/3529 6101/6298/3529 6102/6246/3529
f 5884/6299/3530 5883/6246/3530 6102/6246/3530 6103/6299/3530
f 5885/6300/3531 5884/6299/3531 6103/6299/3531 6104/6300/3531
f 5845/6297/3532 5844/6301/3532 6063/6301/3532 6064/6297/3532
f 5886/6302/3533 5885/6300/3533 6104/6300/3533 6105/6302/3533
f 5887/6303/3534 5886/6302/3534 6105/6302/3534 6106/6303/3534
f 5888/6244/3473 5887/6303/3473 6106/6303/3473 6107/6244/3473
f 5844/6301/3535 5843/6245/3535 6062/6245/3535 6063/6301/3535
f 5843/6245/3536 5842/6305/3536 6061/6305/3536 6062/6245/3536
f 5842/6305/3537 5841/6306/3537 6060/6306/3537 6061/6305/3537
f 5841/6306/3538 5840/6307/3538 6059/6307/3538 6060/6306/3538
f 5840/6307/3539 5839/6308/3539 6058/6308/3539 6059/6307/3539
f 5839/6308/3540 5838/6247/3540 6057/6247/3540 6058/6308/3540
f 5837/6309/3477 5836/6304/3477 6055/6304/3477 6056/6309/3477
f 5838/6247/3541 5837/6309/3541 6056/6309/3541 6057/6247/3541
f 5835/6310/3477 5834/6267/3477 6053/6267/3477 6054/6310/3477
f 5836/6304/3479 5835/6310/3479 6054/6310/3479 6055/6304/3479
f 5891/6301/3542 5890/6311/3542 6109/6311/3542 6110/6301/3542
f 5890/6311/3473 5889/6242/3473 6108/6242/3473 6109/6311/3473
f 5889/6242/3543 5896/6312/3543 6115/6312/3543 6108/6242/3543
f 5897/6291/3544 5899/6244/3544 6118/6244/3544 6116/6291/3544
f 5898/6313/3545 5897/6291/3545 6116/6291/3545 6117/6313/3545
f 5899/6244/3473 5898/6313/3473 6117/6313/3473 6118/6244/3473
f 5894/6239/3477 5893/6274/3477 6112/6274/3477 6113/6239/3477
f 5892/6314/3477 5891/6301/3477 6110/6301/3477 6111/6314/3477
f 5893/6274/3546 5892/6314/3546 6111/6314/3546 6112/6274/3546
f 5895/6278/3547 5894/6239/3547 6113/6239/3547 6114/6278/3547
f 5896/6312/3477 5895/6278/3477 6114/6278/3477 6115/6312/3477
f 5966/6315/3548 5965/6317/3548 6184/6317/3548 6185/6315/3548
f 5965/6317/3549 5964/6316/3549 6183/6316/3549 6184/6317/3549
f 5964/6316/3550 5963/6318/3550 6182/6318/3550 6183/6316/3550
f 5963/6318/3551 5962/6319/3551 6181/6319/3551 6182/6318/3551
f 5962/6319/3552 5961/6320/3552 6180/6320/3552 6181/6319/3552
f 5967/6321/3553 5966/6315/3553 6185/6315/3553 6186/6321/3553
f 5961/6320/3554 5960/6322/3554 6179/6322/3554 6180/6320/3554
f 5960/6322/3555 5959/6323/3555 6178/6323/3555 6179/6322/3555
f 5959/6323/3556 5958/6324/3556 6177/6324/3556 6178/6323/3556
f 5968/6325/3557 5967/6321/3557 6186/6321/3557 6187/6325/3557
f 5958/6324/3558 5957/6326/3558 6176/6326/3558 6177/6324/3558
f 5957/6326/3559 5956/6327/3559 6175/6327/3559 6176/6326/3559
f 5969/6328/3560 5968/6325/3560 6187/6325/3560 6188/6328/3560
f 5956/6327/3561 5955/6329/3561 6174/6329/3561 6175/6327/3561
f 5955/6329/3562 5954/6330/3562 6173/6330/3562 6174/6329/3562
f 5970/6331/3563 5969/6328/3563 6188/6328/3563 6189/6331/3563
f 5954/6330/3564 5953/6332/3564 6172/6332/3564 6173/6330/3564
f 5943/6334/3565 5942/6333/3565 6161/6333/3565 6162/6334/3565
f 5944/6335/3566 5943/6334/3566 6162/6334/3566 6163/6335/3566
f 5945/6336/3567 5944/6335/3567 6163/6335/3567 6164/6336/3567
f 5946/6337/3568 5945/6336/3568 6164/6336/3568 6165/6337/3568
f 5947/6338/3569 5946/6337/3569 6165/6337/3569 6166/6338/3569
f 5948/6339/3570 5947/6338/3570 6166/6338/3570 6167/6339/3570
f 5949/6340/3571 5948/6339/3571 6167/6339/3571 6168/6340/3571
f 5950/6341/3572 5949/6340/3572 6168/6340/3572 6169/6341/3572
f 5951/6342/3573 5950/6341/3573 6169/6341/3573 6170/6342/3573
f 5952/6343/3574 5951/6342/3574 6170/6342/3574 6171/6343/3574
f 5953/6332/3575 5952/6343/3575 6171/6343/3575 6172/6332/3575
f 5971/6344/3576 5970/6331/3576 6189/6331/3576 6190/6344/3576
f 5941/6346/3577 5940/6345/3577 6159/6345/3577 6160/6346/3577
f 5942/6333/3578 5941/6346/3578 6160/6346/3578 6161/6333/3578
f 5940/6345/3579 5939/6347/3579 6158/6347/3579 6159/6345/3579
f 5939/6347/3580 5938/6348/3580 6157/6348/3580 6158/6347/3580
f 5938/6348/3581 5937/6349/3581 6156/6349/3581 6157/6348/3581
f 5972/6350/3582 5971/6344/3582 6190/6344/3582 6191/6350/3582
f 5937/6349/3583 5936/6351/3583 6155/6351/3583 6156/6349/3583
f 5936/6351/3584 5935/6352/3584 6154/6352/3584 6155/6351/3584
f 5973/6353/3585 5972/6350/3585 6191/6350/3585 6192/6353/3585
f 5935/6352/3586 5934/6354/3586 6153/6354/3586 6154/6352/3586
f 5934/6354/3587 5933/6355/3587 6152/6355/3587 6153/6354/3587
f 5974/6356/3588 5973/6353/3588 6192/6353/3588 6193/6356/3588
f 5933/6355/3589 5932/6357/3589 6151/6357/3589 6152/6355/3589
f 5975/6358/3590 5974/6356/3590 6193/6356/3590 6194/6358/3590
f 5932/6357/3591 5931/6359/3591 6150/6359/3591 6151/6357/3591
f 5931/6359/3592 5930/6360/3592 6149/6360/3592 6150/6359/3592
f 5976/6361/3593 5975/6358/3593 6194/6358/3593 6195/6361/3593
f 5930/6360/3594 5929/6362/3594 6148/6362/3594 6149/6360/3594
f 5977/6363/3595 5976/6361/3595 6195/6361/3595 6196/6363/3595
f 5929/6362/3596 5928/6364/3596 6147/6364/3596 6148/6362/3596
f 5928/6364/3597 5927/6365/3597 6146/6365/3597 6147/6364/3597
f 5978/6366/3598 5977/6363/3598 6196/6363/3598 6197/6366/3598
f 5902/6367/3478 5901/6368/3478 6120/6368/3478 6121/6367/3478
f 5901/6368/3473 5900/6242/3473 6119/6242/3473 6120/6368/3473
f 5903/6369/3477 5902/6367/3477 6121/6367/3477 6122/6369/3477
f 5900/6242/3479 6001/6244/3479 6220/6244/3479 6119/6242/3479
f 5927/6365/3599 5926/6370/3599 6145/6370/3599 6146/6365/3599
f 5979/6371/3600 5978/6366/3600 6197/6366/3600 6198/6371/3600
f 5926/6370/3601 5925/6372/3601 6144/6372/3601 6145/6370/3601
f 5904/6373/3602 5903/6369/3602 6122/6369/3602 6123/6373/3602
f 5980/6374/3603 5979/6371/3603 6198/6371/3603 6199/6374/3603
f 5925/6372/3604 5924/6375/3604 6143/6375/3604 6144/6372/3604
f 5924/6375/3605 5923/6376/3605 6142/6376/3605 6143/6375/3605
f 5981/6377/3606 5980/6374/3606 6199/6374/3606 6200/6377/3606
f 5923/6376/3607 5922/6378/3607 6141/6378/3607 6142/6376/3607
f 5982/6379/3608 5981/6377/3608 6200/6377/3608 6201/6379/3608
f 5922/6378/3609 5921/6380/3609 6140/6380/3609 6141/6378/3609
f 5921/6380/3610 5920/6381/3610 6139/6381/3610 6140/6380/3610
f 5983/6382/3611 5982/6379/3611 6201/6379/3611 6202/6382/3611
f 5920/6381/3612 5919/6383/3612 6138/6383/3612 6139/6381/3612
f 5905/6384/3613 5904/6373/3614 6123/6373/3614 6124/6384/3613
f 5906/6385/3615 5905/6384/3613 6124/6384/3613 6125/6385/3615
f 5907/6386/3616 5906/6385/3616 6125/6385/3616 6126/6386/3616
f 5919/6383/3617 5918/6387/3617 6137/6387/3617 6138/6383/3617
f 5908/6388/3618 5907/6386/3618 6126/6386/3618 6127/6388/3618
f 5909/6389/3619 5908/6388/3619 6127/6388/3619 6128/6389/3619
f 5910/6390/3620 5909/6389/3620 6128/6389/3620 6129/6390/3620
f 5918/6387/3621 5917/6391/3621 6136/6391/3621 6137/6387/3621
f 5984/6392/3622 5983/6382/3622 6202/6382/3622 6203/6392/3622
f 5911/6393/3623 5910/6390/3623 6129/6390/3623 6130/6393/3623
f 5912/6394/3624 5911/6393/3624 6130/6393/3624 6131/6394/3624
f 5913/6395/3625 5912/6394/3625 6131/6394/3625 6132/6395/3625
f 5917/6391/3626 5916/6396/3626 6135/6396/3626 6136/6391/3626
f 5914/6397/3627 5913/6395/3627 6132/6395/3627 6133/6397/3627
f 5915/6398/3628 5914/6397/3628 6133/6397/3628 6134/6398/3628
f 5916/6396/3629 5915/6398/3629 6134/6398/3629 6135/6396/3629
f 5985/6399/3630 5984/6392/3630 6203/6392/3630 6204/6399/3630
f 6001/6244/3631 6000/6400/3631 6219/6400/3631 6220/6244/3631
f 6000/6400/3632 5999/6401/3632 6218/6401/3632 6219/6400/3632
f 5986/6402/3633 5985/6399/3633 6204/6399/3633 6205/6402/3633
f 5999/6401/3634 5998/6403/3634 6217/6403/3634 6218/6401/3634
f 5998/6403/3635 5997/6404/3635 6216/6404/3635 6217/6403/3635
f 5987/6405/3636 5986/6402/3636 6205/6402/3636 6206/6405/3636
f 5997/6404/3637 5996/6406/3637 6215/6406/3637 6216/6404/3637
f 5996/6406/3638 5995/6407/3638 6214/6407/3638 6215/6406/3638
f 5995/6407/3639 5994/6408/3639 6213/6408/3639 6214/6407/3639
f 5988/6409/3640 5987/6405/3640 6206/6405/3640 6207/6409/3640
f 5994/6408/3641 5993/6410/3641 6212/6410/3641 6213/6408/3641
f 5993/6410/3642 5992/6411/3642 6211/6411/3642 6212/6410/3642
f 5992/6411/3643 5991/6412/3643 6210/6412/3643 6211/6411/3643
f 5989/6413/3644 5988/6409/3644 6207/6409/3644 6208/6413/3644
f 5990/6414/3645 5989/6413/3645 6208/6413/3645 6209/6414/3645
f 5991/6412/3646 5990/6414/3646 6209/6414/3646 6210/6412/3646
o Text.002
v 0.328653 0.114078 0.648284
v 0.325743 0.114078 0.647287
v 0.319632 0.098891 0.645167
v 0.313475 0.114078 0.643084
v 0.310536 0.114078 0.642077
v 0.319396 0.092265 0.645075
v 0.319996 0.092265 0.645280
v 0.309396 0.114078 0.641687
v 0.297788 0.114078 0.637710
v 0.297800 0.092455 0.637677
v 0.309678 0.092455 0.641746
v 0.309676 0.095245 0.641750
v 0.300738 0.095245 0.638688
v 0.300734 0.101966 0.638699
v 0.309103 0.101966 0.641565
v 0.309101 0.104757 0.641570
v 0.300733 0.104757 0.638703
v 0.300729 0.111288 0.638713
v 0.309398 0.111288 0.641683
v 0.293289 0.114078 0.636169
v 0.290530 0.114078 0.635224
v 0.290539 0.097337 0.635198
v 0.276672 0.114078 0.630477
v 0.274333 0.114078 0.629675
v 0.274344 0.092455 0.629642
v 0.277104 0.092455 0.630587
v 0.277095 0.109100 0.630613
v 0.290781 0.092455 0.635273
v 0.293301 0.092455 0.636136
v 0.270973 0.114078 0.628524
v 0.259366 0.114078 0.624548
v 0.259377 0.092455 0.624514
v 0.271255 0.092455 0.628583
v 0.271253 0.095245 0.628588
v 0.262315 0.095245 0.625526
v 0.262312 0.101966 0.625536
v 0.270680 0.101966 0.628403
v 0.270678 0.104757 0.628407
v 0.262310 0.104757 0.625540
v 0.262307 0.111288 0.625551
v 0.270975 0.111288 0.628520
v 0.248032 0.106627 0.620652
v 0.242539 0.114078 0.618784
v 0.239000 0.114078 0.617571
v 0.246593 0.103900 0.620155
v 0.246600 0.092455 0.620137
v 0.249539 0.092455 0.621144
v 0.249533 0.103869 0.621162
v 0.257116 0.114078 0.623777
v 0.253577 0.114078 0.622565
v 0.217464 0.114078 0.610193
v 0.217475 0.092455 0.610160
v 0.220415 0.092455 0.611167
v 0.220410 0.101808 0.611181
v 0.223469 0.101808 0.612229
v 0.224600 0.101862 0.612617
v 0.225625 0.102021 0.612969
v 0.226546 0.102277 0.613284
v 0.227363 0.102624 0.613565
v 0.228079 0.103055 0.613811
v 0.228695 0.103564 0.614023
v 0.229211 0.104143 0.614201
v 0.229631 0.104786 0.614345
v 0.229954 0.105486 0.614457
v 0.230183 0.106237 0.614537
v 0.230320 0.107032 0.614585
v 0.230364 0.107864 0.614602
v 0.230321 0.108705 0.614589
v 0.230192 0.109513 0.614546
v 0.229975 0.110279 0.614473
v 0.229668 0.110997 0.614369
v 0.229272 0.111658 0.614234
v 0.228784 0.112255 0.614068
v 0.228202 0.112781 0.613870
v 0.227527 0.113228 0.613639
v 0.226755 0.113588 0.613376
v 0.225886 0.113855 0.613078
v 0.224919 0.114021 0.612747
v 0.223852 0.114078 0.612382
v 0.220405 0.111288 0.611196
v 0.223854 0.111288 0.612378
v 0.224483 0.111253 0.612593
v 0.225039 0.111154 0.612783
v 0.225524 0.110996 0.612949
v 0.225943 0.110785 0.613092
v 0.226298 0.110529 0.613214
v 0.226595 0.110234 0.613315
v 0.226836 0.109905 0.613397
v 0.227025 0.109550 0.613461
v 0.227166 0.109174 0.613509
v 0.227262 0.108785 0.613541
v 0.227317 0.108388 0.613559
v 0.227335 0.107990 0.613565
v 0.227306 0.107471 0.613554
v 0.227221 0.106991 0.613524
v 0.227081 0.106551 0.613475
v 0.226889 0.106153 0.613409
v 0.226647 0.105797 0.613325
v 0.226358 0.105486 0.613225
v 0.226022 0.105219 0.613110
v 0.225644 0.104998 0.612980
v 0.225223 0.104825 0.612836
v 0.224764 0.104700 0.612678
v 0.224268 0.104624 0.612508
v 0.223737 0.104598 0.612326
v 0.220408 0.104598 0.611186
v 0.206216 0.114205 0.606340
v 0.204146 0.114205 0.605631
v 0.195369 0.092455 0.602587
v 0.198369 0.092455 0.603615
v 0.200945 0.098828 0.604508
v 0.209643 0.098828 0.607488
v 0.212376 0.092455 0.608413
v 0.215375 0.092455 0.609441
v 0.205138 0.109449 0.605963
v 0.208442 0.101618 0.607081
v 0.202083 0.101618 0.604903
v 0.193354 0.103108 0.601915
v 0.186485 0.103108 0.599562
v 0.186487 0.100318 0.599558
v 0.190416 0.100318 0.600904
v 0.190418 0.095879 0.600897
v 0.190065 0.095762 0.600776
v 0.189711 0.095650 0.600654
v 0.189354 0.095545 0.600532
v 0.188994 0.095446 0.600408
v 0.188632 0.095355 0.600284
v 0.188267 0.095273 0.600159
v 0.187897 0.095200 0.600032
v 0.187524 0.095139 0.599904
v 0.187146 0.095090 0.599774
v 0.186763 0.095053 0.599643
v 0.186374 0.095031 0.599510
v 0.185980 0.095023 0.599375
v 0.184796 0.095093 0.598970
v 0.183679 0.095297 0.598587
v 0.182636 0.095628 0.598231
v 0.181673 0.096081 0.597902
v 0.180798 0.096648 0.597603
v 0.180017 0.097322 0.597336
v 0.179337 0.098096 0.597105
v 0.178766 0.098964 0.596910
v 0.178309 0.099918 0.596756
v 0.177974 0.100953 0.596643
v 0.177768 0.102061 0.596574
v 0.177697 0.103235 0.596552
v 0.177767 0.104383 0.596578
v 0.177972 0.105477 0.596650
v 0.178303 0.106507 0.596765
v 0.178753 0.107466 0.596921
v 0.179313 0.108343 0.597114
v 0.179973 0.109132 0.597342
v 0.180726 0.109823 0.597601
v 0.181563 0.110407 0.597889
v 0.182476 0.110877 0.598202
v 0.183455 0.111223 0.598538
v 0.184493 0.111437 0.598894
v 0.185581 0.111510 0.599267
v 0.186196 0.111495 0.599478
v 0.186813 0.111449 0.599689
v 0.187429 0.111374 0.599900
v 0.188046 0.111269 0.600111
v 0.188663 0.111135 0.600322
v 0.189278 0.110971 0.600533
v 0.189892 0.110778 0.600743
v 0.190505 0.110556 0.600952
v 0.191116 0.110306 0.601161
v 0.191724 0.110027 0.601369
v 0.192329 0.109720 0.601575
v 0.192931 0.109386 0.601781
v 0.192929 0.112524 0.601786
v 0.192157 0.112860 0.601522
v 0.191441 0.113156 0.601277
v 0.190773 0.113414 0.601049
v 0.190146 0.113635 0.600834
v 0.189551 0.113823 0.600631
v 0.188980 0.113979 0.600436
v 0.188427 0.114105 0.600246
v 0.187882 0.114204 0.600060
v 0.187339 0.114277 0.599874
v 0.186790 0.114326 0.599686
v 0.186226 0.114354 0.599493
v 0.185639 0.114363 0.599292
v 0.184113 0.114264 0.598769
v 0.182660 0.113974 0.598271
v 0.181293 0.113506 0.597801
v 0.180021 0.112870 0.597365
v 0.178858 0.112078 0.596965
v 0.177813 0.111141 0.596605
v 0.176898 0.110072 0.596290
v 0.176124 0.108882 0.596023
v 0.175503 0.107582 0.595808
v 0.175046 0.106184 0.595649
v 0.174764 0.104699 0.595549
v 0.174668 0.103140 0.595514
v 0.174763 0.101592 0.595544
v 0.175040 0.100125 0.595636
v 0.175490 0.098750 0.595788
v 0.176100 0.097477 0.595995
v 0.176862 0.096316 0.596254
v 0.177765 0.095277 0.596561
v 0.178798 0.094369 0.596914
v 0.179952 0.093604 0.597307
v 0.181215 0.092992 0.597739
v 0.182578 0.092542 0.598205
v 0.184030 0.092264 0.598702
v 0.185561 0.092169 0.599227
v 0.186261 0.092180 0.599466
v 0.186939 0.092213 0.599699
v 0.187598 0.092269 0.599925
v 0.188243 0.092348 0.600146
v 0.188877 0.092452 0.600363
v 0.189505 0.092582 0.600578
v 0.190131 0.092738 0.600793
v 0.190758 0.092921 0.601008
v 0.191390 0.093133 0.601225
v 0.192032 0.093373 0.601445
v 0.192687 0.093644 0.601670
v 0.193359 0.093945 0.601901
v 0.329680 0.114083 0.645284
v 0.326771 0.114083 0.644288
v 0.320660 0.098896 0.642168
v 0.314503 0.114083 0.640085
v 0.311563 0.114083 0.639078
v 0.320423 0.092270 0.642075
v 0.321023 0.092270 0.642281
v 0.310424 0.114083 0.638688
v 0.298816 0.114083 0.634711
v 0.298827 0.092460 0.634678
v 0.310705 0.092460 0.638747
v 0.310704 0.095250 0.638751
v 0.301765 0.095250 0.635689
v 0.301762 0.101972 0.635699
v 0.310130 0.101972 0.638566
v 0.310129 0.104762 0.638570
v 0.301760 0.104762 0.635704
v 0.301757 0.111293 0.635714
v 0.310425 0.111293 0.638683
v 0.294317 0.114083 0.633170
v 0.291557 0.114083 0.632224
v 0.291566 0.097343 0.632198
v 0.277700 0.114083 0.627477
v 0.275360 0.114083 0.626676
v 0.275372 0.092460 0.626642
v 0.278131 0.092460 0.627588
v 0.278122 0.109105 0.627613
v 0.291809 0.092460 0.632273
v 0.294328 0.092460 0.633136
v 0.272001 0.114083 0.625525
v 0.260393 0.114083 0.621548
v 0.260405 0.092460 0.621515
v 0.272282 0.092460 0.625584
v 0.272281 0.095250 0.625588
v 0.263343 0.095250 0.622526
v 0.263339 0.101972 0.622537
v 0.271707 0.101972 0.625403
v 0.271706 0.104762 0.625408
v 0.263338 0.104762 0.622541
v 0.263334 0.111293 0.622551
v 0.272002 0.111293 0.625521
v 0.249059 0.106632 0.617653
v 0.243566 0.114083 0.615784
v 0.240027 0.114083 0.614572
v 0.247621 0.103906 0.617155
v 0.247627 0.092460 0.617138
v 0.250567 0.092460 0.618145
v 0.250560 0.103874 0.618162
v 0.258144 0.114083 0.620778
v 0.254604 0.114083 0.619565
v 0.218491 0.114083 0.607194
v 0.218503 0.092460 0.607161
v 0.221442 0.092460 0.608167
v 0.221437 0.101813 0.608182
v 0.224496 0.101813 0.609230
v 0.225628 0.101867 0.609618
v 0.226653 0.102026 0.609969
v 0.227573 0.102282 0.610285
v 0.228391 0.102629 0.610566
v 0.229107 0.103060 0.610811
v 0.229722 0.103569 0.611023
v 0.230239 0.104148 0.611201
v 0.230658 0.104791 0.611346
v 0.230982 0.105491 0.611458
v 0.231211 0.106242 0.611538
v 0.231347 0.107037 0.611586
v 0.231392 0.107869 0.611603
v 0.231349 0.108710 0.611589
v 0.231219 0.109518 0.611546
v 0.231002 0.110284 0.611473
v 0.230696 0.111002 0.611370
v 0.230299 0.111663 0.611235
v 0.229811 0.112260 0.611069
v 0.229230 0.112786 0.610871
v 0.228554 0.113233 0.610640
v 0.227783 0.113594 0.610376
v 0.226914 0.113861 0.610079
v 0.225947 0.114026 0.609748
v 0.224880 0.114083 0.609383
v 0.221432 0.111293 0.608197
v 0.224881 0.111293 0.609378
v 0.225511 0.111258 0.609594
v 0.226066 0.111159 0.609784
v 0.226551 0.111001 0.609950
v 0.226970 0.110790 0.610093
v 0.227326 0.110534 0.610214
v 0.227623 0.110239 0.610316
v 0.227864 0.109910 0.610398
v 0.228053 0.109555 0.610462
v 0.228194 0.109180 0.610509
v 0.228290 0.108790 0.610542
v 0.228345 0.108394 0.610560
v 0.228362 0.107996 0.610565
v 0.228334 0.107476 0.610554
v 0.228248 0.106996 0.610524
v 0.228109 0.106556 0.610476
v 0.227917 0.106158 0.610409
v 0.227675 0.105803 0.610326
v 0.227385 0.105491 0.610226
v 0.227050 0.105224 0.610111
v 0.226671 0.105004 0.609981
v 0.226251 0.104830 0.609836
v 0.225792 0.104705 0.609679
v 0.225296 0.104629 0.609509
v 0.224765 0.104603 0.609327
v 0.221436 0.104603 0.608186
v 0.207243 0.114210 0.603341
v 0.205174 0.114210 0.602632
v 0.196397 0.092460 0.599588
v 0.199396 0.092460 0.600615
v 0.201972 0.098833 0.601509
v 0.210671 0.098833 0.604489
v 0.213404 0.092460 0.605414
v 0.216403 0.092460 0.606441
v 0.206166 0.109454 0.602964
v 0.209469 0.101623 0.604082
v 0.203111 0.101623 0.601904
v 0.194381 0.103113 0.598916
v 0.187513 0.103113 0.596563
v 0.187514 0.100323 0.596558
v 0.191444 0.100323 0.597904
v 0.191446 0.095884 0.597898
v 0.191093 0.095767 0.597776
v 0.190738 0.095656 0.597655
v 0.190381 0.095550 0.597532
v 0.190022 0.095451 0.597409
v 0.189660 0.095360 0.597285
v 0.189294 0.095278 0.597159
v 0.188925 0.095206 0.597033
v 0.188551 0.095144 0.596905
v 0.188173 0.095095 0.596775
v 0.187790 0.095059 0.596644
v 0.187402 0.095036 0.596511
v 0.187007 0.095028 0.596376
v 0.185824 0.095098 0.595970
v 0.184707 0.095302 0.595588
v 0.183663 0.095634 0.595231
v 0.182701 0.096086 0.594902
v 0.181826 0.096653 0.594603
v 0.181045 0.097327 0.594337
v 0.180365 0.098101 0.594105
v 0.179793 0.098969 0.593911
v 0.179336 0.099924 0.593756
v 0.179001 0.100958 0.593643
v 0.178795 0.102066 0.593574
v 0.178724 0.103240 0.593552
v 0.178794 0.104388 0.593578
v 0.178999 0.105482 0.593650
v 0.179331 0.106512 0.593766
v 0.179781 0.107471 0.593922
v 0.180340 0.108349 0.594115
v 0.181001 0.109137 0.594342
v 0.181754 0.109828 0.594602
v 0.182591 0.110412 0.594889
v 0.183503 0.110882 0.595203
v 0.184483 0.111228 0.595539
v 0.185521 0.111442 0.595895
v 0.186609 0.111515 0.596268
v 0.187224 0.111500 0.596478
v 0.187840 0.111455 0.596689
v 0.188457 0.111379 0.596901
v 0.189074 0.111274 0.597112
v 0.189690 0.111140 0.597323
v 0.190306 0.110976 0.597533
v 0.190920 0.110783 0.597743
v 0.191533 0.110561 0.597953
v 0.192143 0.110311 0.598161
v 0.192751 0.110032 0.598369
v 0.193356 0.109726 0.598576
v 0.193958 0.109391 0.598782
v 0.193957 0.112530 0.598786
v 0.193185 0.112865 0.598523
v 0.192469 0.113161 0.598278
v 0.191801 0.113419 0.598050
v 0.191173 0.113640 0.597835
v 0.190578 0.113828 0.597631
v 0.190008 0.113984 0.597436
v 0.189454 0.114110 0.597247
v 0.188910 0.114209 0.597061
v 0.188367 0.114282 0.596875
v 0.187817 0.114331 0.596686
v 0.187253 0.114360 0.596493
v 0.186667 0.114368 0.596292
v 0.185140 0.114269 0.595769
v 0.183688 0.113980 0.595271
v 0.182320 0.113511 0.594802
v 0.181049 0.112875 0.594365
v 0.179885 0.112083 0.593965
v 0.178840 0.111146 0.593606
v 0.177925 0.110077 0.593290
v 0.177152 0.108887 0.593023
v 0.176531 0.107587 0.592808
v 0.176073 0.106189 0.592649
v 0.175791 0.104704 0.592550
v 0.175695 0.103145 0.592514
v 0.175790 0.101597 0.592544
v 0.176068 0.100130 0.592637
v 0.176517 0.098756 0.592788
v 0.177128 0.097482 0.592995
v 0.177890 0.096321 0.593254
v 0.178792 0.095282 0.593562
v 0.179826 0.094375 0.593914
v 0.180979 0.093610 0.594308
v 0.182242 0.092997 0.594740
v 0.183605 0.092547 0.595206
v 0.185058 0.092269 0.595703
v 0.186589 0.092175 0.596227
v 0.187289 0.092185 0.596467
v 0.187966 0.092218 0.596699
v 0.188626 0.092274 0.596925
v 0.189270 0.092353 0.597146
v 0.189905 0.092457 0.597364
v 0.190533 0.092587 0.597579
v 0.191158 0.092743 0.597794
v 0.191785 0.092926 0.598009
v 0.192417 0.093138 0.598226
v 0.193059 0.093378 0.598446
v 0.193714 0.093649 0.598671
v 0.194386 0.093950 0.598902
vn -0.3239 -0.0016 0.9461
vn -0.3241 -0.0016 0.9460
vn -0.3240 -0.0016 0.9461
vn -0.3244 -0.0015 0.9459
vn -0.3240 -0.0018 0.9461
vn -0.3240 -0.0019 0.9461
vn -0.3240 -0.0016 0.9460
vn -0.3239 -0.0017 0.9461
vn -0.3243 -0.0016 0.9460
vn -0.3244 -0.0016 0.9459
vn -0.3240 -0.0017 0.9460
vn -0.3240 -0.0015 0.9461
vn -0.3242 -0.0017 0.9460
vn -0.3242 -0.0016 0.9460
vn -0.3241 -0.0019 0.9460
vn -0.3241 -0.0017 0.9460
vn -0.3240 -0.0018 0.9460
vn -0.3240 -0.0017 0.9461
vn -0.3241 -0.0015 0.9460
vn -0.3242 -0.0013 0.9460
vn -0.3240 -0.0020 0.9460
vn -0.3240 -0.0012 0.9461
vn -0.3241 -0.0014 0.9460
vn -0.3243 -0.0017 0.9460
vn -0.3241 -0.0022 0.9460
vn -0.3241 -0.0013 0.9460
vn -0.3241 -0.0021 0.9460
vn -0.3239 -0.0019 0.9461
vn -0.3239 -0.0018 0.9461
vn -0.3239 -0.0020 0.9461
vn -0.3240 -0.0013 0.9461
vn -0.3240 -0.0021 0.9460
vn -0.3243 -0.0014 0.9459
vn -0.3241 -0.0020 0.9460
vn -0.3242 -0.0015 0.9460
vn -0.3240 -0.0015 0.9460
vn -0.3243 -0.0018 0.9460
vn -0.3241 -0.0018 0.9460
vn -0.3243 -0.0015 0.9460
vn -0.3238 -0.0017 0.9461
vn -0.3246 -0.0017 0.9459
vn -0.3239 -0.0012 0.9461
vn -0.3241 -0.0012 0.9460
vn -0.3242 -0.0020 0.9460
vn -0.3243 -0.0017 0.9459
vn 0.3242 0.0016 -0.9460
vn 0.3241 0.0016 -0.9460
vn 0.3241 0.0017 -0.9460
vn 0.3239 0.0017 -0.9461
vn 0.3240 0.0017 -0.9461
vn 0.3243 0.0016 -0.9459
vn 0.3240 0.0016 -0.9460
vn 0.3241 0.0018 -0.9460
vn 0.3240 0.0018 -0.9460
vn 0.3240 0.0016 -0.9461
vn 0.3241 0.0015 -0.9460
vn 0.3243 0.0016 -0.9460
vn 0.3238 0.0017 -0.9461
vn 0.3240 0.0017 -0.9460
vn 0.3240 0.0018 -0.9461
vn 0.3242 0.0017 -0.9460
vn 0.3242 0.0015 -0.9460
vn 0.3239 0.0019 -0.9461
vn 0.3242 0.0012 -0.9460
vn 0.3238 0.0016 -0.9461
vn 0.3241 0.0012 -0.9460
vn 0.3241 0.0011 -0.9460
vn 0.3240 0.0019 -0.9461
vn 0.3239 0.0015 -0.9461
vn 0.3240 0.0012 -0.9460
vn 0.3241 0.0014 -0.9460
vn 0.3242 0.0018 -0.9460
vn 0.3241 0.0013 -0.9460
vn 0.3240 0.0014 -0.9461
vn 0.3240 0.0015 -0.9461
vn 0.3240 0.0012 -0.9461
vn 0.3240 0.0013 -0.9460
vn 0.3241 0.0020 -0.9460
vn 0.3243 0.0015 -0.9460
vn 0.3242 0.0014 -0.9460
vn 0.3240 0.0020 -0.9460
vn 0.3238 0.0018 -0.9461
vn 0.3242 0.0013 -0.9460
vn 0.3243 0.0013 -0.9459
vn 0.3241 0.0019 -0.9460
vn 0.3240 0.0021 -0.9461
vn 0.3243 0.0014 -0.9460
vn 0.3240 0.0015 -0.9460
vn 0.3243 0.0018 -0.9460
vn 0.3242 0.0020 -0.9460
vn -0.8693 -0.3941 -0.2983
vn -0.0005 1.0000 0.0015
vn 0.8695 0.3935 0.2987
vn -0.8707 0.3918 -0.2974
vn 0.8724 -0.3873 0.2981
vn 0.0005 -1.0000 -0.0015
vn -0.9460 -0.0000 -0.3241
vn 0.9460 -0.0000 0.3241
vn 0.0006 -1.0000 -0.0018
vn 0.9460 0.0001 0.3241
vn 0.7116 0.6585 0.2449
vn -0.9461 -0.0000 -0.3239
vn 0.9461 -0.0000 0.3239
vn -0.7139 -0.6558 -0.2456
vn -0.7427 -0.6190 -0.2555
vn 0.7461 0.6144 0.2565
vn -0.7437 0.6185 -0.2536
vn 0.7442 -0.6178 0.2539
vn 0.0472 0.9987 0.0179
vn 0.1511 0.9871 0.0533
vn 0.2635 0.9603 0.0922
vn 0.3825 0.9144 0.1324
vn 0.5016 0.8476 0.1733
vn 0.6149 0.7596 0.2120
vn 0.7157 0.6535 0.2462
vn 0.7988 0.5352 0.2746
vn -0.0486 -0.9986 -0.0184
vn -0.1576 -0.9859 -0.0557
vn -0.2782 -0.9556 -0.0969
vn 0.8623 0.4108 0.2961
vn -0.4056 -0.9032 -0.1405
vn -0.5323 -0.8264 -0.1837
vn -0.6485 -0.7276 -0.2235
vn 0.9063 0.2864 0.3107
vn -0.7474 -0.6126 -0.2571
vn -0.8243 -0.4902 -0.2831
vn -0.8793 -0.3684 -0.3020
vn 0.9328 0.1665 0.3197
vn -0.9154 -0.2519 -0.3142
vn -0.9360 -0.1444 -0.3211
vn 0.9446 0.0535 0.3238
vn -0.9450 -0.0465 -0.3238
vn -0.9444 0.0590 -0.3234
vn 0.9445 -0.0571 0.3235
vn -0.9298 0.1851 -0.3182
vn 0.9308 -0.1791 0.3186
vn -0.8968 0.3189 -0.3067
vn -0.8427 0.4547 -0.2881
vn 0.9003 -0.3076 0.3079
vn -0.7680 0.5843 -0.2621
vn -0.6749 0.7011 -0.2300
vn 0.8500 -0.4393 0.2905
vn -0.5691 0.7992 -0.1936
vn -0.4570 0.8759 -0.1550
vn -0.3448 0.9314 -0.1165
vn -0.2369 0.9683 -0.0795
vn 0.7789 -0.5680 0.2659
vn -0.1362 0.9897 -0.0450
vn -0.0438 0.9990 -0.0133
vn 0.6885 -0.6863 0.2346
vn 0.5831 -0.7878 0.1984
vn 0.4688 -0.8688 0.1591
vn 0.3529 -0.9280 0.1194
vn 0.2412 -0.9671 0.0810
vn 0.1376 -0.9895 0.0454
vn 0.0432 -0.9990 0.0131
vn -0.8703 0.3928 -0.2972
vn 0.8642 0.4063 0.2967
vn 0.8746 -0.3817 0.2991
vn -0.8640 -0.4068 -0.2967
vn 0.8700 -0.3933 0.2972
vn -0.8616 -0.4124 -0.2960
vn -0.0584 0.9981 -0.0184
vn 0.0131 0.9999 0.0062
vn 0.0443 0.9989 0.0170
vn 0.0798 0.9964 0.0291
vn 0.1188 0.9920 0.0424
vn -0.1758 0.9827 -0.0584
vn 0.1593 0.9856 0.0562
vn 0.1990 0.9775 0.0699
vn 0.2365 0.9681 0.0826
vn -0.2922 0.9513 -0.0983
vn 0.2705 0.9581 0.0942
vn 0.2993 0.9484 0.1042
vn -0.4050 0.9039 -0.1372
vn 0.3238 0.9394 0.1126
vn 0.3437 0.9315 0.1193
vn -0.5125 0.8408 -0.1741
vn 0.3593 0.9248 0.1248
vn -0.1080 -0.9934 -0.0387
vn -0.1499 -0.9873 -0.0530
vn -0.1907 -0.9794 -0.0670
vn -0.2303 -0.9698 -0.0806
vn -0.2689 -0.9586 -0.0938
vn -0.3062 -0.9460 -0.1065
vn -0.3414 -0.9324 -0.1185
vn -0.3759 -0.9174 -0.1304
vn -0.4085 -0.9017 -0.1415
vn -0.4403 -0.8849 -0.1523
vn -0.6122 0.7627 -0.2083
vn -0.0217 -0.9997 -0.0092
vn -0.0651 -0.9976 -0.0240
vn 0.0604 -0.9980 0.0191
vn 0.1816 -0.9815 0.0606
vn 0.3003 -0.9485 0.1013
vn -0.7017 0.6712 -0.2391
vn 0.4145 -0.8992 0.1404
vn 0.5217 -0.8345 0.1773
vn -0.7798 0.5666 -0.2661
vn 0.6203 -0.7553 0.2113
vn 0.7085 -0.6631 0.2415
vn -0.8445 0.4513 -0.2883
vn 0.7846 -0.5592 0.2678
vn -0.8942 0.3269 -0.3058
vn 0.8475 -0.4448 0.2898
vn 0.8956 -0.3226 0.3063
vn -0.9276 0.1974 -0.3173
vn 0.9281 -0.1948 0.3174
vn -0.9441 0.0655 -0.3231
vn 0.9440 -0.0646 0.3234
vn 0.9441 0.0629 0.3236
vn -0.9441 -0.0642 -0.3233
vn 0.9461 -0.0000 0.3240
vn 0.9283 0.1924 0.3181
vn -0.9277 -0.1956 -0.3181
vn 0.8950 0.3232 0.3075
vn -0.9460 -0.0000 -0.3242
vn -0.8941 -0.3262 -0.3069
vn 0.8441 0.4511 0.2898
vn 0.7764 0.5710 0.2669
vn -0.8436 -0.4521 -0.2898
vn 0.6934 0.6798 0.2387
vn -0.7772 -0.5697 -0.2673
vn 0.5980 0.7745 0.2062
vn 0.4941 0.8525 0.1707
vn -0.6967 -0.6761 -0.2398
vn 0.3840 0.9137 0.1332
vn -0.2769 0.9564 -0.0932
vn -0.2831 0.9543 -0.0954
vn -0.2707 0.9583 -0.0911
vn -0.2562 0.9628 -0.0861
vn -0.2561 0.9628 -0.0861
vn 0.2721 0.9576 0.0949
vn -0.2389 0.9677 -0.0802
vn -0.2191 0.9729 -0.0733
vn -0.1969 0.9782 -0.0658
vn 0.1606 0.9854 0.0567
vn -0.6043 -0.7691 -0.2084
vn -0.1726 0.9833 -0.0574
vn -0.1456 0.9882 -0.0482
vn -0.1165 0.9925 -0.0382
vn 0.0520 0.9985 0.0195
vn -0.0855 0.9960 -0.0275
vn -0.0526 0.9985 -0.0163
vn -0.0182 0.9998 -0.0045
vn -0.5025 -0.8470 -0.1735
vn 0.3695 -0.9208 0.1250
vn 0.3448 -0.9314 0.1165
vn -0.3940 -0.9089 -0.1366
vn 0.3167 -0.9425 0.1069
vn 0.2859 -0.9534 0.0963
vn -0.2816 -0.9545 -0.0980
vn 0.2526 -0.9638 0.0849
vn 0.2180 -0.9732 0.0728
vn 0.1818 -0.9815 0.0606
vn -0.1677 -0.9841 -0.0592
vn 0.1454 -0.9882 0.0482
vn 0.1098 -0.9933 0.0359
vn 0.0760 -0.9968 0.0243
vn -0.0546 -0.9983 -0.0205
vn 0.0143 -0.9999 0.0031
vn 0.0440 -0.9989 0.0134
vt 0.833333 0.000000
vt 0.500000 0.000000
vt 0.666667 0.000000
vt 0.333333 0.000000
vt 0.000000 0.000000
vt 0.166667 0.000000
vt 1.000000 0.000000
vt 0.181818 0.000000
vt 0.909091 0.000000
vt 0.090909 0.000000
vt 0.818182 0.000000
vt 0.545455 0.000000
vt 0.727273 0.000000
vt 0.636364 0.000000
vt 0.454545 0.000000
vt 0.363636 0.000000
vt 0.272727 0.000000
vt 0.555556 0.000000
vt 0.444444 0.000000
vt 0.777778 0.000000
vt 0.222222 0.000000
vt 0.111111 0.000000
vt 0.888889 0.000000
vt 0.375000 0.000000
vt 0.125000 0.000000
vt 0.250000 0.000000
vt 0.875000 0.000000
vt 0.750000 0.000000
vt 0.625000 0.000000
vt 0.018182 0.000000
vt 0.527273 0.000000
vt 0.509091 0.000000
vt 0.490909 0.000000
vt 0.472727 0.000000
vt 0.436364 0.000000
vt 0.418182 0.000000
vt 0.400000 0.000000
vt 0.381818 0.000000
vt 0.563636 0.000000
vt 0.581818 0.000000
vt 0.600000 0.000000
vt 0.345455 0.000000
vt 0.618182 0.000000
vt 0.654545 0.000000
vt 0.327273 0.000000
vt 0.672727 0.000000
vt 0.690909 0.000000
vt 0.709091 0.000000
vt 0.309091 0.000000
vt 0.745455 0.000000
vt 0.290909 0.000000
vt 0.763636 0.000000
vt 0.781818 0.000000
vt 0.800000 0.000000
vt 0.254545 0.000000
vt 0.836364 0.000000
vt 0.236364 0.000000
vt 0.854545 0.000000
vt 0.872727 0.000000
vt 0.218182 0.000000
vt 0.890909 0.000000
vt 0.927273 0.000000
vt 0.945455 0.000000
vt 0.200000 0.000000
vt 0.963636 0.000000
vt 0.981818 0.000000
vt 0.054545 0.000000
vt 0.163636 0.000000
vt 0.145455 0.000000
vt 0.127273 0.000000
vt 0.109091 0.000000
vt 0.072727 0.000000
vt 0.036364 0.000000
vt 0.100000 0.000000
vt 0.700000 0.000000
vt 0.900000 0.000000
vt 0.300000 0.000000
vt 0.653465 0.000000
vt 0.633663 0.000000
vt 0.643564 0.000000
vt 0.623762 0.000000
vt 0.613861 0.000000
vt 0.603960 0.000000
vt 0.663366 0.000000
vt 0.594059 0.000000
vt 0.584158 0.000000
vt 0.574257 0.000000
vt 0.673267 0.000000
vt 0.564356 0.000000
vt 0.554455 0.000000
vt 0.683168 0.000000
vt 0.544554 0.000000
vt 0.534653 0.000000
vt 0.693069 0.000000
vt 0.524752 0.000000
vt 0.415842 0.000000
vt 0.425743 0.000000
vt 0.435644 0.000000
vt 0.445545 0.000000
vt 0.455446 0.000000
vt 0.465347 0.000000
vt 0.475248 0.000000
vt 0.485149 0.000000
vt 0.495050 0.000000
vt 0.504951 0.000000
vt 0.514852 0.000000
vt 0.702970 0.000000
vt 0.396040 0.000000
vt 0.405941 0.000000
vt 0.386139 0.000000
vt 0.376238 0.000000
vt 0.366337 0.000000
vt 0.712871 0.000000
vt 0.356436 0.000000
vt 0.346535 0.000000
vt 0.722772 0.000000
vt 0.336634 0.000000
vt 0.326733 0.000000
vt 0.732673 0.000000
vt 0.316832 0.000000
vt 0.742574 0.000000
vt 0.306931 0.000000
vt 0.297030 0.000000
vt 0.752475 0.000000
vt 0.287129 0.000000
vt 0.762376 0.000000
vt 0.277228 0.000000
vt 0.267327 0.000000
vt 0.772277 0.000000
vt 0.019802 0.000000
vt 0.009901 0.000000
vt 0.029703 0.000000
vt 0.257426 0.000000
vt 0.782178 0.000000
vt 0.247525 0.000000
vt 0.039604 0.000000
vt 0.792079 0.000000
vt 0.237624 0.000000
vt 0.227723 0.000000
vt 0.801980 0.000000
vt 0.217822 0.000000
vt 0.811881 0.000000
vt 0.207921 0.000000
vt 0.198020 0.000000
vt 0.821782 0.000000
vt 0.188119 0.000000
vt 0.049505 0.000000
vt 0.059406 0.000000
vt 0.069307 0.000000
vt 0.178218 0.000000
vt 0.079208 0.000000
vt 0.089109 0.000000
vt 0.099010 0.000000
vt 0.168317 0.000000
vt 0.831683 0.000000
vt 0.108911 0.000000
vt 0.118812 0.000000
vt 0.128713 0.000000
vt 0.158416 0.000000
vt 0.138614 0.000000
vt 0.148515 0.000000
vt 0.841584 0.000000
vt 0.990099 0.000000
vt 0.980198 0.000000
vt 0.851485 0.000000
vt 0.970297 0.000000
vt 0.960396 0.000000
vt 0.861386 0.000000
vt 0.950495 0.000000
vt 0.940594 0.000000
vt 0.930693 0.000000
vt 0.871287 0.000000
vt 0.920792 0.000000
vt 0.910891 0.000000
vt 0.900990 0.000000
vt 0.881188 0.000000
vt 0.891089 0.000000
s 1
usemtl Material.004
f 6226/6415/3647 6224/6416/3648 6225/6417/3648
f 6226/6415/3647 6223/6418/3649 6224/6416/3648
f 6223/6418/3649 6221/6419/3648 6222/6420/3648
f 6223/6418/3649 6227/6421/3647 6221/6419/3648
f 6226/6415/3647 6227/6421/3647 6223/6418/3649
f 6230/6422/3648 6238/6423/3648 6229/6424/3648
f 6238/6423/3648 6228/6419/3648 6229/6424/3648
f 6238/6423/3648 6239/6421/3648 6228/6419/3648
f 6230/6422/3648 6237/6425/3648 6238/6423/3648
f 6230/6422/3648 6234/6426/3650 6237/6425/3648
f 6234/6426/3650 6236/6427/3651 6237/6425/3648
f 6234/6426/3650 6235/6428/3652 6236/6427/3651
f 6230/6422/3648 6233/6429/3653 6234/6426/3650
f 6230/6422/3648 6232/6430/3648 6233/6429/3653
f 6230/6422/3648 6231/6431/3648 6232/6430/3648
f 6245/6432/3654 6243/6418/3655 6244/6433/3656
f 6245/6432/3654 6247/6434/3657 6243/6418/3655
f 6247/6434/3657 6242/6435/3648 6243/6418/3655
f 6242/6435/3648 6240/6419/3648 6241/6436/3648
f 6242/6435/3648 6249/6421/3653 6240/6419/3648
f 6245/6432/3654 6246/6417/3654 6247/6434/3657
f 6248/6437/3658 6242/6435/3648 6247/6434/3657
f 6248/6437/3658 6249/6421/3653 6242/6435/3648
f 6252/6422/3659 6260/6423/3648 6251/6424/3648
f 6260/6423/3648 6250/6419/3648 6251/6424/3648
f 6260/6423/3648 6261/6421/3653 6250/6419/3648
f 6252/6422/3659 6259/6425/3654 6260/6423/3648
f 6252/6422/3659 6256/6426/3660 6259/6425/3654
f 6256/6426/3660 6258/6427/3648 6259/6425/3654
f 6256/6426/3660 6257/6428/3648 6258/6427/3648
f 6252/6422/3659 6255/6429/3659 6256/6426/3660
f 6252/6422/3659 6254/6430/3661 6255/6429/3659
f 6252/6422/3659 6253/6431/3648 6254/6430/3661
f 6265/6438/3649 6263/6439/3659 6264/6440/3659
f 6265/6438/3649 6262/6419/3658 6263/6439/3659
f 6262/6419/3658 6269/6441/3657 6270/6421/3651
f 6262/6419/3658 6268/6442/3648 6269/6441/3657
f 6265/6438/3649 6268/6442/3648 6262/6419/3658
f 6266/6416/3662 6268/6442/3648 6265/6438/3649
f 6266/6416/3662 6267/6443/3659 6268/6442/3648
f 6272/6444/3653 6300/6445/3648 6271/6419/3648
f 6300/6445/3648 6299/6446/3663 6271/6419/3648
f 6300/6445/3648 6298/6447/3664 6299/6446/3663
f 6300/6445/3648 6297/6448/3665 6298/6447/3664
f 6300/6445/3648 6296/6429/3648 6297/6448/3665
f 6300/6445/3648 6295/6449/3666 6296/6429/3648
f 6300/6445/3648 6294/6450/3648 6295/6449/3666
f 6300/6445/3648 6293/6451/3667 6294/6450/3648
f 6300/6445/3648 6292/6452/3668 6293/6451/3667
f 6300/6445/3648 6301/6426/3648 6292/6452/3668
f 6301/6426/3648 6291/6430/3669 6292/6452/3668
f 6272/6444/3653 6326/6421/3670 6300/6445/3648
f 6302/6453/3648 6291/6430/3669 6301/6426/3648
f 6303/6454/3648 6291/6430/3669 6302/6453/3648
f 6304/6455/3666 6291/6430/3669 6303/6454/3648
f 6304/6455/3666 6290/6456/3648 6291/6430/3669
f 6305/6457/3662 6290/6456/3648 6304/6455/3666
f 6306/6428/3665 6290/6456/3648 6305/6457/3662
f 6307/6458/3671 6290/6456/3648 6306/6428/3665
f 6307/6458/3671 6289/6459/3665 6290/6456/3648
f 6308/6460/3662 6289/6459/3665 6307/6458/3671
f 6309/6461/3665 6289/6459/3665 6308/6460/3662
f 6310/6462/3672 6289/6459/3665 6309/6461/3665
f 6310/6462/3672 6288/6463/3662 6289/6459/3665
f 6311/6427/3673 6288/6463/3662 6310/6462/3672
f 6312/6464/3672 6288/6463/3662 6311/6427/3673
f 6312/6464/3672 6287/6465/3667 6288/6463/3662
f 6313/6466/3665 6287/6465/3667 6312/6464/3672
f 6314/6467/3674 6287/6465/3667 6313/6466/3665
f 6314/6467/3674 6286/6431/3675 6287/6465/3667
f 6315/6468/3676 6286/6431/3675 6314/6467/3674
f 6315/6468/3676 6285/6469/3647 6286/6431/3675
f 6316/6425/3677 6285/6469/3647 6315/6468/3676
f 6317/6470/3678 6285/6469/3647 6316/6425/3677
f 6317/6470/3678 6284/6471/3662 6285/6469/3647
f 6318/6472/3662 6284/6471/3662 6317/6470/3678
f 6319/6473/3668 6284/6471/3662 6318/6472/3662
f 6319/6473/3668 6283/6474/3648 6284/6471/3662
f 6320/6475/3664 6283/6474/3648 6319/6473/3668
f 6321/6423/3665 6283/6474/3648 6320/6475/3664
f 6322/6476/3648 6283/6474/3648 6321/6423/3665
f 6323/6477/3669 6283/6474/3648 6322/6476/3648
f 6323/6477/3669 6282/6478/3669 6283/6474/3648
f 6324/6479/3679 6282/6478/3669 6323/6477/3669
f 6325/6480/3662 6282/6478/3669 6324/6479/3679
f 6272/6444/3653 6274/6481/3649 6326/6421/3670
f 6274/6481/3649 6325/6480/3662 6326/6421/3670
f 6274/6481/3649 6282/6478/3669 6325/6480/3662
f 6274/6481/3649 6281/6422/3680 6282/6478/3669
f 6274/6481/3649 6280/6482/3660 6281/6422/3680
f 6274/6481/3649 6279/6483/3665 6280/6482/3660
f 6274/6481/3649 6278/6484/3648 6279/6483/3665
f 6274/6481/3649 6277/6485/3648 6278/6484/3648
f 6274/6481/3649 6276/6424/3662 6277/6485/3648
f 6274/6481/3649 6275/6486/3648 6276/6424/3662
f 6272/6444/3653 6273/6487/3653 6274/6481/3649
f 6329/6478/3648 6327/6419/3653 6328/6488/3649
f 6329/6478/3648 6335/6468/3681 6327/6419/3653
f 6335/6468/3681 6334/6489/3659 6327/6419/3653
f 6329/6478/3648 6337/6421/3662 6335/6468/3681
f 6336/6490/3670 6334/6489/3659 6335/6468/3681
f 6329/6478/3648 6331/6451/3648 6337/6421/3662
f 6331/6451/3648 6336/6490/3670 6337/6421/3662
f 6331/6451/3648 6332/6416/3682 6336/6490/3670
f 6332/6416/3682 6334/6489/3659 6336/6490/3670
f 6329/6478/3648 6330/6491/3681 6331/6451/3648
f 6333/6455/3683 6334/6489/3659 6332/6416/3682
f 6404/6492/3665 6402/6493/3648 6403/6494/3662
f 6404/6492/3665 6401/6495/3665 6402/6493/3648
f 6404/6492/3665 6400/6496/3665 6401/6495/3665
f 6404/6492/3665 6399/6497/3648 6400/6496/3665
f 6405/6498/3648 6399/6497/3648 6404/6492/3665
f 6405/6498/3648 6398/6499/3648 6399/6497/3648
f 6405/6498/3648 6397/6500/3662 6398/6499/3648
f 6405/6498/3648 6396/6501/3662 6397/6500/3662
f 6406/6502/3665 6396/6501/3662 6405/6498/3648
f 6406/6502/3665 6395/6503/3648 6396/6501/3662
f 6406/6502/3665 6394/6504/3662 6395/6503/3648
f 6407/6505/3662 6394/6504/3662 6406/6502/3665
f 6407/6505/3662 6393/6506/3648 6394/6504/3662
f 6407/6505/3662 6392/6507/3672 6393/6506/3648
f 6408/6508/3680 6392/6507/3672 6407/6505/3662
f 6408/6508/3680 6391/6509/3653 6392/6507/3672
f 6408/6508/3680 6380/6510/3665 6391/6509/3653
f 6380/6510/3665 6381/6511/3665 6391/6509/3653
f 6381/6511/3665 6382/6512/3684 6391/6509/3653
f 6382/6512/3684 6383/6513/3662 6391/6509/3653
f 6383/6513/3662 6384/6514/3665 6391/6509/3653
f 6384/6514/3665 6385/6515/3675 6391/6509/3653
f 6385/6515/3675 6386/6516/3651 6391/6509/3653
f 6386/6516/3651 6387/6517/3685 6391/6509/3653
f 6387/6517/3685 6388/6518/3686 6391/6509/3653
f 6388/6518/3686 6389/6519/3652 6391/6509/3653
f 6389/6519/3652 6390/6520/3687 6391/6509/3653
f 6409/6521/3665 6378/6522/3648 6408/6508/3680
f 6378/6522/3648 6379/6523/3648 6408/6508/3680
f 6379/6523/3648 6380/6510/3665 6408/6508/3680
f 6409/6521/3665 6377/6524/3648 6378/6522/3648
f 6409/6521/3665 6376/6525/3684 6377/6524/3648
f 6409/6521/3665 6375/6526/3665 6376/6525/3684
f 6410/6527/3669 6375/6526/3665 6409/6521/3665
f 6410/6527/3669 6374/6528/3665 6375/6526/3665
f 6410/6527/3669 6373/6529/3661 6374/6528/3665
f 6411/6530/3664 6373/6529/3661 6410/6527/3669
f 6411/6530/3664 6372/6531/3648 6373/6529/3661
f 6411/6530/3664 6371/6532/3667 6372/6531/3648
f 6412/6533/3664 6371/6532/3667 6411/6530/3664
f 6412/6533/3664 6370/6534/3658 6371/6532/3667
f 6413/6535/3661 6370/6534/3658 6412/6533/3664
f 6413/6535/3661 6369/6536/3651 6370/6534/3658
f 6413/6535/3661 6368/6537/3648 6369/6536/3651
f 6414/6538/3660 6368/6537/3648 6413/6535/3661
f 6414/6538/3660 6367/6539/3681 6368/6537/3648
f 6415/6540/3681 6367/6539/3681 6414/6538/3660
f 6415/6540/3681 6366/6541/3684 6367/6539/3681
f 6415/6540/3681 6365/6542/3648 6366/6541/3684
f 6416/6543/3662 6365/6542/3648 6415/6540/3681
f 6340/6544/3648 6338/6419/3653 6339/6545/3648
f 6340/6544/3648 6341/6546/3653 6338/6419/3653
f 6341/6546/3653 6439/6421/3684 6338/6419/3653
f 6416/6543/3662 6364/6547/3660 6365/6542/3648
f 6417/6548/3659 6364/6547/3660 6416/6543/3662
f 6417/6548/3659 6363/6549/3667 6364/6547/3660
f 6342/6550/3658 6439/6421/3684 6341/6546/3653
f 6418/6551/3665 6363/6549/3667 6417/6548/3659
f 6418/6551/3665 6362/6552/3688 6363/6549/3667
f 6418/6551/3665 6361/6553/3651 6362/6552/3688
f 6419/6554/3648 6361/6553/3651 6418/6551/3665
f 6419/6554/3648 6360/6555/3672 6361/6553/3651
f 6420/6556/3664 6360/6555/3672 6419/6554/3648
f 6420/6556/3664 6359/6557/3689 6360/6555/3672
f 6420/6556/3664 6358/6558/3690 6359/6557/3689
f 6421/6559/3661 6358/6558/3690 6420/6556/3664
f 6421/6559/3661 6357/6560/3648 6358/6558/3690
f 6343/6561/3648 6439/6421/3684 6342/6550/3658
f 6344/6562/3665 6439/6421/3684 6343/6561/3648
f 6345/6563/3648 6439/6421/3684 6344/6562/3665
f 6421/6559/3661 6356/6564/3648 6357/6560/3648
f 6346/6565/3665 6439/6421/3684 6345/6563/3648
f 6347/6566/3665 6439/6421/3684 6346/6565/3665
f 6348/6567/3662 6439/6421/3684 6347/6566/3665
f 6421/6559/3661 6355/6568/3662 6356/6564/3648
f 6422/6569/3669 6355/6568/3662 6421/6559/3661
f 6349/6570/3662 6439/6421/3684 6348/6567/3662
f 6350/6571/3648 6439/6421/3684 6349/6570/3662
f 6351/6572/3665 6439/6421/3684 6350/6571/3648
f 6422/6569/3669 6354/6573/3682 6355/6568/3662
f 6352/6574/3648 6439/6421/3684 6351/6572/3665
f 6353/6575/3654 6439/6421/3684 6352/6574/3648
f 6354/6573/3682 6439/6421/3684 6353/6575/3654
f 6422/6569/3669 6439/6421/3684 6354/6573/3682
f 6423/6576/3662 6439/6421/3684 6422/6569/3669
f 6423/6576/3662 6438/6577/3662 6439/6421/3684
f 6423/6576/3662 6437/6578/3661 6438/6577/3662
f 6424/6579/3689 6437/6578/3661 6423/6576/3662
f 6424/6579/3689 6436/6580/3665 6437/6578/3661
f 6424/6579/3689 6435/6581/3661 6436/6580/3665
f 6425/6582/3661 6435/6581/3661 6424/6579/3689
f 6425/6582/3661 6434/6583/3665 6435/6581/3661
f 6425/6582/3661 6433/6584/3662 6434/6583/3665
f 6425/6582/3661 6432/6585/3648 6433/6584/3662
f 6426/6586/3669 6432/6585/3648 6425/6582/3661
f 6426/6586/3669 6431/6587/3648 6432/6585/3648
f 6426/6586/3669 6430/6588/3648 6431/6587/3648
f 6426/6586/3669 6429/6589/3691 6430/6588/3648
f 6427/6590/3648 6429/6589/3691 6426/6586/3669
f 6427/6590/3648 6428/6591/3648 6429/6589/3691
f 6445/6415/3692 6444/6417/3693 6443/6416/3693
f 6445/6415/3692 6443/6416/3693 6442/6418/3694
f 6442/6418/3694 6441/6420/3695 6440/6419/3696
f 6442/6418/3694 6440/6419/3696 6446/6421/3697
f 6445/6415/3692 6442/6418/3694 6446/6421/3697
f 6449/6422/3698 6448/6424/3693 6457/6423/3693
f 6457/6423/3693 6448/6424/3693 6447/6419/3699
f 6457/6423/3693 6447/6419/3699 6458/6421/3700
f 6449/6422/3698 6457/6423/3693 6456/6425/3694
f 6449/6422/3698 6456/6425/3694 6453/6426/3701
f 6453/6426/3701 6456/6425/3694 6455/6427/3693
f 6453/6426/3701 6455/6427/3693 6454/6428/3702
f 6449/6422/3698 6453/6426/3701 6452/6429/3693
f 6449/6422/3698 6452/6429/3693 6451/6430/3702
f 6449/6422/3698 6451/6430/3702 6450/6431/3702
f 6464/6432/3703 6463/6433/3704 6462/6418/3695
f 6464/6432/3703 6462/6418/3695 6466/6434/3692
f 6466/6434/3692 6462/6418/3695 6461/6435/3693
f 6461/6435/3693 6460/6436/3692 6459/6419/3692
f 6461/6435/3693 6459/6419/3692 6468/6421/3693
f 6464/6432/3703 6466/6434/3692 6465/6417/3697
f 6467/6437/3698 6466/6434/3692 6461/6435/3693
f 6467/6437/3698 6461/6435/3693 6468/6421/3693
f 6471/6422/3693 6470/6424/3693 6479/6423/3693
f 6479/6423/3693 6470/6424/3693 6469/6419/3702
f 6479/6423/3693 6469/6419/3702 6480/6421/3702
f 6471/6422/3693 6479/6423/3693 6478/6425/3693
f 6471/6422/3693 6478/6425/3693 6475/6426/3692
f 6475/6426/3692 6478/6425/3693 6477/6427/3705
f 6475/6426/3692 6477/6427/3705 6476/6428/3706
f 6471/6422/3693 6475/6426/3692 6474/6429/3698
f 6471/6422/3693 6474/6429/3698 6473/6430/3702
f 6471/6422/3693 6473/6430/3702 6472/6431/3702
f 6484/6438/3707 6483/6440/3701 6482/6439/3705
f 6484/6438/3707 6482/6439/3705 6481/6419/3699
f 6481/6419/3699 6489/6421/3708 6488/6441/3693
f 6481/6419/3699 6488/6441/3693 6487/6442/3694
f 6484/6438/3707 6481/6419/3699 6487/6442/3694
f 6485/6416/3698 6484/6438/3707 6487/6442/3694
f 6485/6416/3698 6487/6442/3694 6486/6443/3701
f 6491/6444/3695 6490/6419/3693 6519/6445/3693
f 6519/6445/3693 6490/6419/3693 6518/6446/3709
f 6519/6445/3693 6518/6446/3709 6517/6447/3701
f 6519/6445/3693 6517/6447/3701 6516/6448/3706
f 6519/6445/3693 6516/6448/3706 6515/6429/3702
f 6519/6445/3693 6515/6429/3702 6514/6449/3710
f 6519/6445/3693 6514/6449/3710 6513/6450/3694
f 6519/6445/3693 6513/6450/3694 6512/6451/3699
f 6519/6445/3693 6512/6451/3699 6511/6452/3693
f 6519/6445/3693 6511/6452/3693 6520/6426/3694
f 6520/6426/3694 6511/6452/3693 6510/6430/3699
f 6491/6444/3695 6519/6445/3693 6545/6421/3711
f 6521/6453/3693 6520/6426/3694 6510/6430/3699
f 6522/6454/3712 6521/6453/3693 6510/6430/3699
f 6523/6455/3713 6522/6454/3712 6510/6430/3699
f 6523/6455/3713 6510/6430/3699 6509/6456/3714
f 6524/6457/3693 6523/6455/3713 6509/6456/3714
f 6525/6428/3694 6524/6457/3693 6509/6456/3714
f 6526/6458/3702 6525/6428/3694 6509/6456/3714
f 6526/6458/3702 6509/6456/3714 6508/6459/3700
f 6527/6460/3715 6526/6458/3702 6508/6459/3700
f 6528/6461/3694 6527/6460/3715 6508/6459/3700
f 6529/6462/3709 6528/6461/3694 6508/6459/3700
f 6529/6462/3709 6508/6459/3700 6507/6463/3716
f 6530/6427/3693 6529/6462/3709 6507/6463/3716
f 6531/6464/3714 6530/6427/3693 6507/6463/3716
f 6531/6464/3714 6507/6463/3716 6506/6465/3717
f 6532/6466/3699 6531/6464/3714 6506/6465/3717
f 6533/6467/3718 6532/6466/3699 6506/6465/3717
f 6533/6467/3718 6506/6465/3717 6505/6431/3707
f 6534/6468/3719 6533/6467/3718 6505/6431/3707
f 6534/6468/3719 6505/6431/3707 6504/6469/3718
f 6535/6425/3694 6534/6468/3719 6504/6469/3718
f 6536/6470/3720 6535/6425/3694 6504/6469/3718
f 6536/6470/3720 6504/6469/3718 6503/6471/3694
f 6537/6472/3721 6536/6470/3720 6503/6471/3694
f 6538/6473/3722 6537/6472/3721 6503/6471/3694
f 6538/6473/3722 6503/6471/3694 6502/6474/3694
f 6539/6475/3702 6538/6473/3722 6502/6474/3694
f 6540/6423/3693 6539/6475/3702 6502/6474/3694
f 6541/6476/3693 6540/6423/3693 6502/6474/3694
f 6542/6477/3723 6541/6476/3693 6502/6474/3694
f 6542/6477/3723 6502/6474/3694 6501/6478/3724
f 6543/6479/3694 6542/6477/3723 6501/6478/3724
f 6544/6480/3694 6543/6479/3694 6501/6478/3724
f 6491/6444/3695 6545/6421/3711 6493/6481/3725
f 6493/6481/3725 6545/6421/3711 6544/6480/3694
f 6493/6481/3725 6544/6480/3694 6501/6478/3724
f 6493/6481/3725 6501/6478/3724 6500/6422/3693
f 6493/6481/3725 6500/6422/3693 6499/6482/3693
f 6493/6481/3725 6499/6482/3693 6498/6483/3693
f 6493/6481/3725 6498/6483/3693 6497/6484/3694
f 6493/6481/3725 6497/6484/3694 6496/6485/3694
f 6493/6481/3725 6496/6485/3694 6495/6424/3693
f 6493/6481/3725 6495/6424/3693 6494/6486/3693
f 6491/6444/3695 6493/6481/3725 6492/6487/3704
f 6548/6478/3705 6547/6488/3692 6546/6419/3693
f 6548/6478/3705 6546/6419/3693 6554/6468/3693
f 6554/6468/3693 6546/6419/3693 6553/6489/3701
f 6548/6478/3705 6554/6468/3693 6556/6421/3693
f 6555/6490/3701 6554/6468/3693 6553/6489/3701
f 6548/6478/3705 6556/6421/3693 6550/6451/3692
f 6550/6451/3692 6556/6421/3693 6555/6490/3701
f 6550/6451/3692 6555/6490/3701 6551/6416/3715
f 6551/6416/3715 6555/6490/3701 6553/6489/3701
f 6548/6478/3705 6550/6451/3692 6549/6491/3696
f 6552/6455/3701 6551/6416/3715 6553/6489/3701
f 6623/6492/3717 6622/6494/3693 6621/6493/3694
f 6623/6492/3717 6621/6493/3694 6620/6495/3693
f 6623/6492/3717 6620/6495/3693 6619/6496/3726
f 6623/6492/3717 6619/6496/3726 6618/6497/3694
f 6624/6498/3717 6623/6492/3717 6618/6497/3694
f 6624/6498/3717 6618/6497/3694 6617/6499/3693
f 6624/6498/3717 6617/6499/3693 6616/6500/3727
f 6624/6498/3717 6616/6500/3727 6615/6501/3693
f 6625/6502/3699 6624/6498/3717 6615/6501/3693
f 6625/6502/3699 6615/6501/3693 6614/6503/3693
f 6625/6502/3699 6614/6503/3693 6613/6504/3694
f 6626/6505/3702 6625/6502/3699 6613/6504/3694
f 6626/6505/3702 6613/6504/3694 6612/6506/3702
f 6626/6505/3702 6612/6506/3702 6611/6507/3694
f 6627/6508/3693 6626/6505/3702 6611/6507/3694
f 6627/6508/3693 6611/6507/3694 6610/6509/3724
f 6627/6508/3693 6610/6509/3724 6599/6510/3713
f 6599/6510/3713 6610/6509/3724 6600/6511/3693
f 6600/6511/3693 6610/6509/3724 6601/6512/3695
f 6601/6512/3695 6610/6509/3724 6602/6513/3702
f 6602/6513/3702 6610/6509/3724 6603/6514/3693
f 6603/6514/3693 6610/6509/3724 6604/6515/3719
f 6604/6515/3719 6610/6509/3724 6605/6516/3712
f 6605/6516/3712 6610/6509/3724 6606/6517/3728
f 6606/6517/3728 6610/6509/3724 6607/6518/3729
f 6607/6518/3729 6610/6509/3724 6608/6519/3730
f 6608/6519/3730 6610/6509/3724 6609/6520/3708
f 6628/6521/3731 6627/6508/3693 6597/6522/3693
f 6597/6522/3693 6627/6508/3693 6598/6523/3693
f 6598/6523/3693 6627/6508/3693 6599/6510/3713
f 6628/6521/3731 6597/6522/3693 6596/6524/3693
f 6628/6521/3731 6596/6524/3693 6595/6525/3732
f 6628/6521/3731 6595/6525/3732 6594/6526/3712
f 6629/6527/3707 6628/6521/3731 6594/6526/3712
f 6629/6527/3707 6594/6526/3712 6593/6528/3693
f 6629/6527/3707 6593/6528/3693 6592/6529/3717
f 6630/6530/3725 6629/6527/3707 6592/6529/3717
f 6630/6530/3725 6592/6529/3717 6591/6531/3699
f 6630/6530/3725 6591/6531/3699 6590/6532/3712
f 6631/6533/3733 6630/6530/3725 6590/6532/3712
f 6631/6533/3733 6590/6532/3712 6589/6534/3725
f 6632/6535/3693 6631/6533/3733 6589/6534/3725
f 6632/6535/3693 6589/6534/3725 6588/6536/3731
f 6632/6535/3693 6588/6536/3731 6587/6537/3699
f 6633/6538/3705 6632/6535/3693 6587/6537/3699
f 6633/6538/3705 6587/6537/3699 6586/6539/3693
f 6634/6540/3694 6633/6538/3705 6586/6539/3693
f 6634/6540/3694 6586/6539/3693 6585/6541/3699
f 6634/6540/3694 6585/6541/3699 6584/6542/3693
f 6635/6543/3734 6634/6540/3694 6584/6542/3693
f 6559/6544/3731 6558/6545/3699 6557/6419/3735
f 6559/6544/3731 6557/6419/3735 6560/6546/3718
f 6560/6546/3718 6557/6419/3735 6658/6421/3707
f 6635/6543/3734 6584/6542/3693 6583/6547/3734
f 6636/6548/3694 6635/6543/3734 6583/6547/3734
f 6636/6548/3694 6583/6547/3734 6582/6549/3694
f 6561/6550/3693 6560/6546/3718 6658/6421/3707
f 6637/6551/3731 6636/6548/3694 6582/6549/3694
f 6637/6551/3731 6582/6549/3694 6581/6552/3736
f 6637/6551/3731 6581/6552/3736 6580/6553/3708
f 6638/6554/3694 6637/6551/3731 6580/6553/3708
f 6638/6554/3694 6580/6553/3708 6579/6555/3731
f 6639/6556/3708 6638/6554/3694 6579/6555/3731
f 6639/6556/3708 6579/6555/3731 6578/6557/3702
f 6639/6556/3708 6578/6557/3702 6577/6558/3713
f 6640/6559/3719 6639/6556/3708 6577/6558/3713
f 6640/6559/3719 6577/6558/3713 6576/6560/3702
f 6562/6561/3693 6561/6550/3693 6658/6421/3707
f 6563/6562/3693 6562/6561/3693 6658/6421/3707
f 6564/6563/3702 6563/6562/3693 6658/6421/3707
f 6640/6559/3719 6576/6560/3702 6575/6564/3694
f 6565/6565/3702 6564/6563/3702 6658/6421/3707
f 6566/6566/3693 6565/6565/3702 6658/6421/3707
f 6567/6567/3693 6566/6566/3693 6658/6421/3707
f 6640/6559/3719 6575/6564/3694 6574/6568/3693
f 6641/6569/3694 6640/6559/3719 6574/6568/3693
f 6568/6570/3702 6567/6567/3693 6658/6421/3707
f 6569/6571/3693 6568/6570/3702 6658/6421/3707
f 6570/6572/3693 6569/6571/3693 6658/6421/3707
f 6641/6569/3694 6574/6568/3693 6573/6573/3694
f 6571/6574/3708 6570/6572/3693 6658/6421/3707
f 6572/6575/3693 6571/6574/3708 6658/6421/3707
f 6573/6573/3694 6572/6575/3693 6658/6421/3707
f 6641/6569/3694 6573/6573/3694 6658/6421/3707
f 6642/6576/3712 6641/6569/3694 6658/6421/3707
f 6642/6576/3712 6658/6421/3707 6657/6577/3694
f 6642/6576/3712 6657/6577/3694 6656/6578/3731
f 6643/6579/3712 6642/6576/3712 6656/6578/3731
f 6643/6579/3712 6656/6578/3731 6655/6580/3693
f 6643/6579/3712 6655/6580/3693 6654/6581/3731
f 6644/6582/3731 6643/6579/3712 6654/6581/3731
f 6644/6582/3731 6654/6581/3731 6653/6583/3712
f 6644/6582/3731 6653/6583/3712 6652/6584/3694
f 6644/6582/3731 6652/6584/3694 6651/6585/3702
f 6645/6586/3693 6644/6582/3731 6651/6585/3702
f 6645/6586/3693 6651/6585/3702 6650/6587/3693
f 6645/6586/3693 6650/6587/3693 6649/6588/3693
f 6645/6586/3693 6649/6588/3693 6648/6589/3693
f 6646/6590/3693 6645/6586/3693 6648/6589/3693
f 6646/6590/3693 6648/6589/3693 6647/6591/3693
f 6226/6415/3737 6225/6417/3737 6444/6417/3737 6445/6415/3737
f 6225/6417/3738 6224/6416/3738 6443/6416/3738 6444/6417/3738
f 6224/6416/3739 6223/6418/3739 6442/6418/3739 6443/6416/3739
f 6223/6418/3740 6222/6420/3740 6441/6420/3740 6442/6418/3740
f 6222/6420/3738 6221/6419/3738 6440/6419/3738 6441/6420/3738
f 6221/6419/3741 6227/6421/3741 6446/6421/3741 6440/6419/3741
f 6227/6421/3742 6226/6415/3742 6445/6415/3742 6446/6421/3742
f 6230/6422/3743 6229/6424/3743 6448/6424/3743 6449/6422/3743
f 6229/6424/3738 6228/6419/3738 6447/6419/3738 6448/6424/3738
f 6239/6421/3742 6238/6423/3742 6457/6423/3742 6458/6421/3742
f 6228/6419/3744 6239/6421/3744 6458/6421/3744 6447/6419/3744
f 6238/6423/3744 6237/6425/3744 6456/6425/3744 6457/6423/3744
f 6237/6425/3738 6236/6427/3738 6455/6427/3738 6456/6425/3738
f 6235/6428/3745 6234/6426/3745 6453/6426/3745 6454/6428/3745
f 6236/6427/3744 6235/6428/3744 6454/6428/3744 6455/6427/3744
f 6234/6426/3744 6233/6429/3744 6452/6429/3744 6453/6426/3744
f 6233/6429/3738 6232/6430/3738 6451/6430/3738 6452/6429/3738
f 6231/6431/3742 6230/6422/3742 6449/6422/3742 6450/6431/3742
f 6232/6430/3746 6231/6431/3746 6450/6431/3746 6451/6430/3746
f 6245/6432/3743 6244/6433/3743 6463/6433/3743 6464/6432/3743
f 6244/6433/3738 6243/6418/3738 6462/6418/3738 6463/6433/3738
f 6243/6418/3747 6242/6435/3747 6461/6435/3747 6462/6418/3747
f 6242/6435/3748 6241/6436/3748 6460/6436/3748 6461/6435/3748
f 6241/6436/3738 6240/6419/3738 6459/6419/3738 6460/6436/3738
f 6240/6419/3744 6249/6421/3744 6468/6421/3744 6459/6419/3744
f 6246/6417/3742 6245/6432/3742 6464/6432/3742 6465/6417/3742
f 6247/6434/3749 6246/6417/3749 6465/6417/3749 6466/6434/3749
f 6248/6437/3750 6247/6434/3750 6466/6434/3750 6467/6437/3750
f 6249/6421/3742 6248/6437/3742 6467/6437/3742 6468/6421/3742
f 6252/6422/3743 6251/6424/3743 6470/6424/3743 6471/6422/3743
f 6251/6424/3738 6250/6419/3738 6469/6419/3738 6470/6424/3738
f 6261/6421/3742 6260/6423/3742 6479/6423/3742 6480/6421/3742
f 6250/6419/3744 6261/6421/3744 6480/6421/3744 6469/6419/3744
f 6260/6423/3744 6259/6425/3744 6478/6425/3744 6479/6423/3744
f 6259/6425/3738 6258/6427/3738 6477/6427/3738 6478/6425/3738
f 6257/6428/3745 6256/6426/3745 6475/6426/3745 6476/6428/3745
f 6258/6427/3744 6257/6428/3744 6476/6428/3744 6477/6427/3744
f 6256/6426/3744 6255/6429/3744 6474/6429/3744 6475/6426/3744
f 6255/6429/3738 6254/6430/3738 6473/6430/3738 6474/6429/3738
f 6253/6431/3742 6252/6422/3742 6471/6422/3742 6472/6431/3742
f 6254/6430/3744 6253/6431/3744 6472/6431/3744 6473/6430/3744
f 6265/6438/3751 6264/6440/3751 6483/6440/3751 6484/6438/3751
f 6264/6440/3738 6263/6439/3738 6482/6439/3738 6483/6440/3738
f 6263/6439/3752 6262/6419/3752 6481/6419/3752 6482/6439/3752
f 6262/6419/3753 6270/6421/3753 6489/6421/3753 6481/6419/3753
f 6270/6421/3738 6269/6441/3738 6488/6441/3738 6489/6421/3738
f 6269/6441/3754 6268/6442/3754 6487/6442/3754 6488/6441/3754
f 6266/6416/3743 6265/6438/3743 6484/6438/3743 6485/6416/3743
f 6267/6443/3742 6266/6416/3742 6485/6416/3742 6486/6443/3742
f 6268/6442/3744 6267/6443/3744 6486/6443/3744 6487/6442/3744
f 6272/6444/3743 6271/6419/3743 6490/6419/3743 6491/6444/3743
f 6271/6419/3738 6299/6446/3738 6518/6446/3738 6490/6419/3738
f 6299/6446/3755 6298/6447/3755 6517/6447/3755 6518/6446/3755
f 6298/6447/3756 6297/6448/3756 6516/6448/3756 6517/6447/3756
f 6297/6448/3757 6296/6429/3757 6515/6429/3757 6516/6448/3757
f 6296/6429/3758 6295/6449/3758 6514/6449/3758 6515/6429/3758
f 6295/6449/3759 6294/6450/3759 6513/6450/3759 6514/6449/3759
f 6294/6450/3760 6293/6451/3760 6512/6451/3760 6513/6450/3760
f 6293/6451/3761 6292/6452/3761 6511/6452/3761 6512/6451/3761
f 6301/6426/3742 6300/6445/3742 6519/6445/3742 6520/6426/3742
f 6292/6452/3762 6291/6430/3762 6510/6430/3762 6511/6452/3762
f 6300/6445/3744 6326/6421/3744 6545/6421/3744 6519/6445/3744
f 6302/6453/3763 6301/6426/3763 6520/6426/3763 6521/6453/3763
f 6303/6454/3764 6302/6453/3764 6521/6453/3764 6522/6454/3764
f 6304/6455/3765 6303/6454/3765 6522/6454/3765 6523/6455/3765
f 6291/6430/3766 6290/6456/3766 6509/6456/3766 6510/6430/3766
f 6305/6457/3767 6304/6455/3767 6523/6455/3767 6524/6457/3767
f 6306/6428/3768 6305/6457/3768 6524/6457/3768 6525/6428/3768
f 6307/6458/3769 6306/6428/3769 6525/6428/3769 6526/6458/3769
f 6290/6456/3770 6289/6459/3770 6508/6459/3770 6509/6456/3770
f 6308/6460/3771 6307/6458/3771 6526/6458/3771 6527/6460/3771
f 6309/6461/3772 6308/6460/3772 6527/6460/3772 6528/6461/3772
f 6310/6462/3773 6309/6461/3773 6528/6461/3773 6529/6462/3773
f 6289/6459/3774 6288/6463/3774 6507/6463/3774 6508/6459/3774
f 6311/6427/3775 6310/6462/3775 6529/6462/3775 6530/6427/3775
f 6312/6464/3776 6311/6427/3776 6530/6427/3776 6531/6464/3776
f 6288/6463/3777 6287/6465/3777 6506/6465/3777 6507/6463/3777
f 6313/6466/3778 6312/6464/3778 6531/6464/3778 6532/6466/3778
f 6314/6467/3779 6313/6466/3779 6532/6466/3779 6533/6467/3779
f 6287/6465/3780 6286/6431/3780 6505/6431/3780 6506/6465/3780
f 6315/6468/3781 6314/6467/3781 6533/6467/3781 6534/6468/3781
f 6286/6431/3782 6285/6469/3782 6504/6469/3782 6505/6431/3782
f 6316/6425/3783 6315/6468/3783 6534/6468/3783 6535/6425/3783
f 6317/6470/3784 6316/6425/3784 6535/6425/3784 6536/6470/3784
f 6285/6469/3785 6284/6471/3785 6503/6471/3785 6504/6469/3785
f 6318/6472/3786 6317/6470/3786 6536/6470/3786 6537/6472/3786
f 6319/6473/3787 6318/6472/3787 6537/6472/3787 6538/6473/3787
f 6284/6471/3788 6283/6474/3788 6502/6474/3788 6503/6471/3788
f 6320/6475/3789 6319/6473/3789 6538/6473/3789 6539/6475/3789
f 6321/6423/3790 6320/6475/3790 6539/6475/3790 6540/6423/3790
f 6322/6476/3791 6321/6423/3791 6540/6423/3791 6541/6476/3791
f 6323/6477/3792 6322/6476/3792 6541/6476/3792 6542/6477/3792
f 6283/6474/3793 6282/6478/3793 6501/6478/3793 6502/6474/3793
f 6324/6479/3794 6323/6477/3794 6542/6477/3794 6543/6479/3794
f 6325/6480/3795 6324/6479/3795 6543/6479/3795 6544/6480/3795
f 6326/6421/3738 6325/6480/3738 6544/6480/3738 6545/6421/3738
f 6282/6478/3796 6281/6422/3796 6500/6422/3796 6501/6478/3796
f 6281/6422/3797 6280/6482/3797 6499/6482/3797 6500/6422/3797
f 6280/6482/3798 6279/6483/3798 6498/6483/3798 6499/6482/3798
f 6279/6483/3799 6278/6484/3799 6497/6484/3799 6498/6483/3799
f 6278/6484/3800 6277/6485/3800 6496/6485/3800 6497/6484/3800
f 6277/6485/3801 6276/6424/3801 6495/6424/3801 6496/6485/3801
f 6275/6486/3742 6274/6481/3742 6493/6481/3742 6494/6486/3742
f 6276/6424/3802 6275/6486/3802 6494/6486/3802 6495/6424/3802
f 6273/6487/3742 6272/6444/3742 6491/6444/3742 6492/6487/3742
f 6274/6481/3749 6273/6487/3749 6492/6487/3749 6493/6481/3749
f 6329/6478/3803 6328/6488/3803 6547/6488/3803 6548/6478/3803
f 6328/6488/3738 6327/6419/3738 6546/6419/3738 6547/6488/3738
f 6327/6419/3804 6334/6489/3804 6553/6489/3804 6546/6419/3804
f 6335/6468/3805 6337/6421/3805 6556/6421/3805 6554/6468/3805
f 6336/6490/3806 6335/6468/3806 6554/6468/3806 6555/6490/3806
f 6337/6421/3738 6336/6490/3738 6555/6490/3738 6556/6421/3738
f 6332/6416/3742 6331/6451/3742 6550/6451/3742 6551/6416/3742
f 6330/6491/3742 6329/6478/3742 6548/6478/3742 6549/6491/3742
f 6331/6451/3807 6330/6491/3807 6549/6491/3807 6550/6451/3807
f 6333/6455/3808 6332/6416/3808 6551/6416/3808 6552/6455/3808
f 6334/6489/3742 6333/6455/3742 6552/6455/3742 6553/6489/3742
f 6404/6492/3809 6403/6494/3809 6622/6494/3809 6623/6492/3809
f 6403/6494/3810 6402/6493/3810 6621/6493/3810 6622/6494/3810
f 6402/6493/3811 6401/6495/3811 6620/6495/3811 6621/6493/3811
f 6401/6495/3812 6400/6496/3812 6619/6496/3812 6620/6495/3812
f 6400/6496/3813 6399/6497/3813 6618/6497/3813 6619/6496/3813
f 6405/6498/3814 6404/6492/3814 6623/6492/3814 6624/6498/3814
f 6399/6497/3815 6398/6499/3815 6617/6499/3815 6618/6497/3815
f 6398/6499/3816 6397/6500/3816 6616/6500/3816 6617/6499/3816
f 6397/6500/3817 6396/6501/3817 6615/6501/3817 6616/6500/3817
f 6406/6502/3818 6405/6498/3818 6624/6498/3818 6625/6502/3818
f 6396/6501/3819 6395/6503/3819 6614/6503/3819 6615/6501/3819
f 6395/6503/3820 6394/6504/3820 6613/6504/3820 6614/6503/3820
f 6407/6505/3821 6406/6502/3821 6625/6502/3821 6626/6505/3821
f 6394/6504/3822 6393/6506/3822 6612/6506/3822 6613/6504/3822
f 6393/6506/3823 6392/6507/3823 6611/6507/3823 6612/6506/3823
f 6408/6508/3824 6407/6505/3824 6626/6505/3824 6627/6508/3824
f 6392/6507/3825 6391/6509/3825 6610/6509/3825 6611/6507/3825
f 6381/6511/3826 6380/6510/3826 6599/6510/3826 6600/6511/3826
f 6382/6512/3827 6381/6511/3827 6600/6511/3827 6601/6512/3827
f 6383/6513/3828 6382/6512/3828 6601/6512/3828 6602/6513/3828
f 6384/6514/3829 6383/6513/3829 6602/6513/3829 6603/6514/3829
f 6385/6515/3830 6384/6514/3830 6603/6514/3830 6604/6515/3830
f 6386/6516/3831 6385/6515/3831 6604/6515/3831 6605/6516/3831
f 6387/6517/3832 6386/6516/3832 6605/6516/3832 6606/6517/3832
f 6388/6518/3833 6387/6517/3833 6606/6517/3833 6607/6518/3833
f 6389/6519/3834 6388/6518/3834 6607/6518/3834 6608/6519/3834
f 6390/6520/3835 6389/6519/3835 6608/6519/3835 6609/6520/3835
f 6391/6509/3744 6390/6520/3744 6609/6520/3744 6610/6509/3744
f 6409/6521/3836 6408/6508/3836 6627/6508/3836 6628/6521/3836
f 6379/6523/3837 6378/6522/3837 6597/6522/3837 6598/6523/3837
f 6380/6510/3838 6379/6523/3838 6598/6523/3838 6599/6510/3838
f 6378/6522/3839 6377/6524/3839 6596/6524/3839 6597/6522/3839
f 6377/6524/3840 6376/6525/3840 6595/6525/3840 6596/6524/3840
f 6376/6525/3841 6375/6526/3841 6594/6526/3841 6595/6525/3841
f 6410/6527/3842 6409/6521/3842 6628/6521/3842 6629/6527/3842
f 6375/6526/3843 6374/6528/3843 6593/6528/3843 6594/6526/3843
f 6374/6528/3844 6373/6529/3844 6592/6529/3844 6593/6528/3844
f 6411/6530/3845 6410/6527/3845 6629/6527/3845 6630/6530/3845
f 6373/6529/3846 6372/6531/3846 6591/6531/3846 6592/6529/3846
f 6372/6531/3847 6371/6532/3847 6590/6532/3847 6591/6531/3847
f 6412/6533/3848 6411/6530/3848 6630/6530/3848 6631/6533/3848
f 6371/6532/3849 6370/6534/3849 6589/6534/3849 6590/6532/3849
f 6413/6535/3850 6412/6533/3850 6631/6533/3850 6632/6535/3850
f 6370/6534/3851 6369/6536/3851 6588/6536/3851 6589/6534/3851
f 6369/6536/3852 6368/6537/3852 6587/6537/3852 6588/6536/3852
f 6414/6538/3853 6413/6535/3853 6632/6535/3853 6633/6538/3853
f 6368/6537/3854 6367/6539/3854 6586/6539/3854 6587/6537/3854
f 6415/6540/3855 6414/6538/3855 6633/6538/3855 6634/6540/3855
f 6367/6539/3856 6366/6541/3856 6585/6541/3856 6586/6539/3856
f 6366/6541/3857 6365/6542/3857 6584/6542/3857 6585/6541/3857
f 6416/6543/3858 6415/6540/3858 6634/6540/3858 6635/6543/3858
f 6340/6544/3743 6339/6545/3743 6558/6545/3743 6559/6544/3743
f 6339/6545/3738 6338/6419/3738 6557/6419/3738 6558/6545/3738
f 6341/6546/3742 6340/6544/3742 6559/6544/3742 6560/6546/3742
f 6338/6419/3859 6439/6421/3859 6658/6421/3859 6557/6419/3859
f 6365/6542/3860 6364/6547/3860 6583/6547/3860 6584/6542/3860
f 6417/6548/3861 6416/6543/3861 6635/6543/3861 6636/6548/3861
f 6364/6547/3862 6363/6549/3862 6582/6549/3862 6583/6547/3862
f 6342/6550/3863 6341/6546/3863 6560/6546/3863 6561/6550/3863
f 6418/6551/3864 6417/6548/3864 6636/6548/3864 6637/6551/3864
f 6363/6549/3865 6362/6552/3865 6581/6552/3865 6582/6549/3865
f 6362/6552/3866 6361/6553/3866 6580/6553/3866 6581/6552/3866
f 6419/6554/3867 6418/6551/3867 6637/6551/3867 6638/6554/3867
f 6361/6553/3868 6360/6555/3868 6579/6555/3868 6580/6553/3868
f 6420/6556/3869 6419/6554/3869 6638/6554/3869 6639/6556/3869
f 6360/6555/3870 6359/6557/3870 6578/6557/3870 6579/6555/3870
f 6359/6557/3871 6358/6558/3871 6577/6558/3871 6578/6557/3871
f 6421/6559/3872 6420/6556/3872 6639/6556/3872 6640/6559/3872
f 6358/6558/3873 6357/6560/3873 6576/6560/3873 6577/6558/3873
f 6343/6561/3874 6342/6550/3875 6561/6550/3875 6562/6561/3874
f 6344/6562/3876 6343/6561/3874 6562/6561/3874 6563/6562/3876
f 6345/6563/3877 6344/6562/3878 6563/6562/3877 6564/6563/3878
f 6357/6560/3879 6356/6564/3879 6575/6564/3879 6576/6560/3879
f 6346/6565/3880 6345/6563/3880 6564/6563/3880 6565/6565/3880
f 6347/6566/3881 6346/6565/3881 6565/6565/3881 6566/6566/3881
f 6348/6567/3882 6347/6566/3882 6566/6566/3882 6567/6567/3882
f 6356/6564/3883 6355/6568/3883 6574/6568/3883 6575/6564/3883
f 6422/6569/3884 6421/6559/3884 6640/6559/3884 6641/6569/3884
f 6349/6570/3885 6348/6567/3885 6567/6567/3885 6568/6570/3885
f 6350/6571/3886 6349/6570/3886 6568/6570/3886 6569/6571/3886
f 6351/6572/3887 6350/6571/3887 6569/6571/3887 6570/6572/3887
f 6355/6568/3888 6354/6573/3888 6573/6573/3888 6574/6568/3888
f 6352/6574/3889 6351/6572/3889 6570/6572/3889 6571/6574/3889
f 6353/6575/3890 6352/6574/3890 6571/6574/3890 6572/6575/3890
f 6354/6573/3891 6353/6575/3891 6572/6575/3891 6573/6573/3891
f 6423/6576/3892 6422/6569/3892 6641/6569/3892 6642/6576/3892
f 6439/6421/3893 6438/6577/3893 6657/6577/3893 6658/6421/3893
f 6438/6577/3894 6437/6578/3894 6656/6578/3894 6657/6577/3894
f 6424/6579/3895 6423/6576/3895 6642/6576/3895 6643/6579/3895
f 6437/6578/3896 6436/6580/3896 6655/6580/3896 6656/6578/3896
f 6436/6580/3897 6435/6581/3897 6654/6581/3897 6655/6580/3897
f 6425/6582/3898 6424/6579/3898 6643/6579/3898 6644/6582/3898
f 6435/6581/3899 6434/6583/3899 6653/6583/3899 6654/6581/3899
f 6434/6583/3900 6433/6584/3900 6652/6584/3900 6653/6583/3900
f 6433/6584/3901 6432/6585/3901 6651/6585/3901 6652/6584/3901
f 6426/6586/3902 6425/6582/3902 6644/6582/3902 6645/6586/3902
f 6432/6585/3903 6431/6587/3903 6650/6587/3903 6651/6585/3903
f 6431/6587/3904 6430/6588/3904 6649/6588/3904 6650/6587/3904
f 6430/6588/3905 6429/6589/3905 6648/6589/3905 6649/6588/3905
f 6427/6590/3906 6426/6586/3906 6645/6586/3906 6646/6590/3906
f 6428/6591/3907 6427/6590/3907 6646/6590/3907 6647/6591/3907
f 6429/6589/3908 6428/6591/3908 6647/6591/3908 6648/6589/3908
